[debug] [2026-01-08T21:23:34.652Z] ----------------------------------------------------------------------
[debug] [2026-01-08T21:23:34.656Z] Command:       C:\nvm4w\nodejs\node.exe C:\Users\rodri\AppData\Roaming\npm\node_modules\firebase-tools\lib\bin\firebase.js deploy
[debug] [2026-01-08T21:23:34.657Z] CLI Version:   13.34.0
[debug] [2026-01-08T21:23:34.657Z] Platform:      win32
[debug] [2026-01-08T21:23:34.657Z] Node Version:  v20.12.2
[debug] [2026-01-08T21:23:34.657Z] Time:          Thu Jan 08 2026 15:23:34 GMT-0600 (hora estándar central)
[debug] [2026-01-08T21:23:34.658Z] ----------------------------------------------------------------------
[debug] 
[debug] [2026-01-08T21:23:34.986Z] > command requires scopes: ["email","openid","https://www.googleapis.com/auth/cloudplatformprojects.readonly","https://www.googleapis.com/auth/firebase","https://www.googleapis.com/auth/cloud-platform"]
[debug] [2026-01-08T21:23:34.987Z] > authorizing via signed-in user (revelacionesdecaroweb@gmail.com)
[debug] [2026-01-08T21:23:34.987Z] [iam] checking project blog-ca662 for permissions ["datastore.indexes.create","datastore.indexes.delete","datastore.indexes.list","datastore.indexes.update","firebase.projects.get","firebasehosting.sites.update","firebaserules.releases.create","firebaserules.releases.update","firebaserules.rulesets.create"]
[debug] [2026-01-08T21:23:34.989Z] Checked if tokens are valid: true, expires at: 1767910446517
[debug] [2026-01-08T21:23:34.989Z] Checked if tokens are valid: true, expires at: 1767910446517
[debug] [2026-01-08T21:23:34.990Z] >>> [apiv2][query] POST https://cloudresourcemanager.googleapis.com/v1/projects/blog-ca662:testIamPermissions [none]
[debug] [2026-01-08T21:23:34.991Z] >>> [apiv2][(partial)header] POST https://cloudresourcemanager.googleapis.com/v1/projects/blog-ca662:testIamPermissions x-goog-quota-user=projects/blog-ca662
[debug] [2026-01-08T21:23:34.991Z] >>> [apiv2][body] POST https://cloudresourcemanager.googleapis.com/v1/projects/blog-ca662:testIamPermissions {"permissions":["datastore.indexes.create","datastore.indexes.delete","datastore.indexes.list","datastore.indexes.update","firebase.projects.get","firebasehosting.sites.update","firebaserules.releases.create","firebaserules.releases.update","firebaserules.rulesets.create"]}
[debug] [2026-01-08T21:23:35.418Z] <<< [apiv2][status] POST https://cloudresourcemanager.googleapis.com/v1/projects/blog-ca662:testIamPermissions 200
[debug] [2026-01-08T21:23:35.419Z] <<< [apiv2][body] POST https://cloudresourcemanager.googleapis.com/v1/projects/blog-ca662:testIamPermissions {"permissions":["datastore.indexes.create","datastore.indexes.delete","datastore.indexes.list","datastore.indexes.update","firebase.projects.get","firebasehosting.sites.update","firebaserules.releases.create","firebaserules.releases.update","firebaserules.rulesets.create"]}
[debug] [2026-01-08T21:23:35.420Z] Checked if tokens are valid: true, expires at: 1767910446517
[debug] [2026-01-08T21:23:35.420Z] Checked if tokens are valid: true, expires at: 1767910446517
[debug] [2026-01-08T21:23:35.420Z] >>> [apiv2][query] GET https://firebase.googleapis.com/v1beta1/projects/blog-ca662 [none]
[debug] [2026-01-08T21:23:35.881Z] <<< [apiv2][status] GET https://firebase.googleapis.com/v1beta1/projects/blog-ca662 200
[debug] [2026-01-08T21:23:35.881Z] <<< [apiv2][body] GET https://firebase.googleapis.com/v1beta1/projects/blog-ca662 {"projectId":"blog-ca662","projectNumber":"284614412812","displayName":"blog","name":"projects/blog-ca662","resources":{"hostingSite":"blog-ca662","locationId":"us-central"},"state":"ACTIVE","etag":"1_8fee3b47-4e60-4f8b-bf6a-c3efe9b505a6"}
[debug] [2026-01-08T21:23:42.132Z] Checked if tokens are valid: true, expires at: 1767910446517
[debug] [2026-01-08T21:23:42.132Z] Checked if tokens are valid: true, expires at: 1767910446517
[debug] [2026-01-08T21:23:42.133Z] >>> [apiv2][query] GET https://firebasehosting.googleapis.com/v1beta1/projects/blog-ca662/sites pageToken=&pageSize=10
[debug] [2026-01-08T21:23:42.761Z] <<< [apiv2][status] GET https://firebasehosting.googleapis.com/v1beta1/projects/blog-ca662/sites 200
[debug] [2026-01-08T21:23:42.761Z] <<< [apiv2][body] GET https://firebasehosting.googleapis.com/v1beta1/projects/blog-ca662/sites {"sites":[{"name":"projects/blog-ca662/sites/blog-ca662","defaultUrl":"https://blog-ca662.web.app","appId":"1:284614412812:web:1c1ccb42f7e0870875fc29","type":"DEFAULT_SITE"}]}
[debug] [2026-01-08T21:23:42.761Z] Checked if tokens are valid: true, expires at: 1767910446517
[debug] [2026-01-08T21:23:42.761Z] Checked if tokens are valid: true, expires at: 1767910446517
[debug] [2026-01-08T21:23:42.762Z] >>> [apiv2][query] GET https://firebase.googleapis.com/v1beta1/projects/-/webApps/1:284614412812:web:1c1ccb42f7e0870875fc29/config [none]
[debug] [2026-01-08T21:23:43.378Z] <<< [apiv2][status] GET https://firebase.googleapis.com/v1beta1/projects/-/webApps/1:284614412812:web:1c1ccb42f7e0870875fc29/config 200
[debug] [2026-01-08T21:23:43.378Z] <<< [apiv2][body] GET https://firebase.googleapis.com/v1beta1/projects/-/webApps/1:284614412812:web:1c1ccb42f7e0870875fc29/config {"projectId":"blog-ca662","appId":"1:284614412812:web:1c1ccb42f7e0870875fc29","storageBucket":"blog-ca662.appspot.com","locationId":"us-central","apiKey":"AIzaSyAvvbq7egmHbW1z6wy8N-0aNeKOUg1a0Q8","authDomain":"blog-ca662.firebaseapp.com","messagingSenderId":"284614412812","measurementId":"G-R62489Y36G","projectNumber":"284614412812","version":"2"}
[info] 
   Thank you for trying our early preview of Next.js support on Firebase Hosting.
   During the preview, support is best-effort and breaking changes can be expected. Proceed with caution.
   The integration is known to work with Next.js version 12 - 15.0. You may encounter errors.

   Documentation: https://firebase.google.com/docs/hosting/frameworks/nextjs
   File a bug: https://github.com/firebase/firebase-tools/issues/new?template=bug_report.md
   Submit a feature request: https://github.com/firebase/firebase-tools/issues/new?template=feature_request.md

   We'd love to learn from you. Express your interest in helping us shape the future of Firebase Hosting: https://goo.gle/41enW5X

[debug] [2026-01-08T21:23:55.180Z] Checked if tokens are valid: true, expires at: 1767910446517
[debug] [2026-01-08T21:23:55.180Z] Checked if tokens are valid: true, expires at: 1767910446517
[debug] [2026-01-08T21:23:55.180Z] >>> [apiv2][query] GET https://firebasehosting.googleapis.com/v1beta1/projects/blog-ca662/sites/blog-ca662 [none]
[debug] [2026-01-08T21:23:55.691Z] <<< [apiv2][status] GET https://firebasehosting.googleapis.com/v1beta1/projects/blog-ca662/sites/blog-ca662 200
[debug] [2026-01-08T21:23:55.691Z] <<< [apiv2][body] GET https://firebasehosting.googleapis.com/v1beta1/projects/blog-ca662/sites/blog-ca662 {"name":"projects/blog-ca662/sites/blog-ca662","defaultUrl":"https://blog-ca662.web.app","appId":"1:284614412812:web:1c1ccb42f7e0870875fc29","type":"DEFAULT_SITE"}
[info] ⚠ `images.domains` is deprecated in favor of `images.remotePatterns`. Please update next.config.js to protect your application from malicious users.

[info] ▲ Next.js 16.1.1 (Turbopack)

[info] 

[info]   Creating an optimized production build ...

[info] ✓ Compiled successfully in 52s

[info]   Running TypeScript ...

[info]   Collecting page data using 3 workers ...

[info] The Sanity Project ID is not set. Check your environment variables.

[info] The Sanity Project ID is not set. Check your environment variables.

[info] The Sanity Project ID is not set. Check your environment variables.

[info] The Sanity Project ID is not set. Check your environment variables.

[info] ⚠ Using edge runtime on a page currently disables static generation for that page

[info]   Generating static pages using 3 workers (0/7) ...

[info]   Generating static pages using 3 workers (1/7) 

[info]   Generating static pages using 3 workers (3/7) 

[info]   Generating static pages using 3 workers (5/7) 

[info] ✓ Generating static pages using 3 workers (7/7) in 493.1ms

[info]   Finalizing page optimization ...

[info] 

[info] Route (app)
┌ ○ /
├ ○ /_not-found
├ ƒ /api/hello
├ ƒ /archive
├ ○ /contacto
├ ƒ /post/[slug]
├ ○ /sobremi
└ ○ /studio/[[...index]]


[info] 
○  (Static)   prerendered as static content
ƒ  (Dynamic)  server-rendered on demand


[info] Building a Cloud Function to run this application. This is needed due to:
[info]  • use of fallback /studio/[[...index]]
[info]  • non-static component /(website)/post/[slug]/page
[info]  • non-static component /api/hello/route
[info] 
[debug] [2026-01-08T21:25:28.326Z] Checked if tokens are valid: true, expires at: 1767910446517
[debug] [2026-01-08T21:25:28.327Z] Checked if tokens are valid: true, expires at: 1767910446517
[debug] [2026-01-08T21:25:28.327Z] >>> [apiv2][query] GET https://firebasehosting.googleapis.com/v1beta1/projects/blog-ca662/sites/blog-ca662 [none]
[debug] [2026-01-08T21:25:29.181Z] <<< [apiv2][status] GET https://firebasehosting.googleapis.com/v1beta1/projects/blog-ca662/sites/blog-ca662 200
[debug] [2026-01-08T21:25:29.181Z] <<< [apiv2][body] GET https://firebasehosting.googleapis.com/v1beta1/projects/blog-ca662/sites/blog-ca662 {"name":"projects/blog-ca662/sites/blog-ca662","defaultUrl":"https://blog-ca662.web.app","appId":"1:284614412812:web:1c1ccb42f7e0870875fc29","type":"DEFAULT_SITE"}
[debug] [2026-01-08T21:26:13.610Z] [web frameworks] effective firebase.json:  {
  "hosting": [
    {
      "source": ".",
      "ignore": [
        "firebase.json",
        "**/.*",
        "**/node_modules/**"
      ],
      "frameworksBackend": {
        "region": "us-central1"
      },
      "site": "blog-ca662",
      "rewrites": [
        {
          "source": "**",
          "function": {
            "functionId": "ssrblogca662",
            "region": "us-central1",
            "pinTag": true
          }
        }
      ],
      "redirects": [],
      "headers": [
        {
          "source": "/_global-error",
          "headers": [
            {
              "key": "x-nextjs-stale-time",
              "value": "300"
            },
            {
              "key": "x-nextjs-prerender",
              "value": "1"
            },
            {
              "key": "x-next-cache-tags",
              "value": "_N_T_/layout,_N_T_/_global-error/layout,_N_T_/_global-error/page,_N_T_/_global-error"
            }
          ]
        },
        {
          "source": "/_not-found",
          "headers": [
            {
              "key": "x-nextjs-stale-time",
              "value": "300"
            },
            {
              "key": "x-nextjs-prerender",
              "value": "1"
            },
            {
              "key": "x-next-cache-tags",
              "value": "_N_T_/layout,_N_T_/_not-found/layout,_N_T_/_not-found/page,_N_T_/_not-found"
            }
          ]
        },
        {
          "source": "/favicon.ico",
          "headers": [
            {
              "key": "cache-control",
              "value": "public, max-age=0, must-revalidate"
            },
            {
              "key": "content-type",
              "value": "image/x-icon"
            },
            {
              "key": "x-next-cache-tags",
              "value": "_N_T_/layout,_N_T_/favicon.ico/layout,_N_T_/favicon.ico/route,_N_T_/favicon.ico"
            }
          ]
        },
        {
          "source": "**/*.[jt]s",
          "headers": [
            {
              "key": "Set-Cookie",
              "value": "__FIREBASE_DEFAULTS__=eyJjb25maWciOnsicHJvamVjdElkIjoiYmxvZy1jYTY2MiIsImFwcElkIjoiMToyODQ2MTQ0MTI4MTI6d2ViOjFjMWNjYjQyZjdlMDg3MDg3NWZjMjkiLCJzdG9yYWdlQnVja2V0IjoiYmxvZy1jYTY2Mi5hcHBzcG90LmNvbSIsImxvY2F0aW9uSWQiOiJ1cy1jZW50cmFsIiwiYXBpS2V5IjoiQUl6YVN5QXZ2YnE3ZWdtSGJXMXo2d3k4Ti0wYU5lS09VZzFhMFE4IiwiYXV0aERvbWFpbiI6ImJsb2ctY2E2NjIuZmlyZWJhc2VhcHAuY29tIiwibWVzc2FnaW5nU2VuZGVySWQiOiIyODQ2MTQ0MTI4MTIiLCJtZWFzdXJlbWVudElkIjoiRy1SNjI0ODlZMzZHIiwicHJvamVjdE51bWJlciI6IjI4NDYxNDQxMjgxMiIsInZlcnNpb24iOiIyIn0sIl9hdXRoVG9rZW5TeW5jVVJMIjoiL19fc2Vzc2lvbiJ9; SameSite=Strict; Expires=2027-12-04T08:06:13.610Z; Path=/;"
            }
          ]
        }
      ],
      "cleanUrls": true,
      "trailingSlash": false,
      "public": ".firebase\\blog-ca662\\hosting",
      "webFramework": "next_ssr"
    }
  ],
  "functions": [
    {
      "source": ".firebase\\blog-ca662\\functions",
      "codebase": "firebase-frameworks-blog-ca662"
    }
  ]
}
[debug] [2026-01-08T21:26:13.610Z] > command requires scopes: ["email","openid","https://www.googleapis.com/auth/cloudplatformprojects.readonly","https://www.googleapis.com/auth/firebase","https://www.googleapis.com/auth/cloud-platform"]
[debug] [2026-01-08T21:26:13.611Z] > authorizing via signed-in user (revelacionesdecaroweb@gmail.com)
[debug] [2026-01-08T21:26:13.611Z] [iam] checking project blog-ca662 for permissions ["cloudfunctions.functions.create","cloudfunctions.functions.delete","cloudfunctions.functions.get","cloudfunctions.functions.list","cloudfunctions.functions.update","cloudfunctions.operations.get","firebase.projects.get"]
[debug] [2026-01-08T21:26:13.611Z] Checked if tokens are valid: true, expires at: 1767910446517
[debug] [2026-01-08T21:26:13.611Z] Checked if tokens are valid: true, expires at: 1767910446517
[debug] [2026-01-08T21:26:13.611Z] >>> [apiv2][query] POST https://cloudresourcemanager.googleapis.com/v1/projects/blog-ca662:testIamPermissions [none]
[debug] [2026-01-08T21:26:13.611Z] >>> [apiv2][(partial)header] POST https://cloudresourcemanager.googleapis.com/v1/projects/blog-ca662:testIamPermissions x-goog-quota-user=projects/blog-ca662
[debug] [2026-01-08T21:26:13.612Z] >>> [apiv2][body] POST https://cloudresourcemanager.googleapis.com/v1/projects/blog-ca662:testIamPermissions {"permissions":["cloudfunctions.functions.create","cloudfunctions.functions.delete","cloudfunctions.functions.get","cloudfunctions.functions.list","cloudfunctions.functions.update","cloudfunctions.operations.get","firebase.projects.get"]}
[debug] [2026-01-08T21:26:14.155Z] <<< [apiv2][status] POST https://cloudresourcemanager.googleapis.com/v1/projects/blog-ca662:testIamPermissions 200
[debug] [2026-01-08T21:26:14.156Z] <<< [apiv2][body] POST https://cloudresourcemanager.googleapis.com/v1/projects/blog-ca662:testIamPermissions {"permissions":["cloudfunctions.functions.create","cloudfunctions.functions.delete","cloudfunctions.functions.get","cloudfunctions.functions.list","cloudfunctions.functions.update","cloudfunctions.operations.get","firebase.projects.get"]}
[info] 
[info] === Deploying to 'blog-ca662'...
[info] 
[info] i  deploying functions, storage, firestore, hosting 
[debug] [2026-01-08T21:26:14.159Z] Checked if tokens are valid: true, expires at: 1767910446517
[debug] [2026-01-08T21:26:14.159Z] Checked if tokens are valid: true, expires at: 1767910446517
[debug] [2026-01-08T21:26:14.159Z] >>> [apiv2][query] GET https://cloudresourcemanager.googleapis.com/v1/projects/blog-ca662 [none]
[debug] [2026-01-08T21:26:14.379Z] <<< [apiv2][status] GET https://cloudresourcemanager.googleapis.com/v1/projects/blog-ca662 200
[debug] [2026-01-08T21:26:14.379Z] <<< [apiv2][body] GET https://cloudresourcemanager.googleapis.com/v1/projects/blog-ca662 {"projectNumber":"284614412812","projectId":"blog-ca662","lifecycleState":"ACTIVE","name":"blog","labels":{"firebase":"enabled"},"createTime":"2023-10-30T19:50:24.822180Z"}
[info] i  functions: preparing codebase firebase-frameworks-blog-ca662 for deployment 
[info] i  functions: ensuring required API cloudfunctions.googleapis.com is enabled... 
[debug] [2026-01-08T21:26:14.381Z] Checked if tokens are valid: true, expires at: 1767910446517
[debug] [2026-01-08T21:26:14.381Z] Checked if tokens are valid: true, expires at: 1767910446517
[debug] [2026-01-08T21:26:14.381Z] Checked if tokens are valid: true, expires at: 1767910446517
[debug] [2026-01-08T21:26:14.381Z] Checked if tokens are valid: true, expires at: 1767910446517
[info] i  functions: ensuring required API cloudbuild.googleapis.com is enabled... 
[debug] [2026-01-08T21:26:14.381Z] Checked if tokens are valid: true, expires at: 1767910446517
[debug] [2026-01-08T21:26:14.382Z] Checked if tokens are valid: true, expires at: 1767910446517
[info] i  artifactregistry: ensuring required API artifactregistry.googleapis.com is enabled... 
[debug] [2026-01-08T21:26:14.382Z] Checked if tokens are valid: true, expires at: 1767910446517
[debug] [2026-01-08T21:26:14.382Z] Checked if tokens are valid: true, expires at: 1767910446517
[debug] [2026-01-08T21:26:14.382Z] >>> [apiv2][query] GET https://serviceusage.googleapis.com/v1/projects/blog-ca662/services/cloudfunctions.googleapis.com [none]
[debug] [2026-01-08T21:26:14.382Z] >>> [apiv2][(partial)header] GET https://serviceusage.googleapis.com/v1/projects/blog-ca662/services/cloudfunctions.googleapis.com x-goog-quota-user=projects/blog-ca662
[debug] [2026-01-08T21:26:14.384Z] >>> [apiv2][query] GET https://serviceusage.googleapis.com/v1/projects/blog-ca662/services/runtimeconfig.googleapis.com [none]
[debug] [2026-01-08T21:26:14.384Z] >>> [apiv2][(partial)header] GET https://serviceusage.googleapis.com/v1/projects/blog-ca662/services/runtimeconfig.googleapis.com x-goog-quota-user=projects/blog-ca662
[debug] [2026-01-08T21:26:14.386Z] >>> [apiv2][query] GET https://serviceusage.googleapis.com/v1/projects/blog-ca662/services/cloudbuild.googleapis.com [none]
[debug] [2026-01-08T21:26:14.387Z] >>> [apiv2][(partial)header] GET https://serviceusage.googleapis.com/v1/projects/blog-ca662/services/cloudbuild.googleapis.com x-goog-quota-user=projects/blog-ca662
[debug] [2026-01-08T21:26:14.389Z] >>> [apiv2][query] GET https://serviceusage.googleapis.com/v1/projects/blog-ca662/services/artifactregistry.googleapis.com [none]
[debug] [2026-01-08T21:26:14.389Z] >>> [apiv2][(partial)header] GET https://serviceusage.googleapis.com/v1/projects/blog-ca662/services/artifactregistry.googleapis.com x-goog-quota-user=projects/blog-ca662
[debug] [2026-01-08T21:26:14.964Z] <<< [apiv2][status] GET https://serviceusage.googleapis.com/v1/projects/blog-ca662/services/cloudfunctions.googleapis.com 200
[debug] [2026-01-08T21:26:14.964Z] <<< [apiv2][body] GET https://serviceusage.googleapis.com/v1/projects/blog-ca662/services/cloudfunctions.googleapis.com [omitted]
[info] +  functions: required API cloudfunctions.googleapis.com is enabled 
[debug] [2026-01-08T21:26:14.974Z] <<< [apiv2][status] GET https://serviceusage.googleapis.com/v1/projects/blog-ca662/services/runtimeconfig.googleapis.com 200
[debug] [2026-01-08T21:26:14.974Z] <<< [apiv2][body] GET https://serviceusage.googleapis.com/v1/projects/blog-ca662/services/runtimeconfig.googleapis.com [omitted]
[debug] [2026-01-08T21:26:14.978Z] <<< [apiv2][status] GET https://serviceusage.googleapis.com/v1/projects/blog-ca662/services/artifactregistry.googleapis.com 200
[debug] [2026-01-08T21:26:14.978Z] <<< [apiv2][body] GET https://serviceusage.googleapis.com/v1/projects/blog-ca662/services/artifactregistry.googleapis.com [omitted]
[info] +  artifactregistry: required API artifactregistry.googleapis.com is enabled 
[debug] [2026-01-08T21:26:14.983Z] <<< [apiv2][status] GET https://serviceusage.googleapis.com/v1/projects/blog-ca662/services/cloudbuild.googleapis.com 200
[debug] [2026-01-08T21:26:14.984Z] <<< [apiv2][body] GET https://serviceusage.googleapis.com/v1/projects/blog-ca662/services/cloudbuild.googleapis.com [omitted]
[info] +  functions: required API cloudbuild.googleapis.com is enabled 
[debug] [2026-01-08T21:26:14.984Z] Checked if tokens are valid: true, expires at: 1767910446517
[debug] [2026-01-08T21:26:14.984Z] Checked if tokens are valid: true, expires at: 1767910446517
[debug] [2026-01-08T21:26:14.985Z] >>> [apiv2][query] GET https://firebase.googleapis.com/v1beta1/projects/blog-ca662/adminSdkConfig [none]
[debug] [2026-01-08T21:26:15.489Z] <<< [apiv2][status] GET https://firebase.googleapis.com/v1beta1/projects/blog-ca662/adminSdkConfig 200
[debug] [2026-01-08T21:26:15.489Z] <<< [apiv2][body] GET https://firebase.googleapis.com/v1beta1/projects/blog-ca662/adminSdkConfig {"projectId":"blog-ca662","storageBucket":"blog-ca662.appspot.com","locationId":"us-central"}
[debug] [2026-01-08T21:26:15.490Z] Checked if tokens are valid: true, expires at: 1767910446517
[debug] [2026-01-08T21:26:15.490Z] Checked if tokens are valid: true, expires at: 1767910446517
[debug] [2026-01-08T21:26:15.490Z] >>> [apiv2][query] GET https://runtimeconfig.googleapis.com/v1beta1/projects/blog-ca662/configs [none]
[debug] [2026-01-08T21:26:16.144Z] <<< [apiv2][status] GET https://runtimeconfig.googleapis.com/v1beta1/projects/blog-ca662/configs 200
[debug] [2026-01-08T21:26:16.144Z] <<< [apiv2][body] GET https://runtimeconfig.googleapis.com/v1beta1/projects/blog-ca662/configs {}
[debug] [2026-01-08T21:26:16.146Z] Validating nodejs source
[warn] !  functions: package.json indicates an outdated version of firebase-functions. Please upgrade using npm install --save firebase-functions@latest in your functions directory. 
[warn] !  functions: Please note that there will be breaking changes when you upgrade. 
[debug] [2026-01-08T21:26:17.602Z] > [functions] package.json contents: {
  "name": "stablo-free",
  "version": "3.0.0",
  "private": true,
  "engines": {
    "node": "20"
  },
  "dependencies": {
    "@headlessui/react": "^1.7.18",
    "@heroicons/react": "^2.1.1",
    "@portabletext/react": "^3.0.11",
    "@sanity/client": "^6.29.1",
    "@sanity/code-input": "^4.1.2",
    "@sanity/icons": "^2.8.0",
    "@sanity/image-url": "^1.0.2",
    "@sanity/table": "^1.1.2",
    "@sanity/types": "^3.26.0",
    "@sanity/ui": "^2.0.1",
    "@sanity/vision": "^3.26.0",
    "@tailwindcss/typography": "^0.5.10",
    "@vercel/og": "^0.6.2",
    "@web3forms/react": "^1.1.3",
    "clsx": "^2.1.0",
    "date-fns": "^3.3.1",
    "emailjs-com": "^3.2.0",
    "firebase": "^10.12.4",
    "get-video-id": "^3.6.5",
    "lucide-react": "^0.395.0",
    "next": "^15.1.6",
    "next-sanity": "^7.0.12",
    "next-seo": "^6.4.0",
    "next-sitemap": "^4.2.3",
    "next-themes": "^0.2.1",
    "react": "^18.2.0",
    "react-dom": "^18.2.0",
    "react-hook-form": "^7.49.3",
    "react-iframe": "^1.8.5",
    "react-refractor": "^2.1.7",
    "sanity": "^3.26.0",
    "sanity-plugin-asset-source-unsplash": "^1.1.2",
    "styled-components": "^6.1.8",
    "swr": "^2.2.4",
    "typescript": "^5.3.3",
    "firebase-frameworks": "^0.11.0",
    "firebase-functions": "^6.0.1",
    "firebase-admin": "^11.11.1"
  },
  "main": "server.js"
}
[debug] [2026-01-08T21:26:17.603Z] Building nodejs source
[info] i  functions: Loading and analyzing source code for codebase firebase-frameworks-blog-ca662 to determine what to deploy 
[debug] [2026-01-08T21:26:17.605Z] Could not find functions.yaml. Must use http discovery
[debug] [2026-01-08T21:26:17.632Z] Found firebase-functions binary at 'E:\Rodri\proyectos\revelacionesdecaro-rediseño-nextsj\.firebase\blog-ca662\functions\node_modules\.bin\firebase-functions'
[info] Serving at port 8430

[debug] [2026-01-08T21:26:18.410Z] Got response from /__/functions.yaml {"endpoints":{"ssrblogca662":{"availableMemoryMb":null,"timeoutSeconds":null,"minInstances":null,"maxInstances":null,"ingressSettings":null,"concurrency":null,"serviceAccountEmail":null,"vpc":null,"platform":"gcfv2","region":["us-central1"],"labels":{},"httpsTrigger":{},"entryPoint":"ssrblogca662"}},"specVersion":"v1alpha1","requiredAPIs":[],"extensions":{}}
[info] i  extensions: ensuring required API firebaseextensions.googleapis.com is enabled... 
[debug] [2026-01-08T21:26:23.456Z] Checked if tokens are valid: true, expires at: 1767910446517
[debug] [2026-01-08T21:26:23.456Z] Checked if tokens are valid: true, expires at: 1767910446517
[debug] [2026-01-08T21:26:23.456Z] >>> [apiv2][query] GET https://serviceusage.googleapis.com/v1/projects/blog-ca662/services/firebaseextensions.googleapis.com [none]
[debug] [2026-01-08T21:26:23.456Z] >>> [apiv2][(partial)header] GET https://serviceusage.googleapis.com/v1/projects/blog-ca662/services/firebaseextensions.googleapis.com x-goog-quota-user=projects/blog-ca662
[debug] [2026-01-08T21:26:24.033Z] <<< [apiv2][status] GET https://serviceusage.googleapis.com/v1/projects/blog-ca662/services/firebaseextensions.googleapis.com 200
[debug] [2026-01-08T21:26:24.034Z] <<< [apiv2][body] GET https://serviceusage.googleapis.com/v1/projects/blog-ca662/services/firebaseextensions.googleapis.com [omitted]
[info] +  extensions: required API firebaseextensions.googleapis.com is enabled 
[debug] [2026-01-08T21:26:24.034Z] > command requires scopes: ["email","openid","https://www.googleapis.com/auth/cloudplatformprojects.readonly","https://www.googleapis.com/auth/firebase","https://www.googleapis.com/auth/cloud-platform"]
[debug] [2026-01-08T21:26:24.034Z] > authorizing via signed-in user (revelacionesdecaroweb@gmail.com)
[debug] [2026-01-08T21:26:24.034Z] [iam] checking project blog-ca662 for permissions ["firebase.projects.get","firebaseextensions.instances.list"]
[debug] [2026-01-08T21:26:24.035Z] Checked if tokens are valid: true, expires at: 1767910446517
[debug] [2026-01-08T21:26:24.035Z] Checked if tokens are valid: true, expires at: 1767910446517
[debug] [2026-01-08T21:26:24.035Z] >>> [apiv2][query] POST https://cloudresourcemanager.googleapis.com/v1/projects/blog-ca662:testIamPermissions [none]
[debug] [2026-01-08T21:26:24.035Z] >>> [apiv2][(partial)header] POST https://cloudresourcemanager.googleapis.com/v1/projects/blog-ca662:testIamPermissions x-goog-quota-user=projects/blog-ca662
[debug] [2026-01-08T21:26:24.035Z] >>> [apiv2][body] POST https://cloudresourcemanager.googleapis.com/v1/projects/blog-ca662:testIamPermissions {"permissions":["firebase.projects.get","firebaseextensions.instances.list"]}
[debug] [2026-01-08T21:26:24.443Z] <<< [apiv2][status] POST https://cloudresourcemanager.googleapis.com/v1/projects/blog-ca662:testIamPermissions 200
[debug] [2026-01-08T21:26:24.443Z] <<< [apiv2][body] POST https://cloudresourcemanager.googleapis.com/v1/projects/blog-ca662:testIamPermissions {"permissions":["firebase.projects.get","firebaseextensions.instances.list"]}
[debug] [2026-01-08T21:26:24.444Z] Checked if tokens are valid: true, expires at: 1767910446517
[debug] [2026-01-08T21:26:24.444Z] Checked if tokens are valid: true, expires at: 1767910446517
[debug] [2026-01-08T21:26:24.445Z] >>> [apiv2][query] GET https://firebaseextensions.googleapis.com/v1beta/projects/blog-ca662/instances pageSize=100&pageToken=
[debug] [2026-01-08T21:26:25.607Z] <<< [apiv2][status] GET https://firebaseextensions.googleapis.com/v1beta/projects/blog-ca662/instances 200
[debug] [2026-01-08T21:26:25.607Z] <<< [apiv2][body] GET https://firebaseextensions.googleapis.com/v1beta/projects/blog-ca662/instances {}
[info] i  functions: Loaded environment variables from .env. 
[info] i  functions: preparing .firebase\blog-ca662\functions directory for uploading... 
[info] i  functions: packaged E:\Rodri\proyectos\revelacionesdecaro-rediseño-nextsj\.firebase\blog-ca662\functions (442.85 MB) for uploading 
[debug] [2026-01-08T21:27:12.467Z] Checked if tokens are valid: true, expires at: 1767910446517
[debug] [2026-01-08T21:27:12.467Z] Checked if tokens are valid: true, expires at: 1767910446517
[debug] [2026-01-08T21:27:12.467Z] >>> [apiv2][query] GET https://cloudfunctions.googleapis.com/v1/projects/blog-ca662/locations/-/functions [none]
[debug] [2026-01-08T21:27:13.723Z] <<< [apiv2][status] GET https://cloudfunctions.googleapis.com/v1/projects/blog-ca662/locations/-/functions 200
[debug] [2026-01-08T21:27:13.723Z] <<< [apiv2][body] GET https://cloudfunctions.googleapis.com/v1/projects/blog-ca662/locations/-/functions {}
[debug] [2026-01-08T21:27:13.724Z] Checked if tokens are valid: true, expires at: 1767910446517
[debug] [2026-01-08T21:27:13.724Z] Checked if tokens are valid: true, expires at: 1767910446517
[debug] [2026-01-08T21:27:13.724Z] >>> [apiv2][query] GET https://cloudfunctions.googleapis.com/v2/projects/blog-ca662/locations/-/functions filter=environment%3D%22GEN_2%22
[debug] [2026-01-08T21:27:14.234Z] <<< [apiv2][status] GET https://cloudfunctions.googleapis.com/v2/projects/blog-ca662/locations/-/functions 200
[debug] [2026-01-08T21:27:14.234Z] <<< [apiv2][body] GET https://cloudfunctions.googleapis.com/v2/projects/blog-ca662/locations/-/functions {"functions":[{"name":"projects/blog-ca662/locations/us-central1/functions/ssrblogca662","buildConfig":{"build":"projects/284614412812/locations/us-central1/builds/6ded7672-021d-4bc1-8368-24aea5dfaced","runtime":"nodejs18","entryPoint":"ssrblogca662","source":{"storageSource":{"bucket":"gcf-v2-sources-284614412812-us-central1","object":"ssrblogca662/function-source.zip","generation":"1736828886967681"}},"environmentVariables":{"GOOGLE_NODE_RUN_SCRIPTS":""},"dockerRepository":"projects/blog-ca662/locations/us-central1/repositories/gcf-artifacts","sourceProvenance":{"resolvedStorageSource":{"bucket":"gcf-v2-sources-284614412812-us-central1","object":"ssrblogca662/function-source.zip","generation":"1736828886967681"}},"dockerRegistry":"ARTIFACT_REGISTRY","serviceAccount":"projects/blog-ca662/serviceAccounts/284614412812-compute@developer.gserviceaccount.com","automaticUpdatePolicy":{}},"serviceConfig":{"service":"projects/blog-ca662/locations/us-central1/services/ssrblogca662","timeoutSeconds":60,"environmentVariables":{"VERCEL_URL":"blog-ca662.web.app","__FIREBASE_FRAMEWORKS_ENTRY__":"next.js","__FIREBASE_DEFAULTS__":"{\"config\":{\"projectId\":\"blog-ca662\",\"appId\":\"1:284614412812:web:1c1ccb42f7e0870875fc29\",\"storageBucket\":\"blog-ca662.appspot.com\",\"locationId\":\"us-central\",\"apiKey\":\"AIzaSyAvvbq7egmHbW1z6wy8N-0aNeKOUg1a0Q8\",\"authDomain\":\"blog-ca662.firebaseapp.com\",\"messagingSenderId\":\"284614412812\",\"measurementId\":\"G-R62489Y36G\"},\"_authTokenSyncURL\":\"/__session\"}","FIREBASE_CONFIG":"{\"projectId\":\"blog-ca662\",\"storageBucket\":\"blog-ca662.appspot.com\",\"locationId\":\"us-central\"}","GCLOUD_PROJECT":"blog-ca662","EVENTARC_CLOUD_EVENT_SOURCE":"projects/blog-ca662/locations/us-central1/services/ssrblogca662","FUNCTION_TARGET":"ssrblogca662","LOG_EXECUTION_ID":"true"},"maxInstanceCount":3,"ingressSettings":"ALLOW_ALL","uri":"https://ssrblogca662-jfo7awey6a-uc.a.run.app","serviceAccountEmail":"284614412812-compute@developer.gserviceaccount.com","availableMemory":"256Mi","allTrafficOnLatestRevision":true,"revision":"ssrblogca662-00049-jak","maxInstanceRequestConcurrency":80,"availableCpu":"1"},"state":"ACTIVE","updateTime":"2025-10-13T16:14:32.088724281Z","labels":{"deployment-tool":"cli-firebase","firebase-functions-codebase":"firebase-frameworks-blog-ca662","firebase-functions-hash":"841bb66e4de2e3cb7e13479c054b00ef9ede755c"},"environment":"GEN_2","url":"https://us-central1-blog-ca662.cloudfunctions.net/ssrblogca662","createTime":"2024-06-21T22:38:53.450364029Z","satisfiesPzi":true}]}
[info] i  functions: ensuring required API run.googleapis.com is enabled... 
[debug] [2026-01-08T21:27:14.238Z] Checked if tokens are valid: true, expires at: 1767910446517
[debug] [2026-01-08T21:27:14.238Z] Checked if tokens are valid: true, expires at: 1767910446517
[info] i  functions: ensuring required API eventarc.googleapis.com is enabled... 
[debug] [2026-01-08T21:27:14.239Z] Checked if tokens are valid: true, expires at: 1767910446517
[debug] [2026-01-08T21:27:14.239Z] Checked if tokens are valid: true, expires at: 1767910446517
[info] i  functions: ensuring required API pubsub.googleapis.com is enabled... 
[debug] [2026-01-08T21:27:14.239Z] Checked if tokens are valid: true, expires at: 1767910446517
[debug] [2026-01-08T21:27:14.239Z] Checked if tokens are valid: true, expires at: 1767910446517
[info] i  functions: ensuring required API storage.googleapis.com is enabled... 
[debug] [2026-01-08T21:27:14.239Z] Checked if tokens are valid: true, expires at: 1767910446517
[debug] [2026-01-08T21:27:14.240Z] Checked if tokens are valid: true, expires at: 1767910446517
[debug] [2026-01-08T21:27:14.240Z] >>> [apiv2][query] GET https://serviceusage.googleapis.com/v1/projects/blog-ca662/services/run.googleapis.com [none]
[debug] [2026-01-08T21:27:14.240Z] >>> [apiv2][(partial)header] GET https://serviceusage.googleapis.com/v1/projects/blog-ca662/services/run.googleapis.com x-goog-quota-user=projects/blog-ca662
[debug] [2026-01-08T21:27:14.242Z] >>> [apiv2][query] GET https://serviceusage.googleapis.com/v1/projects/blog-ca662/services/eventarc.googleapis.com [none]
[debug] [2026-01-08T21:27:14.242Z] >>> [apiv2][(partial)header] GET https://serviceusage.googleapis.com/v1/projects/blog-ca662/services/eventarc.googleapis.com x-goog-quota-user=projects/blog-ca662
[debug] [2026-01-08T21:27:14.244Z] >>> [apiv2][query] GET https://serviceusage.googleapis.com/v1/projects/blog-ca662/services/pubsub.googleapis.com [none]
[debug] [2026-01-08T21:27:14.244Z] >>> [apiv2][(partial)header] GET https://serviceusage.googleapis.com/v1/projects/blog-ca662/services/pubsub.googleapis.com x-goog-quota-user=projects/blog-ca662
[debug] [2026-01-08T21:27:14.246Z] >>> [apiv2][query] GET https://serviceusage.googleapis.com/v1/projects/blog-ca662/services/storage.googleapis.com [none]
[debug] [2026-01-08T21:27:14.246Z] >>> [apiv2][(partial)header] GET https://serviceusage.googleapis.com/v1/projects/blog-ca662/services/storage.googleapis.com x-goog-quota-user=projects/blog-ca662
[debug] [2026-01-08T21:27:14.738Z] <<< [apiv2][status] GET https://serviceusage.googleapis.com/v1/projects/blog-ca662/services/pubsub.googleapis.com 200
[debug] [2026-01-08T21:27:14.738Z] <<< [apiv2][body] GET https://serviceusage.googleapis.com/v1/projects/blog-ca662/services/pubsub.googleapis.com [omitted]
[info] +  functions: required API pubsub.googleapis.com is enabled 
[debug] [2026-01-08T21:27:14.745Z] <<< [apiv2][status] GET https://serviceusage.googleapis.com/v1/projects/blog-ca662/services/run.googleapis.com 200
[debug] [2026-01-08T21:27:14.746Z] <<< [apiv2][body] GET https://serviceusage.googleapis.com/v1/projects/blog-ca662/services/run.googleapis.com [omitted]
[info] +  functions: required API run.googleapis.com is enabled 
[debug] [2026-01-08T21:27:14.761Z] <<< [apiv2][status] GET https://serviceusage.googleapis.com/v1/projects/blog-ca662/services/storage.googleapis.com 200
[debug] [2026-01-08T21:27:14.761Z] <<< [apiv2][body] GET https://serviceusage.googleapis.com/v1/projects/blog-ca662/services/storage.googleapis.com [omitted]
[info] +  functions: required API storage.googleapis.com is enabled 
[debug] [2026-01-08T21:27:14.803Z] <<< [apiv2][status] GET https://serviceusage.googleapis.com/v1/projects/blog-ca662/services/eventarc.googleapis.com 200
[debug] [2026-01-08T21:27:14.803Z] <<< [apiv2][body] GET https://serviceusage.googleapis.com/v1/projects/blog-ca662/services/eventarc.googleapis.com [omitted]
[info] +  functions: required API eventarc.googleapis.com is enabled 
[info] i  functions: generating the service identity for pubsub.googleapis.com... 
[debug] [2026-01-08T21:27:14.805Z] Checked if tokens are valid: true, expires at: 1767910446517
[debug] [2026-01-08T21:27:14.805Z] Checked if tokens are valid: true, expires at: 1767910446517
[info] i  functions: generating the service identity for eventarc.googleapis.com... 
[debug] [2026-01-08T21:27:14.806Z] Checked if tokens are valid: true, expires at: 1767910446517
[debug] [2026-01-08T21:27:14.806Z] Checked if tokens are valid: true, expires at: 1767910446517
[debug] [2026-01-08T21:27:14.806Z] >>> [apiv2][query] POST https://serviceusage.googleapis.com/v1beta1/projects/284614412812/services/pubsub.googleapis.com:generateServiceIdentity [none]
[debug] [2026-01-08T21:27:14.806Z] >>> [apiv2][query] POST https://serviceusage.googleapis.com/v1beta1/projects/284614412812/services/eventarc.googleapis.com:generateServiceIdentity [none]
[debug] [2026-01-08T21:27:15.222Z] <<< [apiv2][status] POST https://serviceusage.googleapis.com/v1beta1/projects/284614412812/services/eventarc.googleapis.com:generateServiceIdentity 200
[debug] [2026-01-08T21:27:15.223Z] <<< [apiv2][body] POST https://serviceusage.googleapis.com/v1beta1/projects/284614412812/services/eventarc.googleapis.com:generateServiceIdentity {"name":"operations/finished.DONE_OPERATION","done":true,"response":{"@type":"type.googleapis.com/google.api.serviceusage.v1beta1.ServiceIdentity","email":"service-284614412812@gcp-sa-eventarc.iam.gserviceaccount.com","uniqueId":"105055839260535793463"}}
[debug] [2026-01-08T21:27:15.261Z] <<< [apiv2][status] POST https://serviceusage.googleapis.com/v1beta1/projects/284614412812/services/pubsub.googleapis.com:generateServiceIdentity 200
[debug] [2026-01-08T21:27:15.261Z] <<< [apiv2][body] POST https://serviceusage.googleapis.com/v1beta1/projects/284614412812/services/pubsub.googleapis.com:generateServiceIdentity {"name":"operations/finished.DONE_OPERATION","done":true,"response":{"@type":"type.googleapis.com/google.api.serviceusage.v1beta1.ServiceIdentity","email":"service-284614412812@gcp-sa-pubsub.iam.gserviceaccount.com","uniqueId":"100513014033019281258"}}
[debug] [2026-01-08T21:27:15.263Z] Checked if tokens are valid: true, expires at: 1767910446517
[debug] [2026-01-08T21:27:15.263Z] Checked if tokens are valid: true, expires at: 1767910446517
[debug] [2026-01-08T21:27:15.263Z] >>> [apiv2][query] GET https://cloudresourcemanager.googleapis.com/v1/projects/blog-ca662 [none]
[debug] [2026-01-08T21:27:15.564Z] <<< [apiv2][status] GET https://cloudresourcemanager.googleapis.com/v1/projects/blog-ca662 200
[debug] [2026-01-08T21:27:15.564Z] <<< [apiv2][body] GET https://cloudresourcemanager.googleapis.com/v1/projects/blog-ca662 {"projectNumber":"284614412812","projectId":"blog-ca662","lifecycleState":"ACTIVE","name":"blog","labels":{"firebase":"enabled"},"createTime":"2023-10-30T19:50:24.822180Z"}
[info] i  storage: ensuring required API firebasestorage.googleapis.com is enabled... 
[debug] [2026-01-08T21:27:15.568Z] Checked if tokens are valid: true, expires at: 1767910446517
[debug] [2026-01-08T21:27:15.568Z] Checked if tokens are valid: true, expires at: 1767910446517
[debug] [2026-01-08T21:27:15.568Z] >>> [apiv2][query] GET https://serviceusage.googleapis.com/v1/projects/blog-ca662/services/firebasestorage.googleapis.com [none]
[debug] [2026-01-08T21:27:15.568Z] >>> [apiv2][(partial)header] GET https://serviceusage.googleapis.com/v1/projects/blog-ca662/services/firebasestorage.googleapis.com x-goog-quota-user=projects/blog-ca662
[debug] [2026-01-08T21:27:15.888Z] <<< [apiv2][status] GET https://serviceusage.googleapis.com/v1/projects/blog-ca662/services/firebasestorage.googleapis.com 200
[debug] [2026-01-08T21:27:15.889Z] <<< [apiv2][body] GET https://serviceusage.googleapis.com/v1/projects/blog-ca662/services/firebasestorage.googleapis.com [omitted]
[info] +  storage: required API firebasestorage.googleapis.com is enabled 
[debug] [2026-01-08T21:27:15.889Z] Checked if tokens are valid: true, expires at: 1767910446517
[debug] [2026-01-08T21:27:15.890Z] Checked if tokens are valid: true, expires at: 1767910446517
[debug] [2026-01-08T21:27:15.890Z] >>> [apiv2][query] GET https://firebasestorage.googleapis.com/v1alpha/projects/blog-ca662/defaultBucket [none]
[debug] [2026-01-08T21:27:16.503Z] <<< [apiv2][status] GET https://firebasestorage.googleapis.com/v1alpha/projects/blog-ca662/defaultBucket 200
[debug] [2026-01-08T21:27:16.503Z] <<< [apiv2][body] GET https://firebasestorage.googleapis.com/v1alpha/projects/blog-ca662/defaultBucket {"name":"projects/blog-ca662/defaultBucket","location":"US","bucket":{"name":"projects/blog-ca662/buckets/blog-ca662.appspot.com"},"storageClass":"STANDARD"}
[info] i  firebase.storage: checking storage.rules for compilation errors... 
[debug] [2026-01-08T21:27:16.507Z] Checked if tokens are valid: true, expires at: 1767910446517
[debug] [2026-01-08T21:27:16.507Z] Checked if tokens are valid: true, expires at: 1767910446517
[debug] [2026-01-08T21:27:16.508Z] >>> [apiv2][query] POST https://firebaserules.googleapis.com/v1/projects/blog-ca662:test [none]
[debug] [2026-01-08T21:27:16.508Z] >>> [apiv2][body] POST https://firebaserules.googleapis.com/v1/projects/blog-ca662:test [omitted]
[debug] [2026-01-08T21:27:17.260Z] <<< [apiv2][status] POST https://firebaserules.googleapis.com/v1/projects/blog-ca662:test 200
[debug] [2026-01-08T21:27:17.260Z] <<< [apiv2][body] POST https://firebaserules.googleapis.com/v1/projects/blog-ca662:test {}
[info] +  firebase.storage: rules file storage.rules compiled successfully 
[info] i  firestore: reading indexes from firestore.indexes.json... 
[info] i  cloud.firestore: checking firestore.rules for compilation errors... 
[debug] [2026-01-08T21:27:17.295Z] Checked if tokens are valid: true, expires at: 1767910446517
[debug] [2026-01-08T21:27:17.295Z] Checked if tokens are valid: true, expires at: 1767910446517
[debug] [2026-01-08T21:27:17.295Z] >>> [apiv2][query] POST https://firebaserules.googleapis.com/v1/projects/blog-ca662:test [none]
[debug] [2026-01-08T21:27:17.295Z] >>> [apiv2][body] POST https://firebaserules.googleapis.com/v1/projects/blog-ca662:test [omitted]
[debug] [2026-01-08T21:27:17.520Z] <<< [apiv2][status] POST https://firebaserules.googleapis.com/v1/projects/blog-ca662:test 200
[debug] [2026-01-08T21:27:17.520Z] <<< [apiv2][body] POST https://firebaserules.googleapis.com/v1/projects/blog-ca662:test {}
[info] +  cloud.firestore: rules file firestore.rules compiled successfully 
[debug] [2026-01-08T21:27:17.525Z] Checked if tokens are valid: true, expires at: 1767910446517
[debug] [2026-01-08T21:27:17.525Z] Checked if tokens are valid: true, expires at: 1767910446517
[debug] [2026-01-08T21:27:17.525Z] >>> [apiv2][query] POST https://firebasehosting.googleapis.com/v1beta1/projects/-/sites/blog-ca662/versions [none]
[debug] [2026-01-08T21:27:17.525Z] >>> [apiv2][body] POST https://firebasehosting.googleapis.com/v1beta1/projects/-/sites/blog-ca662/versions {"status":"CREATED","labels":{"deployment-tool":"cli-firebase","firebase-web-framework":"next_ssr"}}
[debug] [2026-01-08T21:27:18.298Z] <<< [apiv2][status] POST https://firebasehosting.googleapis.com/v1beta1/projects/-/sites/blog-ca662/versions 200
[debug] [2026-01-08T21:27:18.298Z] <<< [apiv2][body] POST https://firebasehosting.googleapis.com/v1beta1/projects/-/sites/blog-ca662/versions {"name":"projects/284614412812/sites/blog-ca662/versions/d65decd796671972","status":"CREATED","config":{},"labels":{"firebase-web-framework":"next_ssr","deployment-tool":"cli-firebase"}}
[debug] [2026-01-08T21:27:18.299Z] Checked if tokens are valid: true, expires at: 1767910446517
[debug] [2026-01-08T21:27:18.299Z] Checked if tokens are valid: true, expires at: 1767910446517
[debug] [2026-01-08T21:27:18.300Z] >>> [apiv2][query] GET https://cloudbilling.googleapis.com/v1/projects/blog-ca662/billingInfo [none]
[debug] [2026-01-08T21:27:18.730Z] <<< [apiv2][status] GET https://cloudbilling.googleapis.com/v1/projects/blog-ca662/billingInfo 200
[debug] [2026-01-08T21:27:18.730Z] <<< [apiv2][body] GET https://cloudbilling.googleapis.com/v1/projects/blog-ca662/billingInfo {"name":"projects/blog-ca662/billingInfo","projectId":"blog-ca662","billingAccountName":"billingAccounts/012477-131165-2173D2","billingEnabled":true}
[debug] [2026-01-08T21:27:18.732Z] Checked if tokens are valid: true, expires at: 1767910446517
[debug] [2026-01-08T21:27:18.732Z] Checked if tokens are valid: true, expires at: 1767910446517
[debug] [2026-01-08T21:27:18.732Z] >>> [apiv2][query] POST https://cloudfunctions.googleapis.com/v2/projects/blog-ca662/locations/us-central1/functions:generateUploadUrl [none]
[debug] [2026-01-08T21:27:19.103Z] <<< [apiv2][status] POST https://cloudfunctions.googleapis.com/v2/projects/blog-ca662/locations/us-central1/functions:generateUploadUrl 200
[debug] [2026-01-08T21:27:19.104Z] <<< [apiv2][body] POST https://cloudfunctions.googleapis.com/v2/projects/blog-ca662/locations/us-central1/functions:generateUploadUrl {"uploadUrl":"https://storage.googleapis.com/gcf-v2-uploads-284614412812.us-central1.cloudfunctions.appspot.com/602436c7-23da-405c-a85d-7122ab728281.zip?GoogleAccessId=service-284614412812@gcf-admin-robot.iam.gserviceaccount.com&Expires=1767909443&Signature=BoYxDKOks%2FnCNXOzQ6HdBCWepIkm3OJWLvaw%2FNvFFFTooT%2Bj73pd6K%2B4yw3HtbaAzfTwoTuDjz5v6rWNrQ6Yof1JXy8S%2FXrn1A3ks3irJphXDb1xhAbm415FLBd1GJg%2F14572y0cOFVrTlMx23iWuLSWFSo5WqZZm48q29H96VnCm0L%2FQwYzhMql%2B2ApW9u6NI7YDz2D7QPdLokDkf%2F5s%2F9SDlsvjOeqWi0Y73U0tHQxMeUIsD6eCc3KAMEKKOd1zOI6e4VXfON6N6S6xBpNaY1xC%2BNJiBcswhUoAqgHu4aLJyDtKHsFDmfhi%2FO94DrwhAj%2F5%2BpY0fqyRmQeGfGTuw%3D%3D","storageSource":{"bucket":"gcf-v2-uploads-284614412812.us-central1.cloudfunctions.appspot.com","object":"602436c7-23da-405c-a85d-7122ab728281.zip"}}
[debug] [2026-01-08T21:27:19.106Z] >>> [apiv2][query] PUT https://storage.googleapis.com/gcf-v2-uploads-284614412812.us-central1.cloudfunctions.appspot.com/602436c7-23da-405c-a85d-7122ab728281.zip GoogleAccessId=service-284614412812%40gcf-admin-robot.iam.gserviceaccount.com&Expires=1767909443&Signature=BoYxDKOks%2FnCNXOzQ6HdBCWepIkm3OJWLvaw%2FNvFFFTooT%2Bj73pd6K%2B4yw3HtbaAzfTwoTuDjz5v6rWNrQ6Yof1JXy8S%2FXrn1A3ks3irJphXDb1xhAbm415FLBd1GJg%2F14572y0cOFVrTlMx23iWuLSWFSo5WqZZm48q29H96VnCm0L%2FQwYzhMql%2B2ApW9u6NI7YDz2D7QPdLokDkf%2F5s%2F9SDlsvjOeqWi0Y73U0tHQxMeUIsD6eCc3KAMEKKOd1zOI6e4VXfON6N6S6xBpNaY1xC%2BNJiBcswhUoAqgHu4aLJyDtKHsFDmfhi%2FO94DrwhAj%2F5%2BpY0fqyRmQeGfGTuw%3D%3D
[debug] [2026-01-08T21:27:19.106Z] >>> [apiv2][body] PUT https://storage.googleapis.com/gcf-v2-uploads-284614412812.us-central1.cloudfunctions.appspot.com/602436c7-23da-405c-a85d-7122ab728281.zip [stream]
[debug] [2026-01-08T21:32:08.639Z] <<< [apiv2][status] PUT https://storage.googleapis.com/gcf-v2-uploads-284614412812.us-central1.cloudfunctions.appspot.com/602436c7-23da-405c-a85d-7122ab728281.zip 200
[debug] [2026-01-08T21:32:08.639Z] <<< [apiv2][body] PUT https://storage.googleapis.com/gcf-v2-uploads-284614412812.us-central1.cloudfunctions.appspot.com/602436c7-23da-405c-a85d-7122ab728281.zip [omitted]
[info] +  functions: .firebase\blog-ca662\functions folder uploaded successfully 
[debug] [2026-01-08T21:32:08.641Z] Checked if tokens are valid: true, expires at: 1767910446517
[debug] [2026-01-08T21:32:08.641Z] Checked if tokens are valid: true, expires at: 1767910446517
[debug] [2026-01-08T21:32:08.641Z] >>> [apiv2][query] GET https://firebaserules.googleapis.com/v1/projects/blog-ca662/releases pageSize=10&pageToken=
[debug] [2026-01-08T21:32:09.238Z] <<< [apiv2][status] GET https://firebaserules.googleapis.com/v1/projects/blog-ca662/releases 200
[debug] [2026-01-08T21:32:09.239Z] <<< [apiv2][body] GET https://firebaserules.googleapis.com/v1/projects/blog-ca662/releases {"releases":[{"name":"projects/blog-ca662/releases/cloud.firestore","rulesetName":"projects/blog-ca662/rulesets/332e2199-bedf-4688-8094-49a40307f24f","createTime":"2023-10-31T14:06:19.804733Z","updateTime":"2024-05-30T22:06:20.797712Z"},{"name":"projects/blog-ca662/releases/firebase.storage/blog-ca662.appspot.com","rulesetName":"projects/blog-ca662/rulesets/e1d7bc46-73f8-4853-b023-473f16570555","createTime":"2023-11-04T03:51:29.134986Z","updateTime":"2023-11-04T03:51:41.117926Z"}]}
[debug] [2026-01-08T21:32:09.257Z] Checked if tokens are valid: true, expires at: 1767910446517
[debug] [2026-01-08T21:32:09.257Z] Checked if tokens are valid: true, expires at: 1767910446517
[debug] [2026-01-08T21:32:09.257Z] >>> [apiv2][query] GET https://firebaserules.googleapis.com/v1/projects/blog-ca662/rulesets/e1d7bc46-73f8-4853-b023-473f16570555 [none]
[debug] [2026-01-08T21:32:09.490Z] <<< [apiv2][status] GET https://firebaserules.googleapis.com/v1/projects/blog-ca662/rulesets/e1d7bc46-73f8-4853-b023-473f16570555 200
[debug] [2026-01-08T21:32:09.490Z] <<< [apiv2][body] GET https://firebaserules.googleapis.com/v1/projects/blog-ca662/rulesets/e1d7bc46-73f8-4853-b023-473f16570555 [omitted]
[debug] [2026-01-08T21:32:09.492Z] Checked if tokens are valid: true, expires at: 1767910446517
[debug] [2026-01-08T21:32:09.493Z] Checked if tokens are valid: true, expires at: 1767910446517
[debug] [2026-01-08T21:32:09.493Z] >>> [apiv2][query] POST https://cloudresourcemanager.googleapis.com/v1/projects/284614412812:getIamPolicy [none]
[debug] [2026-01-08T21:32:09.825Z] <<< [apiv2][status] POST https://cloudresourcemanager.googleapis.com/v1/projects/284614412812:getIamPolicy 200
[debug] [2026-01-08T21:32:09.825Z] <<< [apiv2][body] POST https://cloudresourcemanager.googleapis.com/v1/projects/284614412812:getIamPolicy {"version":1,"etag":"BwYpkpcmxdM=","bindings":[{"role":"roles/artifactregistry.serviceAgent","members":["serviceAccount:service-284614412812@gcp-sa-artifactregistry.iam.gserviceaccount.com"]},{"role":"roles/cloudbuild.builds.builder","members":["serviceAccount:284614412812@cloudbuild.gserviceaccount.com"]},{"role":"roles/cloudbuild.serviceAgent","members":["serviceAccount:service-284614412812@gcp-sa-cloudbuild.iam.gserviceaccount.com"]},{"role":"roles/cloudfunctions.serviceAgent","members":["serviceAccount:service-284614412812@gcf-admin-robot.iam.gserviceaccount.com"]},{"role":"roles/containerregistry.ServiceAgent","members":["serviceAccount:service-284614412812@containerregistry.iam.gserviceaccount.com"]},{"role":"roles/editor","members":["serviceAccount:284614412812-compute@developer.gserviceaccount.com","serviceAccount:284614412812@cloudservices.gserviceaccount.com","serviceAccount:blog-ca662@appspot.gserviceaccount.com"]},{"role":"roles/firebase.managementServiceAgent","members":["serviceAccount:firebase-service-account@firebase-sa-management.iam.gserviceaccount.com","serviceAccount:service-284614412812@gcp-sa-firebase.iam.gserviceaccount.com"]},{"role":"roles/firebase.sdkAdminServiceAgent","members":["serviceAccount:firebase-adminsdk-bm565@blog-ca662.iam.gserviceaccount.com"]},{"role":"roles/firebaseauth.admin","members":["serviceAccount:firebase-adminsdk-bm565@blog-ca662.iam.gserviceaccount.com"]},{"role":"roles/firebasemods.serviceAgent","members":["serviceAccount:service-284614412812@gcp-sa-firebasemods.iam.gserviceaccount.com"]},{"role":"roles/firebaserules.system","members":["serviceAccount:service-284614412812@firebase-rules.iam.gserviceaccount.com"]},{"role":"roles/firebasestorage.serviceAgent","members":["serviceAccount:service-284614412812@gcp-sa-firebasestorage.iam.gserviceaccount.com"]},{"role":"roles/firestore.serviceAgent","members":["serviceAccount:service-284614412812@gcp-sa-firestore.iam.gserviceaccount.com"]},{"role":"roles/iam.serviceAccountTokenCreator","members":["serviceAccount:firebase-adminsdk-bm565@blog-ca662.iam.gserviceaccount.com"]},{"role":"roles/owner","members":["user:revelacionesdecaroweb@gmail.com"]},{"role":"roles/run.serviceAgent","members":["serviceAccount:service-284614412812@serverless-robot-prod.iam.gserviceaccount.com"]},{"role":"roles/storage.admin","members":["serviceAccount:firebase-adminsdk-bm565@blog-ca662.iam.gserviceaccount.com"]}]}
[debug] [2026-01-08T21:33:27.070Z] Checked if tokens are valid: true, expires at: 1767910446517
[debug] [2026-01-08T21:33:27.070Z] Checked if tokens are valid: true, expires at: 1767910446517
[debug] [2026-01-08T21:33:27.070Z] >>> [apiv2][query] POST https://cloudresourcemanager.googleapis.com/v1/projects/284614412812:getIamPolicy [none]
[debug] [2026-01-08T21:33:27.531Z] <<< [apiv2][status] POST https://cloudresourcemanager.googleapis.com/v1/projects/284614412812:getIamPolicy 200
[debug] [2026-01-08T21:33:27.531Z] <<< [apiv2][body] POST https://cloudresourcemanager.googleapis.com/v1/projects/284614412812:getIamPolicy {"version":1,"etag":"BwYpkpcmxdM=","bindings":[{"role":"roles/artifactregistry.serviceAgent","members":["serviceAccount:service-284614412812@gcp-sa-artifactregistry.iam.gserviceaccount.com"]},{"role":"roles/cloudbuild.builds.builder","members":["serviceAccount:284614412812@cloudbuild.gserviceaccount.com"]},{"role":"roles/cloudbuild.serviceAgent","members":["serviceAccount:service-284614412812@gcp-sa-cloudbuild.iam.gserviceaccount.com"]},{"role":"roles/cloudfunctions.serviceAgent","members":["serviceAccount:service-284614412812@gcf-admin-robot.iam.gserviceaccount.com"]},{"role":"roles/containerregistry.ServiceAgent","members":["serviceAccount:service-284614412812@containerregistry.iam.gserviceaccount.com"]},{"role":"roles/editor","members":["serviceAccount:284614412812-compute@developer.gserviceaccount.com","serviceAccount:284614412812@cloudservices.gserviceaccount.com","serviceAccount:blog-ca662@appspot.gserviceaccount.com"]},{"role":"roles/firebase.managementServiceAgent","members":["serviceAccount:firebase-service-account@firebase-sa-management.iam.gserviceaccount.com","serviceAccount:service-284614412812@gcp-sa-firebase.iam.gserviceaccount.com"]},{"role":"roles/firebase.sdkAdminServiceAgent","members":["serviceAccount:firebase-adminsdk-bm565@blog-ca662.iam.gserviceaccount.com"]},{"role":"roles/firebaseauth.admin","members":["serviceAccount:firebase-adminsdk-bm565@blog-ca662.iam.gserviceaccount.com"]},{"role":"roles/firebasemods.serviceAgent","members":["serviceAccount:service-284614412812@gcp-sa-firebasemods.iam.gserviceaccount.com"]},{"role":"roles/firebaserules.system","members":["serviceAccount:service-284614412812@firebase-rules.iam.gserviceaccount.com"]},{"role":"roles/firebasestorage.serviceAgent","members":["serviceAccount:service-284614412812@gcp-sa-firebasestorage.iam.gserviceaccount.com"]},{"role":"roles/firestore.serviceAgent","members":["serviceAccount:service-284614412812@gcp-sa-firestore.iam.gserviceaccount.com"]},{"role":"roles/iam.serviceAccountTokenCreator","members":["serviceAccount:firebase-adminsdk-bm565@blog-ca662.iam.gserviceaccount.com"]},{"role":"roles/owner","members":["user:revelacionesdecaroweb@gmail.com"]},{"role":"roles/run.serviceAgent","members":["serviceAccount:service-284614412812@serverless-robot-prod.iam.gserviceaccount.com"]},{"role":"roles/storage.admin","members":["serviceAccount:firebase-adminsdk-bm565@blog-ca662.iam.gserviceaccount.com"]}]}
[debug] [2026-01-08T21:33:27.532Z] Checked if tokens are valid: true, expires at: 1767910446517
[debug] [2026-01-08T21:33:27.532Z] Checked if tokens are valid: true, expires at: 1767910446517
[debug] [2026-01-08T21:33:27.532Z] >>> [apiv2][query] POST https://cloudresourcemanager.googleapis.com/v1/projects/284614412812:setIamPolicy [none]
[debug] [2026-01-08T21:33:27.532Z] >>> [apiv2][body] POST https://cloudresourcemanager.googleapis.com/v1/projects/284614412812:setIamPolicy {"policy":{"version":1,"etag":"BwYpkpcmxdM=","bindings":[{"role":"roles/artifactregistry.serviceAgent","members":["serviceAccount:service-284614412812@gcp-sa-artifactregistry.iam.gserviceaccount.com"]},{"role":"roles/cloudbuild.builds.builder","members":["serviceAccount:284614412812@cloudbuild.gserviceaccount.com"]},{"role":"roles/cloudbuild.serviceAgent","members":["serviceAccount:service-284614412812@gcp-sa-cloudbuild.iam.gserviceaccount.com"]},{"role":"roles/cloudfunctions.serviceAgent","members":["serviceAccount:service-284614412812@gcf-admin-robot.iam.gserviceaccount.com"]},{"role":"roles/containerregistry.ServiceAgent","members":["serviceAccount:service-284614412812@containerregistry.iam.gserviceaccount.com"]},{"role":"roles/editor","members":["serviceAccount:284614412812-compute@developer.gserviceaccount.com","serviceAccount:284614412812@cloudservices.gserviceaccount.com","serviceAccount:blog-ca662@appspot.gserviceaccount.com"]},{"role":"roles/firebase.managementServiceAgent","members":["serviceAccount:firebase-service-account@firebase-sa-management.iam.gserviceaccount.com","serviceAccount:service-284614412812@gcp-sa-firebase.iam.gserviceaccount.com"]},{"role":"roles/firebase.sdkAdminServiceAgent","members":["serviceAccount:firebase-adminsdk-bm565@blog-ca662.iam.gserviceaccount.com"]},{"role":"roles/firebaseauth.admin","members":["serviceAccount:firebase-adminsdk-bm565@blog-ca662.iam.gserviceaccount.com"]},{"role":"roles/firebasemods.serviceAgent","members":["serviceAccount:service-284614412812@gcp-sa-firebasemods.iam.gserviceaccount.com"]},{"role":"roles/firebaserules.system","members":["serviceAccount:service-284614412812@firebase-rules.iam.gserviceaccount.com"]},{"role":"roles/firebasestorage.serviceAgent","members":["serviceAccount:service-284614412812@gcp-sa-firebasestorage.iam.gserviceaccount.com"]},{"role":"roles/firestore.serviceAgent","members":["serviceAccount:service-284614412812@gcp-sa-firestore.iam.gserviceaccount.com"]},{"role":"roles/iam.serviceAccountTokenCreator","members":["serviceAccount:firebase-adminsdk-bm565@blog-ca662.iam.gserviceaccount.com"]},{"role":"roles/owner","members":["user:revelacionesdecaroweb@gmail.com"]},{"role":"roles/run.serviceAgent","members":["serviceAccount:service-284614412812@serverless-robot-prod.iam.gserviceaccount.com"]},{"role":"roles/storage.admin","members":["serviceAccount:firebase-adminsdk-bm565@blog-ca662.iam.gserviceaccount.com"]},{"role":"roles/firebaserules.firestoreServiceAgent","members":["serviceAccount:service-284614412812@gcp-sa-firebasestorage.iam.gserviceaccount.com"]}]},"updateMask":"bindings"}
[debug] [2026-01-08T21:33:28.516Z] <<< [apiv2][status] POST https://cloudresourcemanager.googleapis.com/v1/projects/284614412812:setIamPolicy 200
[debug] [2026-01-08T21:33:28.517Z] <<< [apiv2][body] POST https://cloudresourcemanager.googleapis.com/v1/projects/284614412812:setIamPolicy {"version":1,"etag":"BwZH5ykZHDc=","bindings":[{"role":"roles/artifactregistry.serviceAgent","members":["serviceAccount:service-284614412812@gcp-sa-artifactregistry.iam.gserviceaccount.com"]},{"role":"roles/cloudbuild.builds.builder","members":["serviceAccount:284614412812@cloudbuild.gserviceaccount.com"]},{"role":"roles/cloudbuild.serviceAgent","members":["serviceAccount:service-284614412812@gcp-sa-cloudbuild.iam.gserviceaccount.com"]},{"role":"roles/cloudfunctions.serviceAgent","members":["serviceAccount:service-284614412812@gcf-admin-robot.iam.gserviceaccount.com"]},{"role":"roles/containerregistry.ServiceAgent","members":["serviceAccount:service-284614412812@containerregistry.iam.gserviceaccount.com"]},{"role":"roles/editor","members":["serviceAccount:284614412812-compute@developer.gserviceaccount.com","serviceAccount:284614412812@cloudservices.gserviceaccount.com","serviceAccount:blog-ca662@appspot.gserviceaccount.com"]},{"role":"roles/firebase.managementServiceAgent","members":["serviceAccount:firebase-service-account@firebase-sa-management.iam.gserviceaccount.com","serviceAccount:service-284614412812@gcp-sa-firebase.iam.gserviceaccount.com"]},{"role":"roles/firebase.sdkAdminServiceAgent","members":["serviceAccount:firebase-adminsdk-bm565@blog-ca662.iam.gserviceaccount.com"]},{"role":"roles/firebaseauth.admin","members":["serviceAccount:firebase-adminsdk-bm565@blog-ca662.iam.gserviceaccount.com"]},{"role":"roles/firebasemods.serviceAgent","members":["serviceAccount:service-284614412812@gcp-sa-firebasemods.iam.gserviceaccount.com"]},{"role":"roles/firebaserules.firestoreServiceAgent","members":["serviceAccount:service-284614412812@gcp-sa-firebasestorage.iam.gserviceaccount.com"]},{"role":"roles/firebaserules.system","members":["serviceAccount:service-284614412812@firebase-rules.iam.gserviceaccount.com"]},{"role":"roles/firebasestorage.serviceAgent","members":["serviceAccount:service-284614412812@gcp-sa-firebasestorage.iam.gserviceaccount.com"]},{"role":"roles/firestore.serviceAgent","members":["serviceAccount:service-284614412812@gcp-sa-firestore.iam.gserviceaccount.com"]},{"role":"roles/iam.serviceAccountTokenCreator","members":["serviceAccount:firebase-adminsdk-bm565@blog-ca662.iam.gserviceaccount.com"]},{"role":"roles/owner","members":["user:revelacionesdecaroweb@gmail.com"]},{"role":"roles/run.serviceAgent","members":["serviceAccount:service-284614412812@serverless-robot-prod.iam.gserviceaccount.com"]},{"role":"roles/storage.admin","members":["serviceAccount:firebase-adminsdk-bm565@blog-ca662.iam.gserviceaccount.com"]}]}
[info] i  storage: updated service account for cross-service rules... 
[info] i  storage: uploading rules storage.rules... 
[debug] [2026-01-08T21:33:28.518Z] Checked if tokens are valid: true, expires at: 1767910446517
[debug] [2026-01-08T21:33:28.518Z] Checked if tokens are valid: true, expires at: 1767910446517
[debug] [2026-01-08T21:33:28.518Z] >>> [apiv2][query] POST https://firebaserules.googleapis.com/v1/projects/blog-ca662/rulesets [none]
[debug] [2026-01-08T21:33:28.518Z] >>> [apiv2][body] POST https://firebaserules.googleapis.com/v1/projects/blog-ca662/rulesets [omitted]
[debug] [2026-01-08T21:33:29.289Z] <<< [apiv2][status] POST https://firebaserules.googleapis.com/v1/projects/blog-ca662/rulesets 200
[debug] [2026-01-08T21:33:29.289Z] <<< [apiv2][body] POST https://firebaserules.googleapis.com/v1/projects/blog-ca662/rulesets {"name":"projects/blog-ca662/rulesets/31f51375-f921-42f0-b08a-b456285ba113","source":{"files":[{"content":"rules_version = '2';\n\n// Craft rules based on data in your Firestore database\n// allow write: if firestore.get(\n//    /databases/(default)/documents/users/$(request.auth.uid)).data.isAdmin;\nservice firebase.storage {\n  match /b/{bucket}/o {\n    match /{allPaths=**} {\n      allow read, write: if false;\n    }\n  }\n}\n","name":"storage.rules"}]},"createTime":"2026-01-08T21:33:33.562367Z","metadata":{"services":["firebase.storage"]}}
[debug] [2026-01-08T21:33:29.289Z] [rules] created ruleset projects/blog-ca662/rulesets/31f51375-f921-42f0-b08a-b456285ba113
[debug] [2026-01-08T21:33:29.289Z] Checked if tokens are valid: true, expires at: 1767910446517
[debug] [2026-01-08T21:33:29.289Z] Checked if tokens are valid: true, expires at: 1767910446517
[info] i  firestore: deploying indexes... 
[debug] [2026-01-08T21:33:29.291Z] Checked if tokens are valid: true, expires at: 1767910446517
[debug] [2026-01-08T21:33:29.291Z] Checked if tokens are valid: true, expires at: 1767910446517
[debug] [2026-01-08T21:33:29.291Z] >>> [apiv2][query] GET https://firebaserules.googleapis.com/v1/projects/blog-ca662/releases pageSize=10&pageToken=
[debug] [2026-01-08T21:33:29.291Z] >>> [apiv2][query] GET https://firestore.googleapis.com/v1/projects/blog-ca662/databases/(default)/collectionGroups/-/indexes [none]
[debug] [2026-01-08T21:33:29.529Z] <<< [apiv2][status] GET https://firebaserules.googleapis.com/v1/projects/blog-ca662/releases 200
[debug] [2026-01-08T21:33:29.529Z] <<< [apiv2][body] GET https://firebaserules.googleapis.com/v1/projects/blog-ca662/releases {"releases":[{"name":"projects/blog-ca662/releases/cloud.firestore","rulesetName":"projects/blog-ca662/rulesets/332e2199-bedf-4688-8094-49a40307f24f","createTime":"2023-10-31T14:06:19.804733Z","updateTime":"2024-05-30T22:06:20.797712Z"},{"name":"projects/blog-ca662/releases/firebase.storage/blog-ca662.appspot.com","rulesetName":"projects/blog-ca662/rulesets/e1d7bc46-73f8-4853-b023-473f16570555","createTime":"2023-11-04T03:51:29.134986Z","updateTime":"2023-11-04T03:51:41.117926Z"}]}
[debug] [2026-01-08T21:33:29.529Z] Checked if tokens are valid: true, expires at: 1767910446517
[debug] [2026-01-08T21:33:29.529Z] Checked if tokens are valid: true, expires at: 1767910446517
[debug] [2026-01-08T21:33:29.530Z] >>> [apiv2][query] GET https://firebaserules.googleapis.com/v1/projects/blog-ca662/rulesets/332e2199-bedf-4688-8094-49a40307f24f [none]
[debug] [2026-01-08T21:33:29.756Z] <<< [apiv2][status] GET https://firebaserules.googleapis.com/v1/projects/blog-ca662/rulesets/332e2199-bedf-4688-8094-49a40307f24f 200
[debug] [2026-01-08T21:33:29.756Z] <<< [apiv2][body] GET https://firebaserules.googleapis.com/v1/projects/blog-ca662/rulesets/332e2199-bedf-4688-8094-49a40307f24f [omitted]
[info] i  firestore: latest version of firestore.rules already up to date, skipping upload... 
[debug] [2026-01-08T21:33:29.918Z] <<< [apiv2][status] GET https://firestore.googleapis.com/v1/projects/blog-ca662/databases/(default)/collectionGroups/-/indexes 200
[debug] [2026-01-08T21:33:29.918Z] <<< [apiv2][body] GET https://firestore.googleapis.com/v1/projects/blog-ca662/databases/(default)/collectionGroups/-/indexes {"indexes":[{"name":"projects/blog-ca662/databases/(default)/collectionGroups/articles/indexes/CICAgJim14AK","queryScope":"COLLECTION","fields":[{"fieldPath":"titulo","arrayConfig":"CONTAINS"},{"fieldPath":"fecha","order":"DESCENDING"},{"fieldPath":"__name__","order":"DESCENDING"}],"state":"READY","density":"SPARSE_ALL"},{"name":"projects/blog-ca662/databases/(default)/collectionGroups/articles/indexes/CICAgJjF9oIK","queryScope":"COLLECTION","fields":[{"fieldPath":"titulo","order":"ASCENDING"},{"fieldPath":"fecha","order":"DESCENDING"},{"fieldPath":"__name__","order":"DESCENDING"}],"state":"READY","density":"SPARSE_ALL"},{"name":"projects/blog-ca662/databases/(default)/collectionGroups/articles/indexes/CICAgJiUpoMK","queryScope":"COLLECTION","fields":[{"fieldPath":"titulo","order":"ASCENDING"},{"fieldPath":"id","order":"ASCENDING"},{"fieldPath":"__name__","order":"ASCENDING"}],"state":"READY","density":"SPARSE_ALL"},{"name":"projects/blog-ca662/databases/(default)/collectionGroups/articles/indexes/CICAgJiUsZIK","queryScope":"COLLECTION","fields":[{"fieldPath":"fecha","order":"DESCENDING"},{"fieldPath":"titulo","order":"ASCENDING"},{"fieldPath":"__name__","order":"ASCENDING"}],"state":"READY","density":"SPARSE_ALL"}]}
[debug] [2026-01-08T21:33:29.918Z] Checked if tokens are valid: true, expires at: 1767910446517
[debug] [2026-01-08T21:33:29.918Z] Checked if tokens are valid: true, expires at: 1767910446517
[debug] [2026-01-08T21:33:29.918Z] >>> [apiv2][query] GET https://firestore.googleapis.com/v1/projects/blog-ca662/databases/(default)/collectionGroups/-/fields?filter=indexConfig.usesAncestorConfig=false OR ttlConfig:* [none]
[debug] [2026-01-08T21:33:30.158Z] <<< [apiv2][status] GET https://firestore.googleapis.com/v1/projects/blog-ca662/databases/(default)/collectionGroups/-/fields?filter=indexConfig.usesAncestorConfig=false OR ttlConfig:* 200
[debug] [2026-01-08T21:33:30.158Z] <<< [apiv2][body] GET https://firestore.googleapis.com/v1/projects/blog-ca662/databases/(default)/collectionGroups/-/fields?filter=indexConfig.usesAncestorConfig=false OR ttlConfig:* {"fields":[{"name":"projects/blog-ca662/databases/(default)/collectionGroups/__default__/fields/*","indexConfig":{"indexes":[{"queryScope":"COLLECTION","fields":[{"fieldPath":"*","order":"ASCENDING"}],"state":"READY"},{"queryScope":"COLLECTION","fields":[{"fieldPath":"*","order":"DESCENDING"}],"state":"READY"},{"queryScope":"COLLECTION","fields":[{"fieldPath":"*","arrayConfig":"CONTAINS"}],"state":"READY"}]}}]}
[debug] [2026-01-08T21:33:30.159Z] Skipping existing index: {"collectionGroup":"articles","queryScope":"COLLECTION","fields":[{"fieldPath":"fecha","order":"DESCENDING"},{"fieldPath":"titulo","order":"ASCENDING"}]}
[debug] [2026-01-08T21:33:30.159Z] Skipping existing index: {"collectionGroup":"articles","queryScope":"COLLECTION","fields":[{"fieldPath":"titulo","order":"ASCENDING"},{"fieldPath":"fecha","order":"DESCENDING"}]}
[debug] [2026-01-08T21:33:30.159Z] Skipping existing index: {"collectionGroup":"articles","queryScope":"COLLECTION","fields":[{"fieldPath":"titulo","order":"ASCENDING"},{"fieldPath":"id","order":"ASCENDING"}]}
[debug] [2026-01-08T21:33:30.159Z] Skipping existing index: {"collectionGroup":"articles","queryScope":"COLLECTION","fields":[{"fieldPath":"titulo","arrayConfig":"CONTAINS"},{"fieldPath":"fecha","order":"DESCENDING"}]}
[info] +  firestore: deployed indexes in firestore.indexes.json successfully for (default) database 
[info] i  hosting[blog-ca662]: beginning deploy... 
[info] i  hosting[blog-ca662]: found 105 files in .firebase\blog-ca662\hosting 
[debug] [2026-01-08T21:33:30.195Z] [hosting] uploading with 200 concurrency
[debug] [2026-01-08T21:33:30.196Z] [hosting] hash cache [LmZpcmViYXNlXGJsb2ctY2E2NjJcaG9zdGluZw] not populated
[debug] [2026-01-08T21:33:32.291Z] Checked if tokens are valid: true, expires at: 1767910446517
[debug] [2026-01-08T21:33:32.291Z] Checked if tokens are valid: true, expires at: 1767910446517
[debug] [2026-01-08T21:33:32.295Z] [hosting] hash cache [LmZpcmViYXNlXGJsb2ctY2E2NjJcaG9zdGluZw] stored for 105 files
[debug] [2026-01-08T21:33:32.295Z] [hosting][hash queue][FINAL] {"max":2079,"min":157,"avg":697.3333333333335,"active":0,"complete":105,"success":105,"errored":0,"retried":0,"total":105,"elapsed":2098}
[debug] [2026-01-08T21:33:32.295Z] >>> [apiv2][query] POST https://firebasehosting.googleapis.com/v1beta1/projects/284614412812/sites/blog-ca662/versions/d65decd796671972:populateFiles [none]
[debug] [2026-01-08T21:33:32.296Z] >>> [apiv2][body] POST https://firebasehosting.googleapis.com/v1beta1/projects/284614412812/sites/blog-ca662/versions/d65decd796671972:populateFiles {"files":{"/sitemap.xml":"68a3c00fedc53fc20621b687d764016a3a241cbc01a61d0af60fe2ae1a1929c2","/_global-error.html":"3be1d01b430ebd6d31aa58da1cc00eb7e22c9867a9788e4bd31cab06c33b1472","/robots.txt":"f8e3790994e3e8ec2ff4c8cbaf31f211833424ba52d0fae12908a54c2ddf34e7","/sitemap-0.xml":"cf853758f15d73baaaf71412dc250960d8852633fe5a509d9e344447cf1eb7f0","/favicon.ico":"45f75d5e6378e9268a50141e9f38dc98f12626d1bbbca920ac9bb3299b3d1cd7","/_not-found.html":"5b856860d944414a7025f4b4b9f2039e9f2d9bdb130b7397dac93b875ff6feac","/500.html":"3be1d01b430ebd6d31aa58da1cc00eb7e22c9867a9788e4bd31cab06c33b1472","/contacto.html":"a81032fd69caa1acb665abe2f62ec6cc2ddc473d28887684df3b11fc17334a0a","/_next/static/media/vercel.a3e76a8d.svg":"3e4dcb2aa72833f0a509ba4ab5627d19c47c902b7cefb4b336605c017468bdfe","/index.html":"f777e9e43e6134ebfb6ed7f14890b19a83a937851ed824348f90bbafea1bf9ad","/_next/static/media/favicon.b3b31c1b.ico":"45f75d5e6378e9268a50141e9f38dc98f12626d1bbbca920ac9bb3299b3d1cd7","/_next/static/media/e1ccd2766b08c828-s.838318db.woff2":"3db59b6f8d778b76875738873b5373463441751220b805ab14373c60edff67fa","/_next/static/media/ad66f9afd8947f86-s.7a40eb73.woff2":"21b0ae0980798b857a8228d5c0a8a31372bd0b5db034530c056f3b36b037e482","/sobremi.html":"5d06a384813a6b8ce8712a514fe91e03ba5c318523324a9ef90a3040f840df92","/_next/static/coy1Mf8frX9anXXp4TtXw/_clientMiddlewareManifest.json":"61663fde99b3394d71653f41c19fe91269442622a4a6695f8352a70fbf5ca4c1","/_next/static/coy1Mf8frX9anXXp4TtXw/_ssgManifest.js":"1dc91f19c19c7fecab70147b7410104f5a1120d149cf7cb6b13a6770d77d7966","/_next/static/media/2bbe8d2671613f1f-s.76dcb0b2.woff2":"5ef466d8ca6f4a51fa3751faea59ad2f63b15dbf9782ae4246bcadacc57f6b8f","/_next/static/coy1Mf8frX9anXXp4TtXw/_buildManifest.js":"dcbe1c9b9159ca21caea98e1bad364012ae284e9551375ca62b83d2811efac91","/_next/static/chunks/ff27fbd2fec8d852.js":"d724c1159781a7eaa996f9b8ecd461dc5fee64202793c48c1d0e2d832cbe89c0","/_next/static/chunks/fb55646723c6a9d2.js":"ace4c9111db9a6b38284db52657e69060f07a8086b5fca3d883dec66c3ad68b2","/_next/static/chunks/turbopack-e512d1fe5c90f397.js":"20e415ccaded15caf4aca4d415e0abc21db9918927f3674aa922edf8706392fe","/_next/static/chunks/f5ca83d65faec0a4.js":"506839188bb5af39703c4477bbb4df116d131452c1b59d6ffd1ccfcc2a5b6581","/_next/static/chunks/f55b0de17f00181e.js":"e5394fb2030a066452d0a7f10e1e29f1a19fe2c48bc88a1141eac84e862c2833","/404.html":"5b856860d944414a7025f4b4b9f2039e9f2d9bdb130b7397dac93b875ff6feac","/_next/static/chunks/ec6e1e989deafd9c.js":"044f667fd10002f01ac211702350b4beea69c8d1fa2aadaf7971277ad0a36ed2","/_next/static/chunks/ebf133ba149c9f42.js":"82f27834f41bbedd11ba00a8e6411280f0150134b95ecff21865f2b62273f56a","/_next/static/chunks/e3261e07e7102a89.js":"bf734772db54c41cbe0b53de8b60dd55fd639c3ff226e0ab13c7c70edab62ce1","/_next/static/chunks/d96012bcfc98706a.js":"6cab918c834e4af36cab3d8f0370ebb1ef61568d672667bb41255d19a15d7109","/_next/static/chunks/cb233c8db84e9b54.js":"9f0a9161a43ee8c237aab3768e7c31d046378ab797677fbb4d14324c69ab3061","/_next/static/media/e9457141811d41ae-s.30a48620.woff2":"2d00b42a1fba09f0e23a707198ea6db865f97113e321825d3bf7841485f029e0","/_next/static/media/e7150917543fc9da-s.8200e9a3.woff2":"52150205a3ff78ae1d310a2ca5627e513c877bb5acad35fab5d51017ef5af476","/_next/static/media/9c72aa0f40e4eef8-s.18a48cbc.woff2":"aeb03c5c1522d2fe6f6384711817dbd6cdbbb3dfa99276adf7325e9eacdae1ee","/_next/static/media/ac34884600cd8d5d-s.7d4c278c.woff2":"df5eaeac1f6d51d085420a38d3d2aa72ccc2c6416a2bac79256a84b90fd36070","/_next/static/media/71fbf9c08529c2a5-s.91ff3091.woff2":"585d56896ef24693dfe922165efbf7ca9f0c3ba572ebb21e350dbbda6fd21934","/_next/static/media/5476f68d60460930-s.c995e352.woff2":"c4de9995b3bb8a73da02308cb75721515f897229c3c422e51304e8afc4bdeccd","/_next/static/media/2c55a0e60120577a-s.2a48534a.woff2":"4ca02247386c89e13dde6791dd0632e3f22aaf94e91bc35ece0edf79ff3e0e77","/_next/static/media/507a47c1876d4ec2-s.303dbfb4.woff2":"259476323f7d26ce7c4c939425d338088e584c2c5c48a487edf1d0ff6d96b88e","/_next/static/chunks/ec8b185a9221424a.js":"c382b867ce2ce0de51eb340bc815e1ff6698550b1a831adbe3a0ddf900b6ff63","/_next/static/media/8c2eb9ceedecfc8e-s.p.21935807.woff2":"906faab67d75dd1f94e4105804f26826a26547f9bc85eb6c113d71dd92a68e60","/_next/static/media/83afe278b6a6bb3c-s.p.3a6ba036.woff2":"86835ac53a0e1de04820388d01b501389d5e9311509282b5e3bfbfc752754083","/_next/static/chunks/cb15cf34fdcc2fa7.js":"12fb794e986937f753343bffd841d84fab4614ce9e9103d3e827bd22022df536","/_next/static/chunks/ffd67a335d30cd5b.js":"ae7eaa7864b59c40d5e581c0702eb226da5d4d0f1ad47f7ce5d3e771adea3966","/_next/static/chunks/db459f5cc1fcad9f.js":"e91f9988b5a3f3becf87390d1b2c86776bae1cfcceaca54d1b716940e1373a5f","/_next/static/chunks/c628f05a212befc9.js":"4164a7e0167f49d7b0e66fcea8b3eb5689d3f4b2fd956d200c2ce0bf7160c114","/_next/static/chunks/b60df4c31e442d3a.js":"fdd46407eee8ecc9acd465a778e3a74be6f80918007574929520744f89de8f68","/_next/static/chunks/bb2d37474fcb2889.js":"aa67db5b42ae22f645770b7f06a26fde6c6bd02f4e8f39c50d57b17041d8474e","/_next/static/chunks/b3568856fad4f85f.js":"c9587722d30214cf1836b0317e1748e869860b335e699a7bd0154c874fae414d","/_next/static/chunks/bad89ccc4ae5d43d.js":"ea31c51f0adab3403d49fa1914526ac789ff5c18d672e4124b2b07b1d9e3d138","/_next/static/chunks/a240be06b3604ac5.js":"29136d64c5f13a05832d858b6ba8fb1048f3b5acae717c7dfe50a2c2ef44a0f3","/_next/static/chunks/9eff449c4972c658.js":"02d13a32ab3a9448f74233988c2bd3554129e7e03cb388b75ae2ba3bdef882db","/_next/static/chunks/9c5457318a95020d.js":"8053775d4b9752de6e4802b163120ec32c048c39a04473635e49149bd228f158","/_next/static/chunks/8c0bc59115f85695.js":"777bd807569d1a32adfb00d14b0728659836fef26ef0d2f26428ecad46842c7e","/_next/static/chunks/8888b93bcd52ba8d.js":"fd09d13edd209a0718366e922ade6b37eac7a71969402a8bf20805679665ca45","/_next/static/chunks/963c71eec1d89c3f.js":"b35c488e105c868eadf91ee4b16550ddb52aaef62d77502b5488b790960e9615","/_next/static/chunks/7e35a3ad8713683e.js":"cb1daffa3c007cc5f2672a1be15d991cfd2fcaf9d2a7cee274a177032927aa3f","/_next/static/chunks/7a1563a9d8a70b81.js":"247f449d5dec727f4200bd7a3ceb981a76620dcf0eccdf89c6c3804d985d5112","/_next/static/chunks/79659c7bb0b73fed.js":"8ba0263303705bdeb5e5f8e2d03ed5b8e7fbe9f067881e09106b7d5cff90489c","/_next/static/chunks/7d261fba7ae2a825.js":"5532e870310617e7462198fe824f90055a9c390cd5dca3cf5d8478d09787a28f","/_next/static/chunks/63c218ce0242d93c.js":"cb7e5250edffcca9aecc31d38600eec77260023043eb686bee77463b59ba6402","/_next/static/chunks/96b4c25f76184182.js":"1a5483aa3a487355dd88f9807178e9daf610947e91e115613683a7c63924de08","/_next/static/chunks/559bdb69ebd02119.js":"3aabbe94706453b3a2914d222f3230111d9767bd497f0a7c2a94c30d8aa1addc","/_next/static/chunks/5a5025548a46274f.js":"0b4ff7f456703b7421c8512bf7d252d103431c7cbbeadf18c0b06d49052eb489","/_next/static/chunks/aa02ea16d88ddf33.js":"3764fe8113fb9bb08f556a0badc949354694476c04f9d92d16939fda6a1e0148","/_next/static/chunks/47e74f86775e3e46.js":"60bb02d60ee66cebceec7c0da0e1f7722772b2c61e2dc145115fb97713fa42f9","/_next/static/chunks/45266c6ff7ac754a.css":"4f166e2fc9cdff58e7788dceb178e00feceb93f2616e1001df59fd5044f80ab1","/_next/static/chunks/555a37b48c4b4d3d.js":"c003b1b620a390ab457b27778ce6f9507f66552be7d72e262f1eedbb51585e7e","/_next/static/chunks/3a54e531810d76b0.js":"57bcc8428230e17fe90736b82aa939f6f3b66c4a4ccb39b1afa049e242bd6f8b","/_next/static/chunks/3420e7f1d1990697.js":"6bc52f9a7ac8b6880f0552b39e1b046c057e0b864a0feb2be5798f83c79b53e8","/_next/static/chunks/4af7221124624ab4.js":"41dfaad8d5068cd9ea342035cbd8819e1ad29d0c215e5d85b75705df9142e421","/_next/static/chunks/23c014acf6140fad.js":"e2f915d82f6ffbd2e5cad51c17e5e54c3e4ffd76ab72153d9701892b9d6810f8","/_next/static/chunks/16bbe515349ebe61.js":"ad1188edb838a13c3e3a230d65dcc402edcfc6caa63b2f287d5a7093d63b3bd6","/_next/static/chunks/bc99daab626db6a5.js":"379e9123453376a441f107edd499da397a6bcbf444dab0e53ad4ae8cd8220a3f","/_next/static/chunks/4c16261f0f27151c.js":"0a2ed3b1b4f91d97b253215d1dd946c68f007a78a1c965d30f571d27a74be597","/_next/static/chunks/1488b8cd3978be34.js":"4cd2c40b33c44a224c8e0ffc73900c33cdd08cf2e1a4bc4bb76ae6091a337bb4","/_next/static/chunks/9be27002af0da510.js":"4dcd0f75b2b46c64bebe9faf08499f2e0888ebba08ed7d899865d184e8ec93cf","/_next/static/media/1bffadaabf893a1e-s.7cd81963.woff2":"cd2992a875e4939d47289a3cc44c8b8a0e63817f4cc9fbd8b3bdf93b5f66fbb3","/_next/static/chunks/10f6785f00e0e5f4.js":"8dcaa1879d74624418e6dd617de72b3a00589aafe33e0a2ae57636243935d7f9","/_next/static/chunks/a6dad97d9634a72d.js.map":"25ae05f2ece4bc46d2351a2660b3f4347f1adc4181c38f3f596f60ccd615db6f","/_next/static/chunks/a6dad97d9634a72d.js":"18e28d3214eda45048d80d3925ea7627b809e69ad2e95f7f98459e9146a61c3d","/_next/static/chunks/0f84e20767a37e22.css":"37d8011912386c508beec3dabb06a8661bc30a58d96880cd5993c234ac880022","/_next/static/chunks/0adad04bf8dc0e78.js":"29e55ed0647f9640f01f85ce963daccfe8f89d0e427cceef3859cfcf789f1982","/_next/static/chunks/04cb280114eeb029.js":"11412118b81b35180c87c2753bc1700557b3aa3a59ecb402eaf2152615983335","/_next/static/chunks/01aea1dcab130fe2.js":"fa1d0509b3810013fa135b0f0761c995e25825baab6900eaf0145f09fe2f08d8","/_next/static/chunks/00f1df9874f0f9f3.js":"d580db318eb10377fb3c4874f3b9c944e61a63eff0350f2e8a65e271fd5d8d66","/img/w3t-logo.svg":"d857f4e77c750181382054393f715f89d024402da121ff2b094374f767ec1145","/img/vercel.svg":"3e4dcb2aa72833f0a509ba4ab5627d19c47c902b7cefb4b336605c017468bdfe","/img/skeleton.svg":"baca9afdf11fc0c67ccef507daf9971d8272309850c74a234b1734dba5a1341d","/img/logo.svg":"8f8d9e5533dfabe08583bf87d253b77f7807a5b7054c5f175635f021e1b47887","/img/logo-white.svg":"95a75d706bf6deb3c10346b538440d5055f061c79045059a6235a3e52d9dfb53","/_next/static/chunks/249284945a31060b.js":"aff1ce9926aa685ffd4b1208e106f77a6bc8be51c8b746bb3485f9c17871c7f7","/_next/static/chunks/e3703834d0c93667.js":"a049273349494f3cab0c13dd0236ae0baeb066e708a9cd19a26c9d36ad5a633e","/_next/static/chunks/15aac59396339d89.js":"c8c8a5011771dc68811a23b1db48ffbed728422b97e897722d4b974a65389217","/_next/static/chunks/b056a15eec95302c.js":"60c12bf02bc1194580d36fa5889b7f0f9243e73cdb6416705b8f84d1a81e2be4","/_next/static/chunks/109ded6b176cf8ff.js":"4d6680880956b91ba4ee6950e88c9e202f8d983d1031f3fcf65606e3051826e2","/_next/static/chunks/f9a2aaa855d8520a.js":"d0c734083de2c08a1f29bfb61af7d55cf156390978d545dc450f246f281bac72","/img/opengraph.jpg":"8202d17395555cf4b76c840dc1dd71b2bb682aca2876555e6fad9e1c6500e534","/_next/static/chunks/f4f0332781ec995c.js":"48ece4f3c99b3dc5a27cabafd1c0cf87631d94513360cc1d3193fff192cfcb3c","/_next/static/chunks/f97bd77b1c25fa68.js":"b7d46e7c256c45a33a70d05605883d922db995918a34774df073d9c40555e922","/_next/static/chunks/b07a167ea9343828.js":"dac5bc3cb64e4713c921622bd38e55f69c74a93a330f049a5af71e68002f9732","/fonts/Inter-Regular.otf":"e8df7ff9165dd3e9632640b30016c77cc5b7d9646d9e6d089b0c2bc2e0417dbe","/_next/static/chunks/6e52f4e97db81764.js":"7f2422c0b816802f4a54b5fd9d5d57362f8ae4b57ae554d35c9577a73536c995","/fonts/Inter-Bold.otf":"eaccc6bdc1b10574d46c9adc789e1d1f566d8d3488acef56a19b9380eed0f39a","/opengraph.jpg":"eb38813e28641586f007a67b4bf9be413679343178fc7361d734db96147a9fa5","/_next/static/chunks/3ee71c0b8c63d0ae.js":"530f6bab9a5202024ed8d77f8b5d7d57bb7e6c779706753d21397a4c6e471e5b","/_next/static/chunks/e63dbc7cb52192fe.js":"4584471c28a3854d6568e419c9d5347d0f791219458be74c4a2b597d7df6624a"}}
[debug] [2026-01-08T21:33:32.999Z] <<< [apiv2][status] POST https://firebasehosting.googleapis.com/v1beta1/projects/284614412812/sites/blog-ca662/versions/d65decd796671972:populateFiles 200
[debug] [2026-01-08T21:33:32.999Z] <<< [apiv2][body] POST https://firebasehosting.googleapis.com/v1beta1/projects/284614412812/sites/blog-ca662/versions/d65decd796671972:populateFiles {"uploadRequiredHashes":["c4de9995b3bb8a73da02308cb75721515f897229c3c422e51304e8afc4bdeccd","fdd46407eee8ecc9acd465a778e3a74be6f80918007574929520744f89de8f68","c9587722d30214cf1836b0317e1748e869860b335e699a7bd0154c874fae414d","aff1ce9926aa685ffd4b1208e106f77a6bc8be51c8b746bb3485f9c17871c7f7","ad1188edb838a13c3e3a230d65dcc402edcfc6caa63b2f287d5a7093d63b3bd6","247f449d5dec727f4200bd7a3ceb981a76620dcf0eccdf89c6c3804d985d5112","0a2ed3b1b4f91d97b253215d1dd946c68f007a78a1c965d30f571d27a74be597","0b4ff7f456703b7421c8512bf7d252d103431c7cbbeadf18c0b06d49052eb489","4f166e2fc9cdff58e7788dceb178e00feceb93f2616e1001df59fd5044f80ab1","29136d64c5f13a05832d858b6ba8fb1048f3b5acae717c7dfe50a2c2ef44a0f3","4ca02247386c89e13dde6791dd0632e3f22aaf94e91bc35ece0edf79ff3e0e77","ae7eaa7864b59c40d5e581c0702eb226da5d4d0f1ad47f7ce5d3e771adea3966","cd2992a875e4939d47289a3cc44c8b8a0e63817f4cc9fbd8b3bdf93b5f66fbb3","8053775d4b9752de6e4802b163120ec32c048c39a04473635e49149bd228f158","41dfaad8d5068cd9ea342035cbd8819e1ad29d0c215e5d85b75705df9142e421","c003b1b620a390ab457b27778ce6f9507f66552be7d72e262f1eedbb51585e7e","68a3c00fedc53fc20621b687d764016a3a241cbc01a61d0af60fe2ae1a1929c2","e2f915d82f6ffbd2e5cad51c17e5e54c3e4ffd76ab72153d9701892b9d6810f8","60bb02d60ee66cebceec7c0da0e1f7722772b2c61e2dc145115fb97713fa42f9","4cd2c40b33c44a224c8e0ffc73900c33cdd08cf2e1a4bc4bb76ae6091a337bb4","20e415ccaded15caf4aca4d415e0abc21db9918927f3674aa922edf8706392fe","530f6bab9a5202024ed8d77f8b5d7d57bb7e6c779706753d21397a4c6e471e5b","7f2422c0b816802f4a54b5fd9d5d57362f8ae4b57ae554d35c9577a73536c995","8ba0263303705bdeb5e5f8e2d03ed5b8e7fbe9f067881e09106b7d5cff90489c","e5394fb2030a066452d0a7f10e1e29f1a19fe2c48bc88a1141eac84e862c2833","b7d46e7c256c45a33a70d05605883d922db995918a34774df073d9c40555e922","ea31c51f0adab3403d49fa1914526ac789ff5c18d672e4124b2b07b1d9e3d138","3764fe8113fb9bb08f556a0badc949354694476c04f9d92d16939fda6a1e0148","02d13a32ab3a9448f74233988c2bd3554129e7e03cb388b75ae2ba3bdef882db","37d8011912386c508beec3dabb06a8661bc30a58d96880cd5993c234ac880022","52150205a3ff78ae1d310a2ca5627e513c877bb5acad35fab5d51017ef5af476","60c12bf02bc1194580d36fa5889b7f0f9243e73cdb6416705b8f84d1a81e2be4","12fb794e986937f753343bffd841d84fab4614ce9e9103d3e827bd22022df536","777bd807569d1a32adfb00d14b0728659836fef26ef0d2f26428ecad46842c7e","a81032fd69caa1acb665abe2f62ec6cc2ddc473d28887684df3b11fc17334a0a","dac5bc3cb64e4713c921622bd38e55f69c74a93a330f049a5af71e68002f9732","906faab67d75dd1f94e4105804f26826a26547f9bc85eb6c113d71dd92a68e60","f777e9e43e6134ebfb6ed7f14890b19a83a937851ed824348f90bbafea1bf9ad","86835ac53a0e1de04820388d01b501389d5e9311509282b5e3bfbfc752754083","2d00b42a1fba09f0e23a707198ea6db865f97113e321825d3bf7841485f029e0","6bc52f9a7ac8b6880f0552b39e1b046c057e0b864a0feb2be5798f83c79b53e8","044f667fd10002f01ac211702350b4beea69c8d1fa2aadaf7971277ad0a36ed2","21b0ae0980798b857a8228d5c0a8a31372bd0b5db034530c056f3b36b037e482","4584471c28a3854d6568e419c9d5347d0f791219458be74c4a2b597d7df6624a","a049273349494f3cab0c13dd0236ae0baeb066e708a9cd19a26c9d36ad5a633e","5b856860d944414a7025f4b4b9f2039e9f2d9bdb130b7397dac93b875ff6feac","9f0a9161a43ee8c237aab3768e7c31d046378ab797677fbb4d14324c69ab3061","4dcd0f75b2b46c64bebe9faf08499f2e0888ebba08ed7d899865d184e8ec93cf","aeb03c5c1522d2fe6f6384711817dbd6cdbbb3dfa99276adf7325e9eacdae1ee","11412118b81b35180c87c2753bc1700557b3aa3a59ecb402eaf2152615983335","aa67db5b42ae22f645770b7f06a26fde6c6bd02f4e8f39c50d57b17041d8474e","48ece4f3c99b3dc5a27cabafd1c0cf87631d94513360cc1d3193fff192cfcb3c","bf734772db54c41cbe0b53de8b60dd55fd639c3ff226e0ab13c7c70edab62ce1","18e28d3214eda45048d80d3925ea7627b809e69ad2e95f7f98459e9146a61c3d","259476323f7d26ce7c4c939425d338088e584c2c5c48a487edf1d0ff6d96b88e","5d06a384813a6b8ce8712a514fe91e03ba5c318523324a9ef90a3040f840df92","e91f9988b5a3f3becf87390d1b2c86776bae1cfcceaca54d1b716940e1373a5f","6cab918c834e4af36cab3d8f0370ebb1ef61568d672667bb41255d19a15d7109","379e9123453376a441f107edd499da397a6bcbf444dab0e53ad4ae8cd8220a3f","506839188bb5af39703c4477bbb4df116d131452c1b59d6ffd1ccfcc2a5b6581","c382b867ce2ce0de51eb340bc815e1ff6698550b1a831adbe3a0ddf900b6ff63","3be1d01b430ebd6d31aa58da1cc00eb7e22c9867a9788e4bd31cab06c33b1472","b35c488e105c868eadf91ee4b16550ddb52aaef62d77502b5488b790960e9615","dcbe1c9b9159ca21caea98e1bad364012ae284e9551375ca62b83d2811efac91","cb7e5250edffcca9aecc31d38600eec77260023043eb686bee77463b59ba6402","cf853758f15d73baaaf71412dc250960d8852633fe5a509d9e344447cf1eb7f0","3aabbe94706453b3a2914d222f3230111d9767bd497f0a7c2a94c30d8aa1addc","fd09d13edd209a0718366e922ade6b37eac7a71969402a8bf20805679665ca45","fa1d0509b3810013fa135b0f0761c995e25825baab6900eaf0145f09fe2f08d8","57bcc8428230e17fe90736b82aa939f6f3b66c4a4ccb39b1afa049e242bd6f8b","d580db318eb10377fb3c4874f3b9c944e61a63eff0350f2e8a65e271fd5d8d66","61663fde99b3394d71653f41c19fe91269442622a4a6695f8352a70fbf5ca4c1","29e55ed0647f9640f01f85ce963daccfe8f89d0e427cceef3859cfcf789f1982","8dcaa1879d74624418e6dd617de72b3a00589aafe33e0a2ae57636243935d7f9","585d56896ef24693dfe922165efbf7ca9f0c3ba572ebb21e350dbbda6fd21934","ace4c9111db9a6b38284db52657e69060f07a8086b5fca3d883dec66c3ad68b2","3db59b6f8d778b76875738873b5373463441751220b805ab14373c60edff67fa","d0c734083de2c08a1f29bfb61af7d55cf156390978d545dc450f246f281bac72","1a5483aa3a487355dd88f9807178e9daf610947e91e115613683a7c63924de08","cb1daffa3c007cc5f2672a1be15d991cfd2fcaf9d2a7cee274a177032927aa3f","25ae05f2ece4bc46d2351a2660b3f4347f1adc4181c38f3f596f60ccd615db6f","4164a7e0167f49d7b0e66fcea8b3eb5689d3f4b2fd956d200c2ce0bf7160c114","c8c8a5011771dc68811a23b1db48ffbed728422b97e897722d4b974a65389217","5532e870310617e7462198fe824f90055a9c390cd5dca3cf5d8478d09787a28f","df5eaeac1f6d51d085420a38d3d2aa72ccc2c6416a2bac79256a84b90fd36070","4d6680880956b91ba4ee6950e88c9e202f8d983d1031f3fcf65606e3051826e2","d724c1159781a7eaa996f9b8ecd461dc5fee64202793c48c1d0e2d832cbe89c0","82f27834f41bbedd11ba00a8e6411280f0150134b95ecff21865f2b62273f56a"],"uploadUrl":"https://upload-firebasehosting.googleapis.com/upload/sites/blog-ca662/versions/d65decd796671972/files"}
[debug] [2026-01-08T21:33:33.000Z] Checked if tokens are valid: true, expires at: 1767910446517
[debug] [2026-01-08T21:33:33.000Z] Checked if tokens are valid: true, expires at: 1767910446517
[debug] [2026-01-08T21:33:33.000Z] Checked if tokens are valid: true, expires at: 1767910446517
[debug] [2026-01-08T21:33:33.000Z] Checked if tokens are valid: true, expires at: 1767910446517
[debug] [2026-01-08T21:33:33.001Z] Checked if tokens are valid: true, expires at: 1767910446517
[debug] [2026-01-08T21:33:33.001Z] Checked if tokens are valid: true, expires at: 1767910446517
[debug] [2026-01-08T21:33:33.005Z] Checked if tokens are valid: true, expires at: 1767910446517
[debug] [2026-01-08T21:33:33.005Z] Checked if tokens are valid: true, expires at: 1767910446517
[debug] [2026-01-08T21:33:33.006Z] Checked if tokens are valid: true, expires at: 1767910446517
[debug] [2026-01-08T21:33:33.006Z] Checked if tokens are valid: true, expires at: 1767910446517
[debug] [2026-01-08T21:33:33.006Z] Checked if tokens are valid: true, expires at: 1767910446517
[debug] [2026-01-08T21:33:33.006Z] Checked if tokens are valid: true, expires at: 1767910446517
[debug] [2026-01-08T21:33:33.007Z] Checked if tokens are valid: true, expires at: 1767910446517
[debug] [2026-01-08T21:33:33.007Z] Checked if tokens are valid: true, expires at: 1767910446517
[debug] [2026-01-08T21:33:33.007Z] Checked if tokens are valid: true, expires at: 1767910446517
[debug] [2026-01-08T21:33:33.007Z] Checked if tokens are valid: true, expires at: 1767910446517
[debug] [2026-01-08T21:33:33.007Z] Checked if tokens are valid: true, expires at: 1767910446517
[debug] [2026-01-08T21:33:33.007Z] Checked if tokens are valid: true, expires at: 1767910446517
[debug] [2026-01-08T21:33:33.007Z] Checked if tokens are valid: true, expires at: 1767910446517
[debug] [2026-01-08T21:33:33.008Z] Checked if tokens are valid: true, expires at: 1767910446517
[debug] [2026-01-08T21:33:33.008Z] Checked if tokens are valid: true, expires at: 1767910446517
[debug] [2026-01-08T21:33:33.008Z] Checked if tokens are valid: true, expires at: 1767910446517
[debug] [2026-01-08T21:33:33.008Z] Checked if tokens are valid: true, expires at: 1767910446517
[debug] [2026-01-08T21:33:33.009Z] Checked if tokens are valid: true, expires at: 1767910446517
[debug] [2026-01-08T21:33:33.009Z] Checked if tokens are valid: true, expires at: 1767910446517
[debug] [2026-01-08T21:33:33.009Z] Checked if tokens are valid: true, expires at: 1767910446517
[debug] [2026-01-08T21:33:33.009Z] Checked if tokens are valid: true, expires at: 1767910446517
[debug] [2026-01-08T21:33:33.010Z] Checked if tokens are valid: true, expires at: 1767910446517
[debug] [2026-01-08T21:33:33.010Z] Checked if tokens are valid: true, expires at: 1767910446517
[debug] [2026-01-08T21:33:33.010Z] Checked if tokens are valid: true, expires at: 1767910446517
[debug] [2026-01-08T21:33:33.010Z] Checked if tokens are valid: true, expires at: 1767910446517
[debug] [2026-01-08T21:33:33.010Z] Checked if tokens are valid: true, expires at: 1767910446517
[debug] [2026-01-08T21:33:33.010Z] Checked if tokens are valid: true, expires at: 1767910446517
[debug] [2026-01-08T21:33:33.010Z] Checked if tokens are valid: true, expires at: 1767910446517
[debug] [2026-01-08T21:33:33.010Z] Checked if tokens are valid: true, expires at: 1767910446517
[debug] [2026-01-08T21:33:33.010Z] Checked if tokens are valid: true, expires at: 1767910446517
[debug] [2026-01-08T21:33:33.011Z] Checked if tokens are valid: true, expires at: 1767910446517
[debug] [2026-01-08T21:33:33.011Z] Checked if tokens are valid: true, expires at: 1767910446517
[debug] [2026-01-08T21:33:33.012Z] Checked if tokens are valid: true, expires at: 1767910446517
[debug] [2026-01-08T21:33:33.012Z] Checked if tokens are valid: true, expires at: 1767910446517
[debug] [2026-01-08T21:33:33.012Z] Checked if tokens are valid: true, expires at: 1767910446517
[debug] [2026-01-08T21:33:33.012Z] Checked if tokens are valid: true, expires at: 1767910446517
[debug] [2026-01-08T21:33:33.012Z] Checked if tokens are valid: true, expires at: 1767910446517
[debug] [2026-01-08T21:33:33.012Z] Checked if tokens are valid: true, expires at: 1767910446517
[debug] [2026-01-08T21:33:33.013Z] Checked if tokens are valid: true, expires at: 1767910446517
[debug] [2026-01-08T21:33:33.013Z] Checked if tokens are valid: true, expires at: 1767910446517
[debug] [2026-01-08T21:33:33.013Z] Checked if tokens are valid: true, expires at: 1767910446517
[debug] [2026-01-08T21:33:33.013Z] Checked if tokens are valid: true, expires at: 1767910446517
[debug] [2026-01-08T21:33:33.014Z] Checked if tokens are valid: true, expires at: 1767910446517
[debug] [2026-01-08T21:33:33.014Z] Checked if tokens are valid: true, expires at: 1767910446517
[debug] [2026-01-08T21:33:33.014Z] Checked if tokens are valid: true, expires at: 1767910446517
[debug] [2026-01-08T21:33:33.014Z] Checked if tokens are valid: true, expires at: 1767910446517
[debug] [2026-01-08T21:33:33.014Z] Checked if tokens are valid: true, expires at: 1767910446517
[debug] [2026-01-08T21:33:33.014Z] Checked if tokens are valid: true, expires at: 1767910446517
[debug] [2026-01-08T21:33:33.014Z] Checked if tokens are valid: true, expires at: 1767910446517
[debug] [2026-01-08T21:33:33.014Z] Checked if tokens are valid: true, expires at: 1767910446517
[debug] [2026-01-08T21:33:33.015Z] Checked if tokens are valid: true, expires at: 1767910446517
[debug] [2026-01-08T21:33:33.015Z] Checked if tokens are valid: true, expires at: 1767910446517
[debug] [2026-01-08T21:33:33.015Z] Checked if tokens are valid: true, expires at: 1767910446517
[debug] [2026-01-08T21:33:33.015Z] Checked if tokens are valid: true, expires at: 1767910446517
[debug] [2026-01-08T21:33:33.016Z] Checked if tokens are valid: true, expires at: 1767910446517
[debug] [2026-01-08T21:33:33.016Z] Checked if tokens are valid: true, expires at: 1767910446517
[debug] [2026-01-08T21:33:33.016Z] Checked if tokens are valid: true, expires at: 1767910446517
[debug] [2026-01-08T21:33:33.016Z] Checked if tokens are valid: true, expires at: 1767910446517
[debug] [2026-01-08T21:33:33.016Z] Checked if tokens are valid: true, expires at: 1767910446517
[debug] [2026-01-08T21:33:33.016Z] Checked if tokens are valid: true, expires at: 1767910446517
[debug] [2026-01-08T21:33:33.016Z] Checked if tokens are valid: true, expires at: 1767910446517
[debug] [2026-01-08T21:33:33.016Z] Checked if tokens are valid: true, expires at: 1767910446517
[debug] [2026-01-08T21:33:33.016Z] Checked if tokens are valid: true, expires at: 1767910446517
[debug] [2026-01-08T21:33:33.016Z] Checked if tokens are valid: true, expires at: 1767910446517
[debug] [2026-01-08T21:33:33.017Z] Checked if tokens are valid: true, expires at: 1767910446517
[debug] [2026-01-08T21:33:33.017Z] Checked if tokens are valid: true, expires at: 1767910446517
[debug] [2026-01-08T21:33:33.017Z] Checked if tokens are valid: true, expires at: 1767910446517
[debug] [2026-01-08T21:33:33.017Z] Checked if tokens are valid: true, expires at: 1767910446517
[debug] [2026-01-08T21:33:33.017Z] Checked if tokens are valid: true, expires at: 1767910446517
[debug] [2026-01-08T21:33:33.017Z] Checked if tokens are valid: true, expires at: 1767910446517
[debug] [2026-01-08T21:33:33.017Z] Checked if tokens are valid: true, expires at: 1767910446517
[debug] [2026-01-08T21:33:33.017Z] Checked if tokens are valid: true, expires at: 1767910446517
[debug] [2026-01-08T21:33:33.017Z] Checked if tokens are valid: true, expires at: 1767910446517
[debug] [2026-01-08T21:33:33.017Z] Checked if tokens are valid: true, expires at: 1767910446517
[debug] [2026-01-08T21:33:33.022Z] Checked if tokens are valid: true, expires at: 1767910446517
[debug] [2026-01-08T21:33:33.022Z] Checked if tokens are valid: true, expires at: 1767910446517
[debug] [2026-01-08T21:33:33.022Z] Checked if tokens are valid: true, expires at: 1767910446517
[debug] [2026-01-08T21:33:33.022Z] Checked if tokens are valid: true, expires at: 1767910446517
[debug] [2026-01-08T21:33:33.022Z] Checked if tokens are valid: true, expires at: 1767910446517
[debug] [2026-01-08T21:33:33.022Z] Checked if tokens are valid: true, expires at: 1767910446517
[debug] [2026-01-08T21:33:33.023Z] Checked if tokens are valid: true, expires at: 1767910446517
[debug] [2026-01-08T21:33:33.023Z] Checked if tokens are valid: true, expires at: 1767910446517
[debug] [2026-01-08T21:33:33.023Z] Checked if tokens are valid: true, expires at: 1767910446517
[debug] [2026-01-08T21:33:33.023Z] Checked if tokens are valid: true, expires at: 1767910446517
[debug] [2026-01-08T21:33:33.023Z] Checked if tokens are valid: true, expires at: 1767910446517
[debug] [2026-01-08T21:33:33.023Z] Checked if tokens are valid: true, expires at: 1767910446517
[debug] [2026-01-08T21:33:33.023Z] Checked if tokens are valid: true, expires at: 1767910446517
[debug] [2026-01-08T21:33:33.023Z] Checked if tokens are valid: true, expires at: 1767910446517
[debug] [2026-01-08T21:33:33.023Z] Checked if tokens are valid: true, expires at: 1767910446517
[debug] [2026-01-08T21:33:33.024Z] Checked if tokens are valid: true, expires at: 1767910446517
[debug] [2026-01-08T21:33:33.024Z] Checked if tokens are valid: true, expires at: 1767910446517
[debug] [2026-01-08T21:33:33.024Z] Checked if tokens are valid: true, expires at: 1767910446517
[debug] [2026-01-08T21:33:33.024Z] Checked if tokens are valid: true, expires at: 1767910446517
[debug] [2026-01-08T21:33:33.024Z] Checked if tokens are valid: true, expires at: 1767910446517
[debug] [2026-01-08T21:33:33.024Z] Checked if tokens are valid: true, expires at: 1767910446517
[debug] [2026-01-08T21:33:33.024Z] Checked if tokens are valid: true, expires at: 1767910446517
[debug] [2026-01-08T21:33:33.024Z] Checked if tokens are valid: true, expires at: 1767910446517
[debug] [2026-01-08T21:33:33.024Z] Checked if tokens are valid: true, expires at: 1767910446517
[debug] [2026-01-08T21:33:33.025Z] Checked if tokens are valid: true, expires at: 1767910446517
[debug] [2026-01-08T21:33:33.025Z] Checked if tokens are valid: true, expires at: 1767910446517
[debug] [2026-01-08T21:33:33.025Z] Checked if tokens are valid: true, expires at: 1767910446517
[debug] [2026-01-08T21:33:33.025Z] Checked if tokens are valid: true, expires at: 1767910446517
[debug] [2026-01-08T21:33:33.025Z] Checked if tokens are valid: true, expires at: 1767910446517
[debug] [2026-01-08T21:33:33.026Z] Checked if tokens are valid: true, expires at: 1767910446517
[debug] [2026-01-08T21:33:33.026Z] Checked if tokens are valid: true, expires at: 1767910446517
[debug] [2026-01-08T21:33:33.026Z] Checked if tokens are valid: true, expires at: 1767910446517
[debug] [2026-01-08T21:33:33.026Z] Checked if tokens are valid: true, expires at: 1767910446517
[debug] [2026-01-08T21:33:33.026Z] Checked if tokens are valid: true, expires at: 1767910446517
[debug] [2026-01-08T21:33:33.026Z] Checked if tokens are valid: true, expires at: 1767910446517
[debug] [2026-01-08T21:33:33.026Z] Checked if tokens are valid: true, expires at: 1767910446517
[debug] [2026-01-08T21:33:33.026Z] Checked if tokens are valid: true, expires at: 1767910446517
[debug] [2026-01-08T21:33:33.027Z] Checked if tokens are valid: true, expires at: 1767910446517
[debug] [2026-01-08T21:33:33.027Z] Checked if tokens are valid: true, expires at: 1767910446517
[debug] [2026-01-08T21:33:33.027Z] Checked if tokens are valid: true, expires at: 1767910446517
[debug] [2026-01-08T21:33:33.028Z] Checked if tokens are valid: true, expires at: 1767910446517
[debug] [2026-01-08T21:33:33.028Z] Checked if tokens are valid: true, expires at: 1767910446517
[debug] [2026-01-08T21:33:33.028Z] Checked if tokens are valid: true, expires at: 1767910446517
[debug] [2026-01-08T21:33:33.028Z] Checked if tokens are valid: true, expires at: 1767910446517
[debug] [2026-01-08T21:33:33.028Z] Checked if tokens are valid: true, expires at: 1767910446517
[debug] [2026-01-08T21:33:33.028Z] Checked if tokens are valid: true, expires at: 1767910446517
[debug] [2026-01-08T21:33:33.028Z] Checked if tokens are valid: true, expires at: 1767910446517
[debug] [2026-01-08T21:33:33.028Z] Checked if tokens are valid: true, expires at: 1767910446517
[debug] [2026-01-08T21:33:33.029Z] Checked if tokens are valid: true, expires at: 1767910446517
[debug] [2026-01-08T21:33:33.029Z] Checked if tokens are valid: true, expires at: 1767910446517
[debug] [2026-01-08T21:33:33.029Z] Checked if tokens are valid: true, expires at: 1767910446517
[debug] [2026-01-08T21:33:33.029Z] Checked if tokens are valid: true, expires at: 1767910446517
[debug] [2026-01-08T21:33:33.029Z] Checked if tokens are valid: true, expires at: 1767910446517
[debug] [2026-01-08T21:33:33.030Z] Checked if tokens are valid: true, expires at: 1767910446517
[debug] [2026-01-08T21:33:33.030Z] Checked if tokens are valid: true, expires at: 1767910446517
[debug] [2026-01-08T21:33:33.030Z] Checked if tokens are valid: true, expires at: 1767910446517
[debug] [2026-01-08T21:33:33.031Z] Checked if tokens are valid: true, expires at: 1767910446517
[debug] [2026-01-08T21:33:33.031Z] Checked if tokens are valid: true, expires at: 1767910446517
[debug] [2026-01-08T21:33:33.032Z] Checked if tokens are valid: true, expires at: 1767910446517
[debug] [2026-01-08T21:33:33.032Z] Checked if tokens are valid: true, expires at: 1767910446517
[debug] [2026-01-08T21:33:33.032Z] Checked if tokens are valid: true, expires at: 1767910446517
[debug] [2026-01-08T21:33:33.032Z] Checked if tokens are valid: true, expires at: 1767910446517
[debug] [2026-01-08T21:33:33.032Z] Checked if tokens are valid: true, expires at: 1767910446517
[debug] [2026-01-08T21:33:33.033Z] Checked if tokens are valid: true, expires at: 1767910446517
[debug] [2026-01-08T21:33:33.033Z] Checked if tokens are valid: true, expires at: 1767910446517
[debug] [2026-01-08T21:33:33.033Z] Checked if tokens are valid: true, expires at: 1767910446517
[debug] [2026-01-08T21:33:33.033Z] Checked if tokens are valid: true, expires at: 1767910446517
[debug] [2026-01-08T21:33:33.033Z] Checked if tokens are valid: true, expires at: 1767910446517
[debug] [2026-01-08T21:33:33.033Z] Checked if tokens are valid: true, expires at: 1767910446517
[debug] [2026-01-08T21:33:33.033Z] Checked if tokens are valid: true, expires at: 1767910446517
[debug] [2026-01-08T21:33:33.033Z] Checked if tokens are valid: true, expires at: 1767910446517
[debug] [2026-01-08T21:33:33.033Z] Checked if tokens are valid: true, expires at: 1767910446517
[debug] [2026-01-08T21:33:33.033Z] Checked if tokens are valid: true, expires at: 1767910446517
[debug] [2026-01-08T21:33:33.033Z] Checked if tokens are valid: true, expires at: 1767910446517
[debug] [2026-01-08T21:33:33.034Z] Checked if tokens are valid: true, expires at: 1767910446517
[debug] [2026-01-08T21:33:33.034Z] Checked if tokens are valid: true, expires at: 1767910446517
[debug] [2026-01-08T21:33:33.034Z] Checked if tokens are valid: true, expires at: 1767910446517
[debug] [2026-01-08T21:33:33.034Z] Checked if tokens are valid: true, expires at: 1767910446517
[debug] [2026-01-08T21:33:33.034Z] Checked if tokens are valid: true, expires at: 1767910446517
[debug] [2026-01-08T21:33:33.034Z] Checked if tokens are valid: true, expires at: 1767910446517
[debug] [2026-01-08T21:33:33.034Z] Checked if tokens are valid: true, expires at: 1767910446517
[debug] [2026-01-08T21:33:33.034Z] Checked if tokens are valid: true, expires at: 1767910446517
[debug] [2026-01-08T21:33:33.034Z] Checked if tokens are valid: true, expires at: 1767910446517
[debug] [2026-01-08T21:33:33.035Z] Checked if tokens are valid: true, expires at: 1767910446517
[debug] [2026-01-08T21:33:33.039Z] Checked if tokens are valid: true, expires at: 1767910446517
[debug] [2026-01-08T21:33:33.039Z] Checked if tokens are valid: true, expires at: 1767910446517
[debug] [2026-01-08T21:33:33.040Z] Checked if tokens are valid: true, expires at: 1767910446517
[debug] [2026-01-08T21:33:33.040Z] Checked if tokens are valid: true, expires at: 1767910446517
[debug] [2026-01-08T21:33:33.040Z] Checked if tokens are valid: true, expires at: 1767910446517
[debug] [2026-01-08T21:33:33.040Z] Checked if tokens are valid: true, expires at: 1767910446517
[debug] [2026-01-08T21:33:33.040Z] Checked if tokens are valid: true, expires at: 1767910446517
[debug] [2026-01-08T21:33:33.040Z] Checked if tokens are valid: true, expires at: 1767910446517
[debug] [2026-01-08T21:33:33.040Z] Checked if tokens are valid: true, expires at: 1767910446517
[debug] [2026-01-08T21:33:33.040Z] Checked if tokens are valid: true, expires at: 1767910446517
[debug] [2026-01-08T21:33:33.041Z] Checked if tokens are valid: true, expires at: 1767910446517
[debug] [2026-01-08T21:33:33.041Z] Checked if tokens are valid: true, expires at: 1767910446517
[debug] [2026-01-08T21:33:33.041Z] >>> [apiv2][query] POST https://upload-firebasehosting.googleapis.com/upload/sites/blog-ca662/versions/d65decd796671972/files/c4de9995b3bb8a73da02308cb75721515f897229c3c422e51304e8afc4bdeccd [none]
[debug] [2026-01-08T21:33:33.041Z] >>> [apiv2][body] POST https://upload-firebasehosting.googleapis.com/upload/sites/blog-ca662/versions/d65decd796671972/files/c4de9995b3bb8a73da02308cb75721515f897229c3c422e51304e8afc4bdeccd [stream]
[debug] [2026-01-08T21:33:33.043Z] >>> [apiv2][query] POST https://upload-firebasehosting.googleapis.com/upload/sites/blog-ca662/versions/d65decd796671972/files/fdd46407eee8ecc9acd465a778e3a74be6f80918007574929520744f89de8f68 [none]
[debug] [2026-01-08T21:33:33.043Z] >>> [apiv2][body] POST https://upload-firebasehosting.googleapis.com/upload/sites/blog-ca662/versions/d65decd796671972/files/fdd46407eee8ecc9acd465a778e3a74be6f80918007574929520744f89de8f68 [stream]
[debug] [2026-01-08T21:33:33.044Z] >>> [apiv2][query] POST https://upload-firebasehosting.googleapis.com/upload/sites/blog-ca662/versions/d65decd796671972/files/c9587722d30214cf1836b0317e1748e869860b335e699a7bd0154c874fae414d [none]
[debug] [2026-01-08T21:33:33.044Z] >>> [apiv2][body] POST https://upload-firebasehosting.googleapis.com/upload/sites/blog-ca662/versions/d65decd796671972/files/c9587722d30214cf1836b0317e1748e869860b335e699a7bd0154c874fae414d [stream]
[debug] [2026-01-08T21:33:33.046Z] >>> [apiv2][query] POST https://upload-firebasehosting.googleapis.com/upload/sites/blog-ca662/versions/d65decd796671972/files/aff1ce9926aa685ffd4b1208e106f77a6bc8be51c8b746bb3485f9c17871c7f7 [none]
[debug] [2026-01-08T21:33:33.046Z] >>> [apiv2][body] POST https://upload-firebasehosting.googleapis.com/upload/sites/blog-ca662/versions/d65decd796671972/files/aff1ce9926aa685ffd4b1208e106f77a6bc8be51c8b746bb3485f9c17871c7f7 [stream]
[debug] [2026-01-08T21:33:33.047Z] >>> [apiv2][query] POST https://upload-firebasehosting.googleapis.com/upload/sites/blog-ca662/versions/d65decd796671972/files/ad1188edb838a13c3e3a230d65dcc402edcfc6caa63b2f287d5a7093d63b3bd6 [none]
[debug] [2026-01-08T21:33:33.047Z] >>> [apiv2][body] POST https://upload-firebasehosting.googleapis.com/upload/sites/blog-ca662/versions/d65decd796671972/files/ad1188edb838a13c3e3a230d65dcc402edcfc6caa63b2f287d5a7093d63b3bd6 [stream]
[debug] [2026-01-08T21:33:33.048Z] >>> [apiv2][query] POST https://upload-firebasehosting.googleapis.com/upload/sites/blog-ca662/versions/d65decd796671972/files/247f449d5dec727f4200bd7a3ceb981a76620dcf0eccdf89c6c3804d985d5112 [none]
[debug] [2026-01-08T21:33:33.048Z] >>> [apiv2][body] POST https://upload-firebasehosting.googleapis.com/upload/sites/blog-ca662/versions/d65decd796671972/files/247f449d5dec727f4200bd7a3ceb981a76620dcf0eccdf89c6c3804d985d5112 [stream]
[debug] [2026-01-08T21:33:33.050Z] >>> [apiv2][query] POST https://upload-firebasehosting.googleapis.com/upload/sites/blog-ca662/versions/d65decd796671972/files/0a2ed3b1b4f91d97b253215d1dd946c68f007a78a1c965d30f571d27a74be597 [none]
[debug] [2026-01-08T21:33:33.050Z] >>> [apiv2][body] POST https://upload-firebasehosting.googleapis.com/upload/sites/blog-ca662/versions/d65decd796671972/files/0a2ed3b1b4f91d97b253215d1dd946c68f007a78a1c965d30f571d27a74be597 [stream]
[debug] [2026-01-08T21:33:33.055Z] >>> [apiv2][query] POST https://upload-firebasehosting.googleapis.com/upload/sites/blog-ca662/versions/d65decd796671972/files/0b4ff7f456703b7421c8512bf7d252d103431c7cbbeadf18c0b06d49052eb489 [none]
[debug] [2026-01-08T21:33:33.055Z] >>> [apiv2][body] POST https://upload-firebasehosting.googleapis.com/upload/sites/blog-ca662/versions/d65decd796671972/files/0b4ff7f456703b7421c8512bf7d252d103431c7cbbeadf18c0b06d49052eb489 [stream]
[debug] [2026-01-08T21:33:33.056Z] >>> [apiv2][query] POST https://upload-firebasehosting.googleapis.com/upload/sites/blog-ca662/versions/d65decd796671972/files/4f166e2fc9cdff58e7788dceb178e00feceb93f2616e1001df59fd5044f80ab1 [none]
[debug] [2026-01-08T21:33:33.056Z] >>> [apiv2][body] POST https://upload-firebasehosting.googleapis.com/upload/sites/blog-ca662/versions/d65decd796671972/files/4f166e2fc9cdff58e7788dceb178e00feceb93f2616e1001df59fd5044f80ab1 [stream]
[debug] [2026-01-08T21:33:33.057Z] >>> [apiv2][query] POST https://upload-firebasehosting.googleapis.com/upload/sites/blog-ca662/versions/d65decd796671972/files/29136d64c5f13a05832d858b6ba8fb1048f3b5acae717c7dfe50a2c2ef44a0f3 [none]
[debug] [2026-01-08T21:33:33.057Z] >>> [apiv2][body] POST https://upload-firebasehosting.googleapis.com/upload/sites/blog-ca662/versions/d65decd796671972/files/29136d64c5f13a05832d858b6ba8fb1048f3b5acae717c7dfe50a2c2ef44a0f3 [stream]
[debug] [2026-01-08T21:33:33.058Z] >>> [apiv2][query] POST https://upload-firebasehosting.googleapis.com/upload/sites/blog-ca662/versions/d65decd796671972/files/4ca02247386c89e13dde6791dd0632e3f22aaf94e91bc35ece0edf79ff3e0e77 [none]
[debug] [2026-01-08T21:33:33.059Z] >>> [apiv2][body] POST https://upload-firebasehosting.googleapis.com/upload/sites/blog-ca662/versions/d65decd796671972/files/4ca02247386c89e13dde6791dd0632e3f22aaf94e91bc35ece0edf79ff3e0e77 [stream]
[debug] [2026-01-08T21:33:33.060Z] >>> [apiv2][query] POST https://upload-firebasehosting.googleapis.com/upload/sites/blog-ca662/versions/d65decd796671972/files/ae7eaa7864b59c40d5e581c0702eb226da5d4d0f1ad47f7ce5d3e771adea3966 [none]
[debug] [2026-01-08T21:33:33.060Z] >>> [apiv2][body] POST https://upload-firebasehosting.googleapis.com/upload/sites/blog-ca662/versions/d65decd796671972/files/ae7eaa7864b59c40d5e581c0702eb226da5d4d0f1ad47f7ce5d3e771adea3966 [stream]
[debug] [2026-01-08T21:33:33.061Z] >>> [apiv2][query] POST https://upload-firebasehosting.googleapis.com/upload/sites/blog-ca662/versions/d65decd796671972/files/cd2992a875e4939d47289a3cc44c8b8a0e63817f4cc9fbd8b3bdf93b5f66fbb3 [none]
[debug] [2026-01-08T21:33:33.061Z] >>> [apiv2][body] POST https://upload-firebasehosting.googleapis.com/upload/sites/blog-ca662/versions/d65decd796671972/files/cd2992a875e4939d47289a3cc44c8b8a0e63817f4cc9fbd8b3bdf93b5f66fbb3 [stream]
[debug] [2026-01-08T21:33:33.062Z] >>> [apiv2][query] POST https://upload-firebasehosting.googleapis.com/upload/sites/blog-ca662/versions/d65decd796671972/files/8053775d4b9752de6e4802b163120ec32c048c39a04473635e49149bd228f158 [none]
[debug] [2026-01-08T21:33:33.062Z] >>> [apiv2][body] POST https://upload-firebasehosting.googleapis.com/upload/sites/blog-ca662/versions/d65decd796671972/files/8053775d4b9752de6e4802b163120ec32c048c39a04473635e49149bd228f158 [stream]
[debug] [2026-01-08T21:33:33.064Z] >>> [apiv2][query] POST https://upload-firebasehosting.googleapis.com/upload/sites/blog-ca662/versions/d65decd796671972/files/41dfaad8d5068cd9ea342035cbd8819e1ad29d0c215e5d85b75705df9142e421 [none]
[debug] [2026-01-08T21:33:33.064Z] >>> [apiv2][body] POST https://upload-firebasehosting.googleapis.com/upload/sites/blog-ca662/versions/d65decd796671972/files/41dfaad8d5068cd9ea342035cbd8819e1ad29d0c215e5d85b75705df9142e421 [stream]
[debug] [2026-01-08T21:33:33.065Z] >>> [apiv2][query] POST https://upload-firebasehosting.googleapis.com/upload/sites/blog-ca662/versions/d65decd796671972/files/c003b1b620a390ab457b27778ce6f9507f66552be7d72e262f1eedbb51585e7e [none]
[debug] [2026-01-08T21:33:33.065Z] >>> [apiv2][body] POST https://upload-firebasehosting.googleapis.com/upload/sites/blog-ca662/versions/d65decd796671972/files/c003b1b620a390ab457b27778ce6f9507f66552be7d72e262f1eedbb51585e7e [stream]
[debug] [2026-01-08T21:33:33.066Z] >>> [apiv2][query] POST https://upload-firebasehosting.googleapis.com/upload/sites/blog-ca662/versions/d65decd796671972/files/68a3c00fedc53fc20621b687d764016a3a241cbc01a61d0af60fe2ae1a1929c2 [none]
[debug] [2026-01-08T21:33:33.066Z] >>> [apiv2][body] POST https://upload-firebasehosting.googleapis.com/upload/sites/blog-ca662/versions/d65decd796671972/files/68a3c00fedc53fc20621b687d764016a3a241cbc01a61d0af60fe2ae1a1929c2 [stream]
[debug] [2026-01-08T21:33:33.068Z] >>> [apiv2][query] POST https://upload-firebasehosting.googleapis.com/upload/sites/blog-ca662/versions/d65decd796671972/files/e2f915d82f6ffbd2e5cad51c17e5e54c3e4ffd76ab72153d9701892b9d6810f8 [none]
[debug] [2026-01-08T21:33:33.068Z] >>> [apiv2][body] POST https://upload-firebasehosting.googleapis.com/upload/sites/blog-ca662/versions/d65decd796671972/files/e2f915d82f6ffbd2e5cad51c17e5e54c3e4ffd76ab72153d9701892b9d6810f8 [stream]
[debug] [2026-01-08T21:33:33.072Z] >>> [apiv2][query] POST https://upload-firebasehosting.googleapis.com/upload/sites/blog-ca662/versions/d65decd796671972/files/60bb02d60ee66cebceec7c0da0e1f7722772b2c61e2dc145115fb97713fa42f9 [none]
[debug] [2026-01-08T21:33:33.072Z] >>> [apiv2][body] POST https://upload-firebasehosting.googleapis.com/upload/sites/blog-ca662/versions/d65decd796671972/files/60bb02d60ee66cebceec7c0da0e1f7722772b2c61e2dc145115fb97713fa42f9 [stream]
[debug] [2026-01-08T21:33:33.073Z] >>> [apiv2][query] POST https://upload-firebasehosting.googleapis.com/upload/sites/blog-ca662/versions/d65decd796671972/files/4cd2c40b33c44a224c8e0ffc73900c33cdd08cf2e1a4bc4bb76ae6091a337bb4 [none]
[debug] [2026-01-08T21:33:33.073Z] >>> [apiv2][body] POST https://upload-firebasehosting.googleapis.com/upload/sites/blog-ca662/versions/d65decd796671972/files/4cd2c40b33c44a224c8e0ffc73900c33cdd08cf2e1a4bc4bb76ae6091a337bb4 [stream]
[debug] [2026-01-08T21:33:33.074Z] >>> [apiv2][query] POST https://upload-firebasehosting.googleapis.com/upload/sites/blog-ca662/versions/d65decd796671972/files/20e415ccaded15caf4aca4d415e0abc21db9918927f3674aa922edf8706392fe [none]
[debug] [2026-01-08T21:33:33.074Z] >>> [apiv2][body] POST https://upload-firebasehosting.googleapis.com/upload/sites/blog-ca662/versions/d65decd796671972/files/20e415ccaded15caf4aca4d415e0abc21db9918927f3674aa922edf8706392fe [stream]
[debug] [2026-01-08T21:33:33.075Z] >>> [apiv2][query] POST https://upload-firebasehosting.googleapis.com/upload/sites/blog-ca662/versions/d65decd796671972/files/530f6bab9a5202024ed8d77f8b5d7d57bb7e6c779706753d21397a4c6e471e5b [none]
[debug] [2026-01-08T21:33:33.075Z] >>> [apiv2][body] POST https://upload-firebasehosting.googleapis.com/upload/sites/blog-ca662/versions/d65decd796671972/files/530f6bab9a5202024ed8d77f8b5d7d57bb7e6c779706753d21397a4c6e471e5b [stream]
[debug] [2026-01-08T21:33:33.077Z] >>> [apiv2][query] POST https://upload-firebasehosting.googleapis.com/upload/sites/blog-ca662/versions/d65decd796671972/files/7f2422c0b816802f4a54b5fd9d5d57362f8ae4b57ae554d35c9577a73536c995 [none]
[debug] [2026-01-08T21:33:33.077Z] >>> [apiv2][body] POST https://upload-firebasehosting.googleapis.com/upload/sites/blog-ca662/versions/d65decd796671972/files/7f2422c0b816802f4a54b5fd9d5d57362f8ae4b57ae554d35c9577a73536c995 [stream]
[debug] [2026-01-08T21:33:33.078Z] >>> [apiv2][query] POST https://upload-firebasehosting.googleapis.com/upload/sites/blog-ca662/versions/d65decd796671972/files/8ba0263303705bdeb5e5f8e2d03ed5b8e7fbe9f067881e09106b7d5cff90489c [none]
[debug] [2026-01-08T21:33:33.078Z] >>> [apiv2][body] POST https://upload-firebasehosting.googleapis.com/upload/sites/blog-ca662/versions/d65decd796671972/files/8ba0263303705bdeb5e5f8e2d03ed5b8e7fbe9f067881e09106b7d5cff90489c [stream]
[debug] [2026-01-08T21:33:33.080Z] >>> [apiv2][query] POST https://upload-firebasehosting.googleapis.com/upload/sites/blog-ca662/versions/d65decd796671972/files/e5394fb2030a066452d0a7f10e1e29f1a19fe2c48bc88a1141eac84e862c2833 [none]
[debug] [2026-01-08T21:33:33.080Z] >>> [apiv2][body] POST https://upload-firebasehosting.googleapis.com/upload/sites/blog-ca662/versions/d65decd796671972/files/e5394fb2030a066452d0a7f10e1e29f1a19fe2c48bc88a1141eac84e862c2833 [stream]
[debug] [2026-01-08T21:33:33.081Z] >>> [apiv2][query] POST https://upload-firebasehosting.googleapis.com/upload/sites/blog-ca662/versions/d65decd796671972/files/b7d46e7c256c45a33a70d05605883d922db995918a34774df073d9c40555e922 [none]
[debug] [2026-01-08T21:33:33.081Z] >>> [apiv2][body] POST https://upload-firebasehosting.googleapis.com/upload/sites/blog-ca662/versions/d65decd796671972/files/b7d46e7c256c45a33a70d05605883d922db995918a34774df073d9c40555e922 [stream]
[debug] [2026-01-08T21:33:33.083Z] >>> [apiv2][query] POST https://upload-firebasehosting.googleapis.com/upload/sites/blog-ca662/versions/d65decd796671972/files/ea31c51f0adab3403d49fa1914526ac789ff5c18d672e4124b2b07b1d9e3d138 [none]
[debug] [2026-01-08T21:33:33.083Z] >>> [apiv2][body] POST https://upload-firebasehosting.googleapis.com/upload/sites/blog-ca662/versions/d65decd796671972/files/ea31c51f0adab3403d49fa1914526ac789ff5c18d672e4124b2b07b1d9e3d138 [stream]
[debug] [2026-01-08T21:33:33.084Z] >>> [apiv2][query] POST https://upload-firebasehosting.googleapis.com/upload/sites/blog-ca662/versions/d65decd796671972/files/3764fe8113fb9bb08f556a0badc949354694476c04f9d92d16939fda6a1e0148 [none]
[debug] [2026-01-08T21:33:33.084Z] >>> [apiv2][body] POST https://upload-firebasehosting.googleapis.com/upload/sites/blog-ca662/versions/d65decd796671972/files/3764fe8113fb9bb08f556a0badc949354694476c04f9d92d16939fda6a1e0148 [stream]
[debug] [2026-01-08T21:33:33.088Z] >>> [apiv2][query] POST https://upload-firebasehosting.googleapis.com/upload/sites/blog-ca662/versions/d65decd796671972/files/02d13a32ab3a9448f74233988c2bd3554129e7e03cb388b75ae2ba3bdef882db [none]
[debug] [2026-01-08T21:33:33.088Z] >>> [apiv2][body] POST https://upload-firebasehosting.googleapis.com/upload/sites/blog-ca662/versions/d65decd796671972/files/02d13a32ab3a9448f74233988c2bd3554129e7e03cb388b75ae2ba3bdef882db [stream]
[debug] [2026-01-08T21:33:33.089Z] >>> [apiv2][query] POST https://upload-firebasehosting.googleapis.com/upload/sites/blog-ca662/versions/d65decd796671972/files/37d8011912386c508beec3dabb06a8661bc30a58d96880cd5993c234ac880022 [none]
[debug] [2026-01-08T21:33:33.089Z] >>> [apiv2][body] POST https://upload-firebasehosting.googleapis.com/upload/sites/blog-ca662/versions/d65decd796671972/files/37d8011912386c508beec3dabb06a8661bc30a58d96880cd5993c234ac880022 [stream]
[debug] [2026-01-08T21:33:33.091Z] >>> [apiv2][query] POST https://upload-firebasehosting.googleapis.com/upload/sites/blog-ca662/versions/d65decd796671972/files/52150205a3ff78ae1d310a2ca5627e513c877bb5acad35fab5d51017ef5af476 [none]
[debug] [2026-01-08T21:33:33.092Z] >>> [apiv2][body] POST https://upload-firebasehosting.googleapis.com/upload/sites/blog-ca662/versions/d65decd796671972/files/52150205a3ff78ae1d310a2ca5627e513c877bb5acad35fab5d51017ef5af476 [stream]
[debug] [2026-01-08T21:33:33.093Z] >>> [apiv2][query] POST https://upload-firebasehosting.googleapis.com/upload/sites/blog-ca662/versions/d65decd796671972/files/60c12bf02bc1194580d36fa5889b7f0f9243e73cdb6416705b8f84d1a81e2be4 [none]
[debug] [2026-01-08T21:33:33.093Z] >>> [apiv2][body] POST https://upload-firebasehosting.googleapis.com/upload/sites/blog-ca662/versions/d65decd796671972/files/60c12bf02bc1194580d36fa5889b7f0f9243e73cdb6416705b8f84d1a81e2be4 [stream]
[debug] [2026-01-08T21:33:33.095Z] >>> [apiv2][query] POST https://upload-firebasehosting.googleapis.com/upload/sites/blog-ca662/versions/d65decd796671972/files/12fb794e986937f753343bffd841d84fab4614ce9e9103d3e827bd22022df536 [none]
[debug] [2026-01-08T21:33:33.095Z] >>> [apiv2][body] POST https://upload-firebasehosting.googleapis.com/upload/sites/blog-ca662/versions/d65decd796671972/files/12fb794e986937f753343bffd841d84fab4614ce9e9103d3e827bd22022df536 [stream]
[debug] [2026-01-08T21:33:33.097Z] >>> [apiv2][query] POST https://upload-firebasehosting.googleapis.com/upload/sites/blog-ca662/versions/d65decd796671972/files/777bd807569d1a32adfb00d14b0728659836fef26ef0d2f26428ecad46842c7e [none]
[debug] [2026-01-08T21:33:33.097Z] >>> [apiv2][body] POST https://upload-firebasehosting.googleapis.com/upload/sites/blog-ca662/versions/d65decd796671972/files/777bd807569d1a32adfb00d14b0728659836fef26ef0d2f26428ecad46842c7e [stream]
[debug] [2026-01-08T21:33:33.099Z] >>> [apiv2][query] POST https://upload-firebasehosting.googleapis.com/upload/sites/blog-ca662/versions/d65decd796671972/files/a81032fd69caa1acb665abe2f62ec6cc2ddc473d28887684df3b11fc17334a0a [none]
[debug] [2026-01-08T21:33:33.100Z] >>> [apiv2][body] POST https://upload-firebasehosting.googleapis.com/upload/sites/blog-ca662/versions/d65decd796671972/files/a81032fd69caa1acb665abe2f62ec6cc2ddc473d28887684df3b11fc17334a0a [stream]
[debug] [2026-01-08T21:33:33.101Z] >>> [apiv2][query] POST https://upload-firebasehosting.googleapis.com/upload/sites/blog-ca662/versions/d65decd796671972/files/dac5bc3cb64e4713c921622bd38e55f69c74a93a330f049a5af71e68002f9732 [none]
[debug] [2026-01-08T21:33:33.101Z] >>> [apiv2][body] POST https://upload-firebasehosting.googleapis.com/upload/sites/blog-ca662/versions/d65decd796671972/files/dac5bc3cb64e4713c921622bd38e55f69c74a93a330f049a5af71e68002f9732 [stream]
[debug] [2026-01-08T21:33:33.104Z] >>> [apiv2][query] POST https://upload-firebasehosting.googleapis.com/upload/sites/blog-ca662/versions/d65decd796671972/files/906faab67d75dd1f94e4105804f26826a26547f9bc85eb6c113d71dd92a68e60 [none]
[debug] [2026-01-08T21:33:33.104Z] >>> [apiv2][body] POST https://upload-firebasehosting.googleapis.com/upload/sites/blog-ca662/versions/d65decd796671972/files/906faab67d75dd1f94e4105804f26826a26547f9bc85eb6c113d71dd92a68e60 [stream]
[debug] [2026-01-08T21:33:33.106Z] >>> [apiv2][query] POST https://upload-firebasehosting.googleapis.com/upload/sites/blog-ca662/versions/d65decd796671972/files/f777e9e43e6134ebfb6ed7f14890b19a83a937851ed824348f90bbafea1bf9ad [none]
[debug] [2026-01-08T21:33:33.106Z] >>> [apiv2][body] POST https://upload-firebasehosting.googleapis.com/upload/sites/blog-ca662/versions/d65decd796671972/files/f777e9e43e6134ebfb6ed7f14890b19a83a937851ed824348f90bbafea1bf9ad [stream]
[debug] [2026-01-08T21:33:33.108Z] >>> [apiv2][query] POST https://upload-firebasehosting.googleapis.com/upload/sites/blog-ca662/versions/d65decd796671972/files/86835ac53a0e1de04820388d01b501389d5e9311509282b5e3bfbfc752754083 [none]
[debug] [2026-01-08T21:33:33.109Z] >>> [apiv2][body] POST https://upload-firebasehosting.googleapis.com/upload/sites/blog-ca662/versions/d65decd796671972/files/86835ac53a0e1de04820388d01b501389d5e9311509282b5e3bfbfc752754083 [stream]
[debug] [2026-01-08T21:33:33.110Z] >>> [apiv2][query] POST https://upload-firebasehosting.googleapis.com/upload/sites/blog-ca662/versions/d65decd796671972/files/2d00b42a1fba09f0e23a707198ea6db865f97113e321825d3bf7841485f029e0 [none]
[debug] [2026-01-08T21:33:33.110Z] >>> [apiv2][body] POST https://upload-firebasehosting.googleapis.com/upload/sites/blog-ca662/versions/d65decd796671972/files/2d00b42a1fba09f0e23a707198ea6db865f97113e321825d3bf7841485f029e0 [stream]
[debug] [2026-01-08T21:33:33.112Z] >>> [apiv2][query] POST https://upload-firebasehosting.googleapis.com/upload/sites/blog-ca662/versions/d65decd796671972/files/6bc52f9a7ac8b6880f0552b39e1b046c057e0b864a0feb2be5798f83c79b53e8 [none]
[debug] [2026-01-08T21:33:33.112Z] >>> [apiv2][body] POST https://upload-firebasehosting.googleapis.com/upload/sites/blog-ca662/versions/d65decd796671972/files/6bc52f9a7ac8b6880f0552b39e1b046c057e0b864a0feb2be5798f83c79b53e8 [stream]
[debug] [2026-01-08T21:33:33.113Z] >>> [apiv2][query] POST https://upload-firebasehosting.googleapis.com/upload/sites/blog-ca662/versions/d65decd796671972/files/044f667fd10002f01ac211702350b4beea69c8d1fa2aadaf7971277ad0a36ed2 [none]
[debug] [2026-01-08T21:33:33.113Z] >>> [apiv2][body] POST https://upload-firebasehosting.googleapis.com/upload/sites/blog-ca662/versions/d65decd796671972/files/044f667fd10002f01ac211702350b4beea69c8d1fa2aadaf7971277ad0a36ed2 [stream]
[debug] [2026-01-08T21:33:33.114Z] >>> [apiv2][query] POST https://upload-firebasehosting.googleapis.com/upload/sites/blog-ca662/versions/d65decd796671972/files/21b0ae0980798b857a8228d5c0a8a31372bd0b5db034530c056f3b36b037e482 [none]
[debug] [2026-01-08T21:33:33.114Z] >>> [apiv2][body] POST https://upload-firebasehosting.googleapis.com/upload/sites/blog-ca662/versions/d65decd796671972/files/21b0ae0980798b857a8228d5c0a8a31372bd0b5db034530c056f3b36b037e482 [stream]
[debug] [2026-01-08T21:33:33.115Z] >>> [apiv2][query] POST https://upload-firebasehosting.googleapis.com/upload/sites/blog-ca662/versions/d65decd796671972/files/4584471c28a3854d6568e419c9d5347d0f791219458be74c4a2b597d7df6624a [none]
[debug] [2026-01-08T21:33:33.116Z] >>> [apiv2][body] POST https://upload-firebasehosting.googleapis.com/upload/sites/blog-ca662/versions/d65decd796671972/files/4584471c28a3854d6568e419c9d5347d0f791219458be74c4a2b597d7df6624a [stream]
[debug] [2026-01-08T21:33:33.116Z] >>> [apiv2][query] POST https://upload-firebasehosting.googleapis.com/upload/sites/blog-ca662/versions/d65decd796671972/files/a049273349494f3cab0c13dd0236ae0baeb066e708a9cd19a26c9d36ad5a633e [none]
[debug] [2026-01-08T21:33:33.117Z] >>> [apiv2][body] POST https://upload-firebasehosting.googleapis.com/upload/sites/blog-ca662/versions/d65decd796671972/files/a049273349494f3cab0c13dd0236ae0baeb066e708a9cd19a26c9d36ad5a633e [stream]
[debug] [2026-01-08T21:33:33.118Z] >>> [apiv2][query] POST https://upload-firebasehosting.googleapis.com/upload/sites/blog-ca662/versions/d65decd796671972/files/5b856860d944414a7025f4b4b9f2039e9f2d9bdb130b7397dac93b875ff6feac [none]
[debug] [2026-01-08T21:33:33.118Z] >>> [apiv2][body] POST https://upload-firebasehosting.googleapis.com/upload/sites/blog-ca662/versions/d65decd796671972/files/5b856860d944414a7025f4b4b9f2039e9f2d9bdb130b7397dac93b875ff6feac [stream]
[debug] [2026-01-08T21:33:33.122Z] >>> [apiv2][query] POST https://upload-firebasehosting.googleapis.com/upload/sites/blog-ca662/versions/d65decd796671972/files/9f0a9161a43ee8c237aab3768e7c31d046378ab797677fbb4d14324c69ab3061 [none]
[debug] [2026-01-08T21:33:33.122Z] >>> [apiv2][body] POST https://upload-firebasehosting.googleapis.com/upload/sites/blog-ca662/versions/d65decd796671972/files/9f0a9161a43ee8c237aab3768e7c31d046378ab797677fbb4d14324c69ab3061 [stream]
[debug] [2026-01-08T21:33:33.123Z] >>> [apiv2][query] POST https://upload-firebasehosting.googleapis.com/upload/sites/blog-ca662/versions/d65decd796671972/files/4dcd0f75b2b46c64bebe9faf08499f2e0888ebba08ed7d899865d184e8ec93cf [none]
[debug] [2026-01-08T21:33:33.123Z] >>> [apiv2][body] POST https://upload-firebasehosting.googleapis.com/upload/sites/blog-ca662/versions/d65decd796671972/files/4dcd0f75b2b46c64bebe9faf08499f2e0888ebba08ed7d899865d184e8ec93cf [stream]
[debug] [2026-01-08T21:33:33.124Z] >>> [apiv2][query] POST https://upload-firebasehosting.googleapis.com/upload/sites/blog-ca662/versions/d65decd796671972/files/aeb03c5c1522d2fe6f6384711817dbd6cdbbb3dfa99276adf7325e9eacdae1ee [none]
[debug] [2026-01-08T21:33:33.124Z] >>> [apiv2][body] POST https://upload-firebasehosting.googleapis.com/upload/sites/blog-ca662/versions/d65decd796671972/files/aeb03c5c1522d2fe6f6384711817dbd6cdbbb3dfa99276adf7325e9eacdae1ee [stream]
[debug] [2026-01-08T21:33:33.126Z] >>> [apiv2][query] POST https://upload-firebasehosting.googleapis.com/upload/sites/blog-ca662/versions/d65decd796671972/files/11412118b81b35180c87c2753bc1700557b3aa3a59ecb402eaf2152615983335 [none]
[debug] [2026-01-08T21:33:33.126Z] >>> [apiv2][body] POST https://upload-firebasehosting.googleapis.com/upload/sites/blog-ca662/versions/d65decd796671972/files/11412118b81b35180c87c2753bc1700557b3aa3a59ecb402eaf2152615983335 [stream]
[debug] [2026-01-08T21:33:33.127Z] >>> [apiv2][query] POST https://upload-firebasehosting.googleapis.com/upload/sites/blog-ca662/versions/d65decd796671972/files/aa67db5b42ae22f645770b7f06a26fde6c6bd02f4e8f39c50d57b17041d8474e [none]
[debug] [2026-01-08T21:33:33.127Z] >>> [apiv2][body] POST https://upload-firebasehosting.googleapis.com/upload/sites/blog-ca662/versions/d65decd796671972/files/aa67db5b42ae22f645770b7f06a26fde6c6bd02f4e8f39c50d57b17041d8474e [stream]
[debug] [2026-01-08T21:33:33.128Z] >>> [apiv2][query] POST https://upload-firebasehosting.googleapis.com/upload/sites/blog-ca662/versions/d65decd796671972/files/48ece4f3c99b3dc5a27cabafd1c0cf87631d94513360cc1d3193fff192cfcb3c [none]
[debug] [2026-01-08T21:33:33.128Z] >>> [apiv2][body] POST https://upload-firebasehosting.googleapis.com/upload/sites/blog-ca662/versions/d65decd796671972/files/48ece4f3c99b3dc5a27cabafd1c0cf87631d94513360cc1d3193fff192cfcb3c [stream]
[debug] [2026-01-08T21:33:33.129Z] >>> [apiv2][query] POST https://upload-firebasehosting.googleapis.com/upload/sites/blog-ca662/versions/d65decd796671972/files/bf734772db54c41cbe0b53de8b60dd55fd639c3ff226e0ab13c7c70edab62ce1 [none]
[debug] [2026-01-08T21:33:33.129Z] >>> [apiv2][body] POST https://upload-firebasehosting.googleapis.com/upload/sites/blog-ca662/versions/d65decd796671972/files/bf734772db54c41cbe0b53de8b60dd55fd639c3ff226e0ab13c7c70edab62ce1 [stream]
[debug] [2026-01-08T21:33:33.130Z] >>> [apiv2][query] POST https://upload-firebasehosting.googleapis.com/upload/sites/blog-ca662/versions/d65decd796671972/files/18e28d3214eda45048d80d3925ea7627b809e69ad2e95f7f98459e9146a61c3d [none]
[debug] [2026-01-08T21:33:33.130Z] >>> [apiv2][body] POST https://upload-firebasehosting.googleapis.com/upload/sites/blog-ca662/versions/d65decd796671972/files/18e28d3214eda45048d80d3925ea7627b809e69ad2e95f7f98459e9146a61c3d [stream]
[debug] [2026-01-08T21:33:33.132Z] >>> [apiv2][query] POST https://upload-firebasehosting.googleapis.com/upload/sites/blog-ca662/versions/d65decd796671972/files/259476323f7d26ce7c4c939425d338088e584c2c5c48a487edf1d0ff6d96b88e [none]
[debug] [2026-01-08T21:33:33.132Z] >>> [apiv2][body] POST https://upload-firebasehosting.googleapis.com/upload/sites/blog-ca662/versions/d65decd796671972/files/259476323f7d26ce7c4c939425d338088e584c2c5c48a487edf1d0ff6d96b88e [stream]
[debug] [2026-01-08T21:33:33.133Z] >>> [apiv2][query] POST https://upload-firebasehosting.googleapis.com/upload/sites/blog-ca662/versions/d65decd796671972/files/5d06a384813a6b8ce8712a514fe91e03ba5c318523324a9ef90a3040f840df92 [none]
[debug] [2026-01-08T21:33:33.133Z] >>> [apiv2][body] POST https://upload-firebasehosting.googleapis.com/upload/sites/blog-ca662/versions/d65decd796671972/files/5d06a384813a6b8ce8712a514fe91e03ba5c318523324a9ef90a3040f840df92 [stream]
[debug] [2026-01-08T21:33:33.134Z] >>> [apiv2][query] POST https://upload-firebasehosting.googleapis.com/upload/sites/blog-ca662/versions/d65decd796671972/files/e91f9988b5a3f3becf87390d1b2c86776bae1cfcceaca54d1b716940e1373a5f [none]
[debug] [2026-01-08T21:33:33.134Z] >>> [apiv2][body] POST https://upload-firebasehosting.googleapis.com/upload/sites/blog-ca662/versions/d65decd796671972/files/e91f9988b5a3f3becf87390d1b2c86776bae1cfcceaca54d1b716940e1373a5f [stream]
[debug] [2026-01-08T21:33:33.137Z] >>> [apiv2][query] POST https://upload-firebasehosting.googleapis.com/upload/sites/blog-ca662/versions/d65decd796671972/files/6cab918c834e4af36cab3d8f0370ebb1ef61568d672667bb41255d19a15d7109 [none]
[debug] [2026-01-08T21:33:33.137Z] >>> [apiv2][body] POST https://upload-firebasehosting.googleapis.com/upload/sites/blog-ca662/versions/d65decd796671972/files/6cab918c834e4af36cab3d8f0370ebb1ef61568d672667bb41255d19a15d7109 [stream]
[debug] [2026-01-08T21:33:33.140Z] >>> [apiv2][query] POST https://upload-firebasehosting.googleapis.com/upload/sites/blog-ca662/versions/d65decd796671972/files/379e9123453376a441f107edd499da397a6bcbf444dab0e53ad4ae8cd8220a3f [none]
[debug] [2026-01-08T21:33:33.140Z] >>> [apiv2][body] POST https://upload-firebasehosting.googleapis.com/upload/sites/blog-ca662/versions/d65decd796671972/files/379e9123453376a441f107edd499da397a6bcbf444dab0e53ad4ae8cd8220a3f [stream]
[debug] [2026-01-08T21:33:33.141Z] >>> [apiv2][query] POST https://upload-firebasehosting.googleapis.com/upload/sites/blog-ca662/versions/d65decd796671972/files/506839188bb5af39703c4477bbb4df116d131452c1b59d6ffd1ccfcc2a5b6581 [none]
[debug] [2026-01-08T21:33:33.141Z] >>> [apiv2][body] POST https://upload-firebasehosting.googleapis.com/upload/sites/blog-ca662/versions/d65decd796671972/files/506839188bb5af39703c4477bbb4df116d131452c1b59d6ffd1ccfcc2a5b6581 [stream]
[debug] [2026-01-08T21:33:33.142Z] >>> [apiv2][query] POST https://upload-firebasehosting.googleapis.com/upload/sites/blog-ca662/versions/d65decd796671972/files/c382b867ce2ce0de51eb340bc815e1ff6698550b1a831adbe3a0ddf900b6ff63 [none]
[debug] [2026-01-08T21:33:33.142Z] >>> [apiv2][body] POST https://upload-firebasehosting.googleapis.com/upload/sites/blog-ca662/versions/d65decd796671972/files/c382b867ce2ce0de51eb340bc815e1ff6698550b1a831adbe3a0ddf900b6ff63 [stream]
[debug] [2026-01-08T21:33:33.143Z] >>> [apiv2][query] POST https://upload-firebasehosting.googleapis.com/upload/sites/blog-ca662/versions/d65decd796671972/files/3be1d01b430ebd6d31aa58da1cc00eb7e22c9867a9788e4bd31cab06c33b1472 [none]
[debug] [2026-01-08T21:33:33.143Z] >>> [apiv2][body] POST https://upload-firebasehosting.googleapis.com/upload/sites/blog-ca662/versions/d65decd796671972/files/3be1d01b430ebd6d31aa58da1cc00eb7e22c9867a9788e4bd31cab06c33b1472 [stream]
[debug] [2026-01-08T21:33:33.144Z] >>> [apiv2][query] POST https://upload-firebasehosting.googleapis.com/upload/sites/blog-ca662/versions/d65decd796671972/files/b35c488e105c868eadf91ee4b16550ddb52aaef62d77502b5488b790960e9615 [none]
[debug] [2026-01-08T21:33:33.144Z] >>> [apiv2][body] POST https://upload-firebasehosting.googleapis.com/upload/sites/blog-ca662/versions/d65decd796671972/files/b35c488e105c868eadf91ee4b16550ddb52aaef62d77502b5488b790960e9615 [stream]
[debug] [2026-01-08T21:33:33.145Z] >>> [apiv2][query] POST https://upload-firebasehosting.googleapis.com/upload/sites/blog-ca662/versions/d65decd796671972/files/dcbe1c9b9159ca21caea98e1bad364012ae284e9551375ca62b83d2811efac91 [none]
[debug] [2026-01-08T21:33:33.145Z] >>> [apiv2][body] POST https://upload-firebasehosting.googleapis.com/upload/sites/blog-ca662/versions/d65decd796671972/files/dcbe1c9b9159ca21caea98e1bad364012ae284e9551375ca62b83d2811efac91 [stream]
[debug] [2026-01-08T21:33:33.146Z] >>> [apiv2][query] POST https://upload-firebasehosting.googleapis.com/upload/sites/blog-ca662/versions/d65decd796671972/files/cb7e5250edffcca9aecc31d38600eec77260023043eb686bee77463b59ba6402 [none]
[debug] [2026-01-08T21:33:33.146Z] >>> [apiv2][body] POST https://upload-firebasehosting.googleapis.com/upload/sites/blog-ca662/versions/d65decd796671972/files/cb7e5250edffcca9aecc31d38600eec77260023043eb686bee77463b59ba6402 [stream]
[debug] [2026-01-08T21:33:33.147Z] >>> [apiv2][query] POST https://upload-firebasehosting.googleapis.com/upload/sites/blog-ca662/versions/d65decd796671972/files/cf853758f15d73baaaf71412dc250960d8852633fe5a509d9e344447cf1eb7f0 [none]
[debug] [2026-01-08T21:33:33.147Z] >>> [apiv2][body] POST https://upload-firebasehosting.googleapis.com/upload/sites/blog-ca662/versions/d65decd796671972/files/cf853758f15d73baaaf71412dc250960d8852633fe5a509d9e344447cf1eb7f0 [stream]
[debug] [2026-01-08T21:33:33.148Z] >>> [apiv2][query] POST https://upload-firebasehosting.googleapis.com/upload/sites/blog-ca662/versions/d65decd796671972/files/3aabbe94706453b3a2914d222f3230111d9767bd497f0a7c2a94c30d8aa1addc [none]
[debug] [2026-01-08T21:33:33.148Z] >>> [apiv2][body] POST https://upload-firebasehosting.googleapis.com/upload/sites/blog-ca662/versions/d65decd796671972/files/3aabbe94706453b3a2914d222f3230111d9767bd497f0a7c2a94c30d8aa1addc [stream]
[debug] [2026-01-08T21:33:33.148Z] >>> [apiv2][query] POST https://upload-firebasehosting.googleapis.com/upload/sites/blog-ca662/versions/d65decd796671972/files/fd09d13edd209a0718366e922ade6b37eac7a71969402a8bf20805679665ca45 [none]
[debug] [2026-01-08T21:33:33.148Z] >>> [apiv2][body] POST https://upload-firebasehosting.googleapis.com/upload/sites/blog-ca662/versions/d65decd796671972/files/fd09d13edd209a0718366e922ade6b37eac7a71969402a8bf20805679665ca45 [stream]
[debug] [2026-01-08T21:33:33.149Z] >>> [apiv2][query] POST https://upload-firebasehosting.googleapis.com/upload/sites/blog-ca662/versions/d65decd796671972/files/fa1d0509b3810013fa135b0f0761c995e25825baab6900eaf0145f09fe2f08d8 [none]
[debug] [2026-01-08T21:33:33.149Z] >>> [apiv2][body] POST https://upload-firebasehosting.googleapis.com/upload/sites/blog-ca662/versions/d65decd796671972/files/fa1d0509b3810013fa135b0f0761c995e25825baab6900eaf0145f09fe2f08d8 [stream]
[debug] [2026-01-08T21:33:33.150Z] >>> [apiv2][query] POST https://upload-firebasehosting.googleapis.com/upload/sites/blog-ca662/versions/d65decd796671972/files/57bcc8428230e17fe90736b82aa939f6f3b66c4a4ccb39b1afa049e242bd6f8b [none]
[debug] [2026-01-08T21:33:33.150Z] >>> [apiv2][body] POST https://upload-firebasehosting.googleapis.com/upload/sites/blog-ca662/versions/d65decd796671972/files/57bcc8428230e17fe90736b82aa939f6f3b66c4a4ccb39b1afa049e242bd6f8b [stream]
[debug] [2026-01-08T21:33:33.151Z] >>> [apiv2][query] POST https://upload-firebasehosting.googleapis.com/upload/sites/blog-ca662/versions/d65decd796671972/files/d580db318eb10377fb3c4874f3b9c944e61a63eff0350f2e8a65e271fd5d8d66 [none]
[debug] [2026-01-08T21:33:33.151Z] >>> [apiv2][body] POST https://upload-firebasehosting.googleapis.com/upload/sites/blog-ca662/versions/d65decd796671972/files/d580db318eb10377fb3c4874f3b9c944e61a63eff0350f2e8a65e271fd5d8d66 [stream]
[debug] [2026-01-08T21:33:33.153Z] >>> [apiv2][query] POST https://upload-firebasehosting.googleapis.com/upload/sites/blog-ca662/versions/d65decd796671972/files/61663fde99b3394d71653f41c19fe91269442622a4a6695f8352a70fbf5ca4c1 [none]
[debug] [2026-01-08T21:33:33.153Z] >>> [apiv2][body] POST https://upload-firebasehosting.googleapis.com/upload/sites/blog-ca662/versions/d65decd796671972/files/61663fde99b3394d71653f41c19fe91269442622a4a6695f8352a70fbf5ca4c1 [stream]
[debug] [2026-01-08T21:33:33.154Z] >>> [apiv2][query] POST https://upload-firebasehosting.googleapis.com/upload/sites/blog-ca662/versions/d65decd796671972/files/29e55ed0647f9640f01f85ce963daccfe8f89d0e427cceef3859cfcf789f1982 [none]
[debug] [2026-01-08T21:33:33.154Z] >>> [apiv2][body] POST https://upload-firebasehosting.googleapis.com/upload/sites/blog-ca662/versions/d65decd796671972/files/29e55ed0647f9640f01f85ce963daccfe8f89d0e427cceef3859cfcf789f1982 [stream]
[debug] [2026-01-08T21:33:33.155Z] >>> [apiv2][query] POST https://upload-firebasehosting.googleapis.com/upload/sites/blog-ca662/versions/d65decd796671972/files/8dcaa1879d74624418e6dd617de72b3a00589aafe33e0a2ae57636243935d7f9 [none]
[debug] [2026-01-08T21:33:33.155Z] >>> [apiv2][body] POST https://upload-firebasehosting.googleapis.com/upload/sites/blog-ca662/versions/d65decd796671972/files/8dcaa1879d74624418e6dd617de72b3a00589aafe33e0a2ae57636243935d7f9 [stream]
[debug] [2026-01-08T21:33:33.156Z] >>> [apiv2][query] POST https://upload-firebasehosting.googleapis.com/upload/sites/blog-ca662/versions/d65decd796671972/files/585d56896ef24693dfe922165efbf7ca9f0c3ba572ebb21e350dbbda6fd21934 [none]
[debug] [2026-01-08T21:33:33.156Z] >>> [apiv2][body] POST https://upload-firebasehosting.googleapis.com/upload/sites/blog-ca662/versions/d65decd796671972/files/585d56896ef24693dfe922165efbf7ca9f0c3ba572ebb21e350dbbda6fd21934 [stream]
[debug] [2026-01-08T21:33:33.157Z] >>> [apiv2][query] POST https://upload-firebasehosting.googleapis.com/upload/sites/blog-ca662/versions/d65decd796671972/files/ace4c9111db9a6b38284db52657e69060f07a8086b5fca3d883dec66c3ad68b2 [none]
[debug] [2026-01-08T21:33:33.157Z] >>> [apiv2][body] POST https://upload-firebasehosting.googleapis.com/upload/sites/blog-ca662/versions/d65decd796671972/files/ace4c9111db9a6b38284db52657e69060f07a8086b5fca3d883dec66c3ad68b2 [stream]
[debug] [2026-01-08T21:33:33.158Z] >>> [apiv2][query] POST https://upload-firebasehosting.googleapis.com/upload/sites/blog-ca662/versions/d65decd796671972/files/3db59b6f8d778b76875738873b5373463441751220b805ab14373c60edff67fa [none]
[debug] [2026-01-08T21:33:33.158Z] >>> [apiv2][body] POST https://upload-firebasehosting.googleapis.com/upload/sites/blog-ca662/versions/d65decd796671972/files/3db59b6f8d778b76875738873b5373463441751220b805ab14373c60edff67fa [stream]
[debug] [2026-01-08T21:33:33.159Z] >>> [apiv2][query] POST https://upload-firebasehosting.googleapis.com/upload/sites/blog-ca662/versions/d65decd796671972/files/d0c734083de2c08a1f29bfb61af7d55cf156390978d545dc450f246f281bac72 [none]
[debug] [2026-01-08T21:33:33.159Z] >>> [apiv2][body] POST https://upload-firebasehosting.googleapis.com/upload/sites/blog-ca662/versions/d65decd796671972/files/d0c734083de2c08a1f29bfb61af7d55cf156390978d545dc450f246f281bac72 [stream]
[debug] [2026-01-08T21:33:33.160Z] >>> [apiv2][query] POST https://upload-firebasehosting.googleapis.com/upload/sites/blog-ca662/versions/d65decd796671972/files/1a5483aa3a487355dd88f9807178e9daf610947e91e115613683a7c63924de08 [none]
[debug] [2026-01-08T21:33:33.160Z] >>> [apiv2][body] POST https://upload-firebasehosting.googleapis.com/upload/sites/blog-ca662/versions/d65decd796671972/files/1a5483aa3a487355dd88f9807178e9daf610947e91e115613683a7c63924de08 [stream]
[debug] [2026-01-08T21:33:33.161Z] >>> [apiv2][query] POST https://upload-firebasehosting.googleapis.com/upload/sites/blog-ca662/versions/d65decd796671972/files/cb1daffa3c007cc5f2672a1be15d991cfd2fcaf9d2a7cee274a177032927aa3f [none]
[debug] [2026-01-08T21:33:33.161Z] >>> [apiv2][body] POST https://upload-firebasehosting.googleapis.com/upload/sites/blog-ca662/versions/d65decd796671972/files/cb1daffa3c007cc5f2672a1be15d991cfd2fcaf9d2a7cee274a177032927aa3f [stream]
[debug] [2026-01-08T21:33:33.161Z] >>> [apiv2][query] POST https://upload-firebasehosting.googleapis.com/upload/sites/blog-ca662/versions/d65decd796671972/files/25ae05f2ece4bc46d2351a2660b3f4347f1adc4181c38f3f596f60ccd615db6f [none]
[debug] [2026-01-08T21:33:33.161Z] >>> [apiv2][body] POST https://upload-firebasehosting.googleapis.com/upload/sites/blog-ca662/versions/d65decd796671972/files/25ae05f2ece4bc46d2351a2660b3f4347f1adc4181c38f3f596f60ccd615db6f [stream]
[debug] [2026-01-08T21:33:33.162Z] >>> [apiv2][query] POST https://upload-firebasehosting.googleapis.com/upload/sites/blog-ca662/versions/d65decd796671972/files/4164a7e0167f49d7b0e66fcea8b3eb5689d3f4b2fd956d200c2ce0bf7160c114 [none]
[debug] [2026-01-08T21:33:33.162Z] >>> [apiv2][body] POST https://upload-firebasehosting.googleapis.com/upload/sites/blog-ca662/versions/d65decd796671972/files/4164a7e0167f49d7b0e66fcea8b3eb5689d3f4b2fd956d200c2ce0bf7160c114 [stream]
[debug] [2026-01-08T21:33:33.163Z] >>> [apiv2][query] POST https://upload-firebasehosting.googleapis.com/upload/sites/blog-ca662/versions/d65decd796671972/files/c8c8a5011771dc68811a23b1db48ffbed728422b97e897722d4b974a65389217 [none]
[debug] [2026-01-08T21:33:33.163Z] >>> [apiv2][body] POST https://upload-firebasehosting.googleapis.com/upload/sites/blog-ca662/versions/d65decd796671972/files/c8c8a5011771dc68811a23b1db48ffbed728422b97e897722d4b974a65389217 [stream]
[debug] [2026-01-08T21:33:33.164Z] >>> [apiv2][query] POST https://upload-firebasehosting.googleapis.com/upload/sites/blog-ca662/versions/d65decd796671972/files/5532e870310617e7462198fe824f90055a9c390cd5dca3cf5d8478d09787a28f [none]
[debug] [2026-01-08T21:33:33.164Z] >>> [apiv2][body] POST https://upload-firebasehosting.googleapis.com/upload/sites/blog-ca662/versions/d65decd796671972/files/5532e870310617e7462198fe824f90055a9c390cd5dca3cf5d8478d09787a28f [stream]
[debug] [2026-01-08T21:33:33.165Z] >>> [apiv2][query] POST https://upload-firebasehosting.googleapis.com/upload/sites/blog-ca662/versions/d65decd796671972/files/df5eaeac1f6d51d085420a38d3d2aa72ccc2c6416a2bac79256a84b90fd36070 [none]
[debug] [2026-01-08T21:33:33.165Z] >>> [apiv2][body] POST https://upload-firebasehosting.googleapis.com/upload/sites/blog-ca662/versions/d65decd796671972/files/df5eaeac1f6d51d085420a38d3d2aa72ccc2c6416a2bac79256a84b90fd36070 [stream]
[debug] [2026-01-08T21:33:33.166Z] >>> [apiv2][query] POST https://upload-firebasehosting.googleapis.com/upload/sites/blog-ca662/versions/d65decd796671972/files/4d6680880956b91ba4ee6950e88c9e202f8d983d1031f3fcf65606e3051826e2 [none]
[debug] [2026-01-08T21:33:33.166Z] >>> [apiv2][body] POST https://upload-firebasehosting.googleapis.com/upload/sites/blog-ca662/versions/d65decd796671972/files/4d6680880956b91ba4ee6950e88c9e202f8d983d1031f3fcf65606e3051826e2 [stream]
[debug] [2026-01-08T21:33:33.167Z] >>> [apiv2][query] POST https://upload-firebasehosting.googleapis.com/upload/sites/blog-ca662/versions/d65decd796671972/files/d724c1159781a7eaa996f9b8ecd461dc5fee64202793c48c1d0e2d832cbe89c0 [none]
[debug] [2026-01-08T21:33:33.167Z] >>> [apiv2][body] POST https://upload-firebasehosting.googleapis.com/upload/sites/blog-ca662/versions/d65decd796671972/files/d724c1159781a7eaa996f9b8ecd461dc5fee64202793c48c1d0e2d832cbe89c0 [stream]
[debug] [2026-01-08T21:33:33.168Z] >>> [apiv2][query] POST https://upload-firebasehosting.googleapis.com/upload/sites/blog-ca662/versions/d65decd796671972/files/82f27834f41bbedd11ba00a8e6411280f0150134b95ecff21865f2b62273f56a [none]
[debug] [2026-01-08T21:33:33.168Z] >>> [apiv2][body] POST https://upload-firebasehosting.googleapis.com/upload/sites/blog-ca662/versions/d65decd796671972/files/82f27834f41bbedd11ba00a8e6411280f0150134b95ecff21865f2b62273f56a [stream]
[debug] [2026-01-08T21:33:33.170Z] [hosting][populate queue][FINAL] {"max":750,"min":750,"avg":750,"active":0,"complete":1,"success":1,"errored":0,"retried":0,"total":1,"elapsed":879}
[debug] [2026-01-08T21:33:33.170Z] [hosting] uploads queued: 88
[debug] [2026-01-08T21:33:34.177Z] <<< [apiv2][status] POST https://upload-firebasehosting.googleapis.com/upload/sites/blog-ca662/versions/d65decd796671972/files/41dfaad8d5068cd9ea342035cbd8819e1ad29d0c215e5d85b75705df9142e421 200
[debug] [2026-01-08T21:33:34.177Z] <<< [apiv2][body] POST https://upload-firebasehosting.googleapis.com/upload/sites/blog-ca662/versions/d65decd796671972/files/41dfaad8d5068cd9ea342035cbd8819e1ad29d0c215e5d85b75705df9142e421 [stream]
[debug] [2026-01-08T21:33:34.192Z] <<< [apiv2][status] POST https://upload-firebasehosting.googleapis.com/upload/sites/blog-ca662/versions/d65decd796671972/files/0b4ff7f456703b7421c8512bf7d252d103431c7cbbeadf18c0b06d49052eb489 200
[debug] [2026-01-08T21:33:34.192Z] <<< [apiv2][body] POST https://upload-firebasehosting.googleapis.com/upload/sites/blog-ca662/versions/d65decd796671972/files/0b4ff7f456703b7421c8512bf7d252d103431c7cbbeadf18c0b06d49052eb489 [stream]
[debug] [2026-01-08T21:33:34.214Z] <<< [apiv2][status] POST https://upload-firebasehosting.googleapis.com/upload/sites/blog-ca662/versions/d65decd796671972/files/c003b1b620a390ab457b27778ce6f9507f66552be7d72e262f1eedbb51585e7e 200
[debug] [2026-01-08T21:33:34.214Z] <<< [apiv2][body] POST https://upload-firebasehosting.googleapis.com/upload/sites/blog-ca662/versions/d65decd796671972/files/c003b1b620a390ab457b27778ce6f9507f66552be7d72e262f1eedbb51585e7e [stream]
[debug] [2026-01-08T21:33:34.215Z] <<< [apiv2][status] POST https://upload-firebasehosting.googleapis.com/upload/sites/blog-ca662/versions/d65decd796671972/files/8053775d4b9752de6e4802b163120ec32c048c39a04473635e49149bd228f158 200
[debug] [2026-01-08T21:33:34.215Z] <<< [apiv2][body] POST https://upload-firebasehosting.googleapis.com/upload/sites/blog-ca662/versions/d65decd796671972/files/8053775d4b9752de6e4802b163120ec32c048c39a04473635e49149bd228f158 [stream]
[debug] [2026-01-08T21:33:34.219Z] <<< [apiv2][status] POST https://upload-firebasehosting.googleapis.com/upload/sites/blog-ca662/versions/d65decd796671972/files/c9587722d30214cf1836b0317e1748e869860b335e699a7bd0154c874fae414d 200
[debug] [2026-01-08T21:33:34.219Z] <<< [apiv2][body] POST https://upload-firebasehosting.googleapis.com/upload/sites/blog-ca662/versions/d65decd796671972/files/c9587722d30214cf1836b0317e1748e869860b335e699a7bd0154c874fae414d [stream]
[debug] [2026-01-08T21:33:34.246Z] <<< [apiv2][status] POST https://upload-firebasehosting.googleapis.com/upload/sites/blog-ca662/versions/d65decd796671972/files/247f449d5dec727f4200bd7a3ceb981a76620dcf0eccdf89c6c3804d985d5112 200
[debug] [2026-01-08T21:33:34.246Z] <<< [apiv2][body] POST https://upload-firebasehosting.googleapis.com/upload/sites/blog-ca662/versions/d65decd796671972/files/247f449d5dec727f4200bd7a3ceb981a76620dcf0eccdf89c6c3804d985d5112 [stream]
[debug] [2026-01-08T21:33:34.275Z] <<< [apiv2][status] POST https://upload-firebasehosting.googleapis.com/upload/sites/blog-ca662/versions/d65decd796671972/files/ae7eaa7864b59c40d5e581c0702eb226da5d4d0f1ad47f7ce5d3e771adea3966 200
[debug] [2026-01-08T21:33:34.275Z] <<< [apiv2][body] POST https://upload-firebasehosting.googleapis.com/upload/sites/blog-ca662/versions/d65decd796671972/files/ae7eaa7864b59c40d5e581c0702eb226da5d4d0f1ad47f7ce5d3e771adea3966 [stream]
[debug] [2026-01-08T21:33:34.340Z] <<< [apiv2][status] POST https://upload-firebasehosting.googleapis.com/upload/sites/blog-ca662/versions/d65decd796671972/files/e5394fb2030a066452d0a7f10e1e29f1a19fe2c48bc88a1141eac84e862c2833 200
[debug] [2026-01-08T21:33:34.340Z] <<< [apiv2][body] POST https://upload-firebasehosting.googleapis.com/upload/sites/blog-ca662/versions/d65decd796671972/files/e5394fb2030a066452d0a7f10e1e29f1a19fe2c48bc88a1141eac84e862c2833 [stream]
[debug] [2026-01-08T21:33:34.358Z] <<< [apiv2][status] POST https://upload-firebasehosting.googleapis.com/upload/sites/blog-ca662/versions/d65decd796671972/files/c4de9995b3bb8a73da02308cb75721515f897229c3c422e51304e8afc4bdeccd 200
[debug] [2026-01-08T21:33:34.358Z] <<< [apiv2][body] POST https://upload-firebasehosting.googleapis.com/upload/sites/blog-ca662/versions/d65decd796671972/files/c4de9995b3bb8a73da02308cb75721515f897229c3c422e51304e8afc4bdeccd [stream]
[debug] [2026-01-08T21:33:34.367Z] <<< [apiv2][status] POST https://upload-firebasehosting.googleapis.com/upload/sites/blog-ca662/versions/d65decd796671972/files/4cd2c40b33c44a224c8e0ffc73900c33cdd08cf2e1a4bc4bb76ae6091a337bb4 200
[debug] [2026-01-08T21:33:34.367Z] <<< [apiv2][body] POST https://upload-firebasehosting.googleapis.com/upload/sites/blog-ca662/versions/d65decd796671972/files/4cd2c40b33c44a224c8e0ffc73900c33cdd08cf2e1a4bc4bb76ae6091a337bb4 [stream]
[debug] [2026-01-08T21:33:34.401Z] <<< [apiv2][status] POST https://upload-firebasehosting.googleapis.com/upload/sites/blog-ca662/versions/d65decd796671972/files/20e415ccaded15caf4aca4d415e0abc21db9918927f3674aa922edf8706392fe 200
[debug] [2026-01-08T21:33:34.401Z] <<< [apiv2][body] POST https://upload-firebasehosting.googleapis.com/upload/sites/blog-ca662/versions/d65decd796671972/files/20e415ccaded15caf4aca4d415e0abc21db9918927f3674aa922edf8706392fe [stream]
[debug] [2026-01-08T21:33:34.429Z] <<< [apiv2][status] POST https://upload-firebasehosting.googleapis.com/upload/sites/blog-ca662/versions/d65decd796671972/files/fdd46407eee8ecc9acd465a778e3a74be6f80918007574929520744f89de8f68 200
[debug] [2026-01-08T21:33:34.429Z] <<< [apiv2][body] POST https://upload-firebasehosting.googleapis.com/upload/sites/blog-ca662/versions/d65decd796671972/files/fdd46407eee8ecc9acd465a778e3a74be6f80918007574929520744f89de8f68 [stream]
[debug] [2026-01-08T21:33:34.469Z] <<< [apiv2][status] POST https://upload-firebasehosting.googleapis.com/upload/sites/blog-ca662/versions/d65decd796671972/files/ad1188edb838a13c3e3a230d65dcc402edcfc6caa63b2f287d5a7093d63b3bd6 200
[debug] [2026-01-08T21:33:34.469Z] <<< [apiv2][body] POST https://upload-firebasehosting.googleapis.com/upload/sites/blog-ca662/versions/d65decd796671972/files/ad1188edb838a13c3e3a230d65dcc402edcfc6caa63b2f287d5a7093d63b3bd6 [stream]
[debug] [2026-01-08T21:33:34.476Z] <<< [apiv2][status] POST https://upload-firebasehosting.googleapis.com/upload/sites/blog-ca662/versions/d65decd796671972/files/60bb02d60ee66cebceec7c0da0e1f7722772b2c61e2dc145115fb97713fa42f9 200
[debug] [2026-01-08T21:33:34.476Z] <<< [apiv2][body] POST https://upload-firebasehosting.googleapis.com/upload/sites/blog-ca662/versions/d65decd796671972/files/60bb02d60ee66cebceec7c0da0e1f7722772b2c61e2dc145115fb97713fa42f9 [stream]
[debug] [2026-01-08T21:33:34.499Z] <<< [apiv2][status] POST https://upload-firebasehosting.googleapis.com/upload/sites/blog-ca662/versions/d65decd796671972/files/8ba0263303705bdeb5e5f8e2d03ed5b8e7fbe9f067881e09106b7d5cff90489c 200
[debug] [2026-01-08T21:33:34.505Z] <<< [apiv2][body] POST https://upload-firebasehosting.googleapis.com/upload/sites/blog-ca662/versions/d65decd796671972/files/8ba0263303705bdeb5e5f8e2d03ed5b8e7fbe9f067881e09106b7d5cff90489c [stream]
[debug] [2026-01-08T21:33:34.512Z] <<< [apiv2][status] POST https://upload-firebasehosting.googleapis.com/upload/sites/blog-ca662/versions/d65decd796671972/files/aff1ce9926aa685ffd4b1208e106f77a6bc8be51c8b746bb3485f9c17871c7f7 200
[debug] [2026-01-08T21:33:34.512Z] <<< [apiv2][body] POST https://upload-firebasehosting.googleapis.com/upload/sites/blog-ca662/versions/d65decd796671972/files/aff1ce9926aa685ffd4b1208e106f77a6bc8be51c8b746bb3485f9c17871c7f7 [stream]
[debug] [2026-01-08T21:33:34.560Z] <<< [apiv2][status] POST https://upload-firebasehosting.googleapis.com/upload/sites/blog-ca662/versions/d65decd796671972/files/a81032fd69caa1acb665abe2f62ec6cc2ddc473d28887684df3b11fc17334a0a 200
[debug] [2026-01-08T21:33:34.560Z] <<< [apiv2][body] POST https://upload-firebasehosting.googleapis.com/upload/sites/blog-ca662/versions/d65decd796671972/files/a81032fd69caa1acb665abe2f62ec6cc2ddc473d28887684df3b11fc17334a0a [stream]
[debug] [2026-01-08T21:33:34.561Z] <<< [apiv2][status] POST https://upload-firebasehosting.googleapis.com/upload/sites/blog-ca662/versions/d65decd796671972/files/68a3c00fedc53fc20621b687d764016a3a241cbc01a61d0af60fe2ae1a1929c2 200
[debug] [2026-01-08T21:33:34.561Z] <<< [apiv2][body] POST https://upload-firebasehosting.googleapis.com/upload/sites/blog-ca662/versions/d65decd796671972/files/68a3c00fedc53fc20621b687d764016a3a241cbc01a61d0af60fe2ae1a1929c2 [stream]
[debug] [2026-01-08T21:33:34.577Z] <<< [apiv2][status] POST https://upload-firebasehosting.googleapis.com/upload/sites/blog-ca662/versions/d65decd796671972/files/12fb794e986937f753343bffd841d84fab4614ce9e9103d3e827bd22022df536 200
[debug] [2026-01-08T21:33:34.577Z] <<< [apiv2][body] POST https://upload-firebasehosting.googleapis.com/upload/sites/blog-ca662/versions/d65decd796671972/files/12fb794e986937f753343bffd841d84fab4614ce9e9103d3e827bd22022df536 [stream]
[debug] [2026-01-08T21:33:34.613Z] <<< [apiv2][status] POST https://upload-firebasehosting.googleapis.com/upload/sites/blog-ca662/versions/d65decd796671972/files/18e28d3214eda45048d80d3925ea7627b809e69ad2e95f7f98459e9146a61c3d 200
[debug] [2026-01-08T21:33:34.613Z] <<< [apiv2][body] POST https://upload-firebasehosting.googleapis.com/upload/sites/blog-ca662/versions/d65decd796671972/files/18e28d3214eda45048d80d3925ea7627b809e69ad2e95f7f98459e9146a61c3d [stream]
[debug] [2026-01-08T21:33:34.624Z] <<< [apiv2][status] POST https://upload-firebasehosting.googleapis.com/upload/sites/blog-ca662/versions/d65decd796671972/files/906faab67d75dd1f94e4105804f26826a26547f9bc85eb6c113d71dd92a68e60 200
[debug] [2026-01-08T21:33:34.624Z] <<< [apiv2][body] POST https://upload-firebasehosting.googleapis.com/upload/sites/blog-ca662/versions/d65decd796671972/files/906faab67d75dd1f94e4105804f26826a26547f9bc85eb6c113d71dd92a68e60 [stream]
[debug] [2026-01-08T21:33:34.626Z] <<< [apiv2][status] POST https://upload-firebasehosting.googleapis.com/upload/sites/blog-ca662/versions/d65decd796671972/files/37d8011912386c508beec3dabb06a8661bc30a58d96880cd5993c234ac880022 200
[debug] [2026-01-08T21:33:34.627Z] <<< [apiv2][body] POST https://upload-firebasehosting.googleapis.com/upload/sites/blog-ca662/versions/d65decd796671972/files/37d8011912386c508beec3dabb06a8661bc30a58d96880cd5993c234ac880022 [stream]
[debug] [2026-01-08T21:33:34.628Z] <<< [apiv2][status] POST https://upload-firebasehosting.googleapis.com/upload/sites/blog-ca662/versions/d65decd796671972/files/044f667fd10002f01ac211702350b4beea69c8d1fa2aadaf7971277ad0a36ed2 200
[debug] [2026-01-08T21:33:34.628Z] <<< [apiv2][body] POST https://upload-firebasehosting.googleapis.com/upload/sites/blog-ca662/versions/d65decd796671972/files/044f667fd10002f01ac211702350b4beea69c8d1fa2aadaf7971277ad0a36ed2 [stream]
[debug] [2026-01-08T21:33:34.642Z] <<< [apiv2][status] POST https://upload-firebasehosting.googleapis.com/upload/sites/blog-ca662/versions/d65decd796671972/files/21b0ae0980798b857a8228d5c0a8a31372bd0b5db034530c056f3b36b037e482 200
[debug] [2026-01-08T21:33:34.642Z] <<< [apiv2][body] POST https://upload-firebasehosting.googleapis.com/upload/sites/blog-ca662/versions/d65decd796671972/files/21b0ae0980798b857a8228d5c0a8a31372bd0b5db034530c056f3b36b037e482 [stream]
[debug] [2026-01-08T21:33:34.647Z] <<< [apiv2][status] POST https://upload-firebasehosting.googleapis.com/upload/sites/blog-ca662/versions/d65decd796671972/files/2d00b42a1fba09f0e23a707198ea6db865f97113e321825d3bf7841485f029e0 200
[debug] [2026-01-08T21:33:34.647Z] <<< [apiv2][body] POST https://upload-firebasehosting.googleapis.com/upload/sites/blog-ca662/versions/d65decd796671972/files/2d00b42a1fba09f0e23a707198ea6db865f97113e321825d3bf7841485f029e0 [stream]
[debug] [2026-01-08T21:33:34.648Z] <<< [apiv2][status] POST https://upload-firebasehosting.googleapis.com/upload/sites/blog-ca662/versions/d65decd796671972/files/4ca02247386c89e13dde6791dd0632e3f22aaf94e91bc35ece0edf79ff3e0e77 200
[debug] [2026-01-08T21:33:34.649Z] <<< [apiv2][body] POST https://upload-firebasehosting.googleapis.com/upload/sites/blog-ca662/versions/d65decd796671972/files/4ca02247386c89e13dde6791dd0632e3f22aaf94e91bc35ece0edf79ff3e0e77 [stream]
[debug] [2026-01-08T21:33:34.653Z] <<< [apiv2][status] POST https://upload-firebasehosting.googleapis.com/upload/sites/blog-ca662/versions/d65decd796671972/files/5b856860d944414a7025f4b4b9f2039e9f2d9bdb130b7397dac93b875ff6feac 200
[debug] [2026-01-08T21:33:34.654Z] <<< [apiv2][body] POST https://upload-firebasehosting.googleapis.com/upload/sites/blog-ca662/versions/d65decd796671972/files/5b856860d944414a7025f4b4b9f2039e9f2d9bdb130b7397dac93b875ff6feac [stream]
[debug] [2026-01-08T21:33:34.683Z] <<< [apiv2][status] POST https://upload-firebasehosting.googleapis.com/upload/sites/blog-ca662/versions/d65decd796671972/files/259476323f7d26ce7c4c939425d338088e584c2c5c48a487edf1d0ff6d96b88e 200
[debug] [2026-01-08T21:33:34.683Z] <<< [apiv2][body] POST https://upload-firebasehosting.googleapis.com/upload/sites/blog-ca662/versions/d65decd796671972/files/259476323f7d26ce7c4c939425d338088e584c2c5c48a487edf1d0ff6d96b88e [stream]
[debug] [2026-01-08T21:33:34.690Z] <<< [apiv2][status] POST https://upload-firebasehosting.googleapis.com/upload/sites/blog-ca662/versions/d65decd796671972/files/cd2992a875e4939d47289a3cc44c8b8a0e63817f4cc9fbd8b3bdf93b5f66fbb3 200
[debug] [2026-01-08T21:33:34.690Z] <<< [apiv2][body] POST https://upload-firebasehosting.googleapis.com/upload/sites/blog-ca662/versions/d65decd796671972/files/cd2992a875e4939d47289a3cc44c8b8a0e63817f4cc9fbd8b3bdf93b5f66fbb3 [stream]
[debug] [2026-01-08T21:33:34.698Z] <<< [apiv2][status] POST https://upload-firebasehosting.googleapis.com/upload/sites/blog-ca662/versions/d65decd796671972/files/0a2ed3b1b4f91d97b253215d1dd946c68f007a78a1c965d30f571d27a74be597 200
[debug] [2026-01-08T21:33:34.698Z] <<< [apiv2][body] POST https://upload-firebasehosting.googleapis.com/upload/sites/blog-ca662/versions/d65decd796671972/files/0a2ed3b1b4f91d97b253215d1dd946c68f007a78a1c965d30f571d27a74be597 [stream]
[debug] [2026-01-08T21:33:34.713Z] <<< [apiv2][status] POST https://upload-firebasehosting.googleapis.com/upload/sites/blog-ca662/versions/d65decd796671972/files/e2f915d82f6ffbd2e5cad51c17e5e54c3e4ffd76ab72153d9701892b9d6810f8 200
[debug] [2026-01-08T21:33:34.713Z] <<< [apiv2][body] POST https://upload-firebasehosting.googleapis.com/upload/sites/blog-ca662/versions/d65decd796671972/files/e2f915d82f6ffbd2e5cad51c17e5e54c3e4ffd76ab72153d9701892b9d6810f8 [stream]
[debug] [2026-01-08T21:33:34.713Z] <<< [apiv2][status] POST https://upload-firebasehosting.googleapis.com/upload/sites/blog-ca662/versions/d65decd796671972/files/60c12bf02bc1194580d36fa5889b7f0f9243e73cdb6416705b8f84d1a81e2be4 200
[debug] [2026-01-08T21:33:34.714Z] <<< [apiv2][body] POST https://upload-firebasehosting.googleapis.com/upload/sites/blog-ca662/versions/d65decd796671972/files/60c12bf02bc1194580d36fa5889b7f0f9243e73cdb6416705b8f84d1a81e2be4 [stream]
[debug] [2026-01-08T21:33:34.718Z] <<< [apiv2][status] POST https://upload-firebasehosting.googleapis.com/upload/sites/blog-ca662/versions/d65decd796671972/files/11412118b81b35180c87c2753bc1700557b3aa3a59ecb402eaf2152615983335 200
[debug] [2026-01-08T21:33:34.718Z] <<< [apiv2][body] POST https://upload-firebasehosting.googleapis.com/upload/sites/blog-ca662/versions/d65decd796671972/files/11412118b81b35180c87c2753bc1700557b3aa3a59ecb402eaf2152615983335 [stream]
[debug] [2026-01-08T21:33:34.790Z] <<< [apiv2][status] POST https://upload-firebasehosting.googleapis.com/upload/sites/blog-ca662/versions/d65decd796671972/files/52150205a3ff78ae1d310a2ca5627e513c877bb5acad35fab5d51017ef5af476 200
[debug] [2026-01-08T21:33:34.790Z] <<< [apiv2][body] POST https://upload-firebasehosting.googleapis.com/upload/sites/blog-ca662/versions/d65decd796671972/files/52150205a3ff78ae1d310a2ca5627e513c877bb5acad35fab5d51017ef5af476 [stream]
[debug] [2026-01-08T21:33:34.797Z] <<< [apiv2][status] POST https://upload-firebasehosting.googleapis.com/upload/sites/blog-ca662/versions/d65decd796671972/files/bf734772db54c41cbe0b53de8b60dd55fd639c3ff226e0ab13c7c70edab62ce1 200
[debug] [2026-01-08T21:33:34.797Z] <<< [apiv2][body] POST https://upload-firebasehosting.googleapis.com/upload/sites/blog-ca662/versions/d65decd796671972/files/bf734772db54c41cbe0b53de8b60dd55fd639c3ff226e0ab13c7c70edab62ce1 [stream]
[debug] [2026-01-08T21:33:34.914Z] <<< [apiv2][status] POST https://upload-firebasehosting.googleapis.com/upload/sites/blog-ca662/versions/d65decd796671972/files/3db59b6f8d778b76875738873b5373463441751220b805ab14373c60edff67fa 200
[debug] [2026-01-08T21:33:34.914Z] <<< [apiv2][body] POST https://upload-firebasehosting.googleapis.com/upload/sites/blog-ca662/versions/d65decd796671972/files/3db59b6f8d778b76875738873b5373463441751220b805ab14373c60edff67fa [stream]
[debug] [2026-01-08T21:33:34.933Z] <<< [apiv2][status] POST https://upload-firebasehosting.googleapis.com/upload/sites/blog-ca662/versions/d65decd796671972/files/3aabbe94706453b3a2914d222f3230111d9767bd497f0a7c2a94c30d8aa1addc 200
[debug] [2026-01-08T21:33:34.933Z] <<< [apiv2][body] POST https://upload-firebasehosting.googleapis.com/upload/sites/blog-ca662/versions/d65decd796671972/files/3aabbe94706453b3a2914d222f3230111d9767bd497f0a7c2a94c30d8aa1addc [stream]
[debug] [2026-01-08T21:33:34.937Z] <<< [apiv2][status] POST https://upload-firebasehosting.googleapis.com/upload/sites/blog-ca662/versions/d65decd796671972/files/b35c488e105c868eadf91ee4b16550ddb52aaef62d77502b5488b790960e9615 200
[debug] [2026-01-08T21:33:34.938Z] <<< [apiv2][body] POST https://upload-firebasehosting.googleapis.com/upload/sites/blog-ca662/versions/d65decd796671972/files/b35c488e105c868eadf91ee4b16550ddb52aaef62d77502b5488b790960e9615 [stream]
[debug] [2026-01-08T21:33:34.968Z] <<< [apiv2][status] POST https://upload-firebasehosting.googleapis.com/upload/sites/blog-ca662/versions/d65decd796671972/files/f777e9e43e6134ebfb6ed7f14890b19a83a937851ed824348f90bbafea1bf9ad 200
[debug] [2026-01-08T21:33:34.968Z] <<< [apiv2][body] POST https://upload-firebasehosting.googleapis.com/upload/sites/blog-ca662/versions/d65decd796671972/files/f777e9e43e6134ebfb6ed7f14890b19a83a937851ed824348f90bbafea1bf9ad [stream]
[debug] [2026-01-08T21:33:34.978Z] <<< [apiv2][status] POST https://upload-firebasehosting.googleapis.com/upload/sites/blog-ca662/versions/d65decd796671972/files/4f166e2fc9cdff58e7788dceb178e00feceb93f2616e1001df59fd5044f80ab1 200
[debug] [2026-01-08T21:33:34.978Z] <<< [apiv2][body] POST https://upload-firebasehosting.googleapis.com/upload/sites/blog-ca662/versions/d65decd796671972/files/4f166e2fc9cdff58e7788dceb178e00feceb93f2616e1001df59fd5044f80ab1 [stream]
[debug] [2026-01-08T21:33:34.989Z] <<< [apiv2][status] POST https://upload-firebasehosting.googleapis.com/upload/sites/blog-ca662/versions/d65decd796671972/files/d580db318eb10377fb3c4874f3b9c944e61a63eff0350f2e8a65e271fd5d8d66 200
[debug] [2026-01-08T21:33:34.989Z] <<< [apiv2][body] POST https://upload-firebasehosting.googleapis.com/upload/sites/blog-ca662/versions/d65decd796671972/files/d580db318eb10377fb3c4874f3b9c944e61a63eff0350f2e8a65e271fd5d8d66 [stream]
[debug] [2026-01-08T21:33:35.059Z] <<< [apiv2][status] POST https://upload-firebasehosting.googleapis.com/upload/sites/blog-ca662/versions/d65decd796671972/files/aeb03c5c1522d2fe6f6384711817dbd6cdbbb3dfa99276adf7325e9eacdae1ee 200
[debug] [2026-01-08T21:33:35.059Z] <<< [apiv2][body] POST https://upload-firebasehosting.googleapis.com/upload/sites/blog-ca662/versions/d65decd796671972/files/aeb03c5c1522d2fe6f6384711817dbd6cdbbb3dfa99276adf7325e9eacdae1ee [stream]
[debug] [2026-01-08T21:33:35.065Z] <<< [apiv2][status] POST https://upload-firebasehosting.googleapis.com/upload/sites/blog-ca662/versions/d65decd796671972/files/fd09d13edd209a0718366e922ade6b37eac7a71969402a8bf20805679665ca45 200
[debug] [2026-01-08T21:33:35.065Z] <<< [apiv2][body] POST https://upload-firebasehosting.googleapis.com/upload/sites/blog-ca662/versions/d65decd796671972/files/fd09d13edd209a0718366e922ade6b37eac7a71969402a8bf20805679665ca45 [stream]
[debug] [2026-01-08T21:33:35.096Z] <<< [apiv2][status] POST https://upload-firebasehosting.googleapis.com/upload/sites/blog-ca662/versions/d65decd796671972/files/cb7e5250edffcca9aecc31d38600eec77260023043eb686bee77463b59ba6402 200
[debug] [2026-01-08T21:33:35.096Z] <<< [apiv2][body] POST https://upload-firebasehosting.googleapis.com/upload/sites/blog-ca662/versions/d65decd796671972/files/cb7e5250edffcca9aecc31d38600eec77260023043eb686bee77463b59ba6402 [stream]
[debug] [2026-01-08T21:33:35.118Z] <<< [apiv2][status] POST https://upload-firebasehosting.googleapis.com/upload/sites/blog-ca662/versions/d65decd796671972/files/dcbe1c9b9159ca21caea98e1bad364012ae284e9551375ca62b83d2811efac91 200
[debug] [2026-01-08T21:33:35.118Z] <<< [apiv2][body] POST https://upload-firebasehosting.googleapis.com/upload/sites/blog-ca662/versions/d65decd796671972/files/dcbe1c9b9159ca21caea98e1bad364012ae284e9551375ca62b83d2811efac91 [stream]
[debug] [2026-01-08T21:33:35.119Z] <<< [apiv2][status] POST https://upload-firebasehosting.googleapis.com/upload/sites/blog-ca662/versions/d65decd796671972/files/6cab918c834e4af36cab3d8f0370ebb1ef61568d672667bb41255d19a15d7109 200
[debug] [2026-01-08T21:33:35.119Z] <<< [apiv2][body] POST https://upload-firebasehosting.googleapis.com/upload/sites/blog-ca662/versions/d65decd796671972/files/6cab918c834e4af36cab3d8f0370ebb1ef61568d672667bb41255d19a15d7109 [stream]
[debug] [2026-01-08T21:33:35.120Z] <<< [apiv2][status] POST https://upload-firebasehosting.googleapis.com/upload/sites/blog-ca662/versions/d65decd796671972/files/29136d64c5f13a05832d858b6ba8fb1048f3b5acae717c7dfe50a2c2ef44a0f3 200
[debug] [2026-01-08T21:33:35.120Z] <<< [apiv2][body] POST https://upload-firebasehosting.googleapis.com/upload/sites/blog-ca662/versions/d65decd796671972/files/29136d64c5f13a05832d858b6ba8fb1048f3b5acae717c7dfe50a2c2ef44a0f3 [stream]
[debug] [2026-01-08T21:33:35.126Z] <<< [apiv2][status] POST https://upload-firebasehosting.googleapis.com/upload/sites/blog-ca662/versions/d65decd796671972/files/4164a7e0167f49d7b0e66fcea8b3eb5689d3f4b2fd956d200c2ce0bf7160c114 200
[debug] [2026-01-08T21:33:35.127Z] <<< [apiv2][body] POST https://upload-firebasehosting.googleapis.com/upload/sites/blog-ca662/versions/d65decd796671972/files/4164a7e0167f49d7b0e66fcea8b3eb5689d3f4b2fd956d200c2ce0bf7160c114 [stream]
[debug] [2026-01-08T21:33:35.136Z] <<< [apiv2][status] POST https://upload-firebasehosting.googleapis.com/upload/sites/blog-ca662/versions/d65decd796671972/files/61663fde99b3394d71653f41c19fe91269442622a4a6695f8352a70fbf5ca4c1 200
[debug] [2026-01-08T21:33:35.136Z] <<< [apiv2][body] POST https://upload-firebasehosting.googleapis.com/upload/sites/blog-ca662/versions/d65decd796671972/files/61663fde99b3394d71653f41c19fe91269442622a4a6695f8352a70fbf5ca4c1 [stream]
[debug] [2026-01-08T21:33:35.143Z] <<< [apiv2][status] POST https://upload-firebasehosting.googleapis.com/upload/sites/blog-ca662/versions/d65decd796671972/files/7f2422c0b816802f4a54b5fd9d5d57362f8ae4b57ae554d35c9577a73536c995 200
[debug] [2026-01-08T21:33:35.143Z] <<< [apiv2][body] POST https://upload-firebasehosting.googleapis.com/upload/sites/blog-ca662/versions/d65decd796671972/files/7f2422c0b816802f4a54b5fd9d5d57362f8ae4b57ae554d35c9577a73536c995 [stream]
[debug] [2026-01-08T21:33:35.165Z] <<< [apiv2][status] POST https://upload-firebasehosting.googleapis.com/upload/sites/blog-ca662/versions/d65decd796671972/files/fa1d0509b3810013fa135b0f0761c995e25825baab6900eaf0145f09fe2f08d8 200
[debug] [2026-01-08T21:33:35.165Z] <<< [apiv2][body] POST https://upload-firebasehosting.googleapis.com/upload/sites/blog-ca662/versions/d65decd796671972/files/fa1d0509b3810013fa135b0f0761c995e25825baab6900eaf0145f09fe2f08d8 [stream]
[debug] [2026-01-08T21:33:35.169Z] <<< [apiv2][status] POST https://upload-firebasehosting.googleapis.com/upload/sites/blog-ca662/versions/d65decd796671972/files/1a5483aa3a487355dd88f9807178e9daf610947e91e115613683a7c63924de08 200
[debug] [2026-01-08T21:33:35.169Z] <<< [apiv2][body] POST https://upload-firebasehosting.googleapis.com/upload/sites/blog-ca662/versions/d65decd796671972/files/1a5483aa3a487355dd88f9807178e9daf610947e91e115613683a7c63924de08 [stream]
[debug] [2026-01-08T21:33:35.179Z] <<< [apiv2][status] POST https://upload-firebasehosting.googleapis.com/upload/sites/blog-ca662/versions/d65decd796671972/files/c382b867ce2ce0de51eb340bc815e1ff6698550b1a831adbe3a0ddf900b6ff63 200
[debug] [2026-01-08T21:33:35.179Z] <<< [apiv2][body] POST https://upload-firebasehosting.googleapis.com/upload/sites/blog-ca662/versions/d65decd796671972/files/c382b867ce2ce0de51eb340bc815e1ff6698550b1a831adbe3a0ddf900b6ff63 [stream]
[debug] [2026-01-08T21:33:35.182Z] <<< [apiv2][status] POST https://upload-firebasehosting.googleapis.com/upload/sites/blog-ca662/versions/d65decd796671972/files/29e55ed0647f9640f01f85ce963daccfe8f89d0e427cceef3859cfcf789f1982 200
[debug] [2026-01-08T21:33:35.183Z] <<< [apiv2][body] POST https://upload-firebasehosting.googleapis.com/upload/sites/blog-ca662/versions/d65decd796671972/files/29e55ed0647f9640f01f85ce963daccfe8f89d0e427cceef3859cfcf789f1982 [stream]
[debug] [2026-01-08T21:33:35.189Z] <<< [apiv2][status] POST https://upload-firebasehosting.googleapis.com/upload/sites/blog-ca662/versions/d65decd796671972/files/b7d46e7c256c45a33a70d05605883d922db995918a34774df073d9c40555e922 200
[debug] [2026-01-08T21:33:35.189Z] <<< [apiv2][body] POST https://upload-firebasehosting.googleapis.com/upload/sites/blog-ca662/versions/d65decd796671972/files/b7d46e7c256c45a33a70d05605883d922db995918a34774df073d9c40555e922 [stream]
[debug] [2026-01-08T21:33:35.196Z] <<< [apiv2][status] POST https://upload-firebasehosting.googleapis.com/upload/sites/blog-ca662/versions/d65decd796671972/files/df5eaeac1f6d51d085420a38d3d2aa72ccc2c6416a2bac79256a84b90fd36070 200
[debug] [2026-01-08T21:33:35.196Z] <<< [apiv2][body] POST https://upload-firebasehosting.googleapis.com/upload/sites/blog-ca662/versions/d65decd796671972/files/df5eaeac1f6d51d085420a38d3d2aa72ccc2c6416a2bac79256a84b90fd36070 [stream]
[debug] [2026-01-08T21:33:35.211Z] <<< [apiv2][status] POST https://upload-firebasehosting.googleapis.com/upload/sites/blog-ca662/versions/d65decd796671972/files/3764fe8113fb9bb08f556a0badc949354694476c04f9d92d16939fda6a1e0148 200
[debug] [2026-01-08T21:33:35.211Z] <<< [apiv2][body] POST https://upload-firebasehosting.googleapis.com/upload/sites/blog-ca662/versions/d65decd796671972/files/3764fe8113fb9bb08f556a0badc949354694476c04f9d92d16939fda6a1e0148 [stream]
[debug] [2026-01-08T21:33:35.211Z] <<< [apiv2][status] POST https://upload-firebasehosting.googleapis.com/upload/sites/blog-ca662/versions/d65decd796671972/files/dac5bc3cb64e4713c921622bd38e55f69c74a93a330f049a5af71e68002f9732 200
[debug] [2026-01-08T21:33:35.211Z] <<< [apiv2][body] POST https://upload-firebasehosting.googleapis.com/upload/sites/blog-ca662/versions/d65decd796671972/files/dac5bc3cb64e4713c921622bd38e55f69c74a93a330f049a5af71e68002f9732 [stream]
[debug] [2026-01-08T21:33:35.224Z] <<< [apiv2][status] POST https://upload-firebasehosting.googleapis.com/upload/sites/blog-ca662/versions/d65decd796671972/files/cf853758f15d73baaaf71412dc250960d8852633fe5a509d9e344447cf1eb7f0 200
[debug] [2026-01-08T21:33:35.224Z] <<< [apiv2][body] POST https://upload-firebasehosting.googleapis.com/upload/sites/blog-ca662/versions/d65decd796671972/files/cf853758f15d73baaaf71412dc250960d8852633fe5a509d9e344447cf1eb7f0 [stream]
[debug] [2026-01-08T21:33:35.225Z] <<< [apiv2][status] POST https://upload-firebasehosting.googleapis.com/upload/sites/blog-ca662/versions/d65decd796671972/files/4dcd0f75b2b46c64bebe9faf08499f2e0888ebba08ed7d899865d184e8ec93cf 200
[debug] [2026-01-08T21:33:35.225Z] <<< [apiv2][body] POST https://upload-firebasehosting.googleapis.com/upload/sites/blog-ca662/versions/d65decd796671972/files/4dcd0f75b2b46c64bebe9faf08499f2e0888ebba08ed7d899865d184e8ec93cf [stream]
[debug] [2026-01-08T21:33:35.239Z] <<< [apiv2][status] POST https://upload-firebasehosting.googleapis.com/upload/sites/blog-ca662/versions/d65decd796671972/files/c8c8a5011771dc68811a23b1db48ffbed728422b97e897722d4b974a65389217 200
[debug] [2026-01-08T21:33:35.239Z] <<< [apiv2][body] POST https://upload-firebasehosting.googleapis.com/upload/sites/blog-ca662/versions/d65decd796671972/files/c8c8a5011771dc68811a23b1db48ffbed728422b97e897722d4b974a65389217 [stream]
[debug] [2026-01-08T21:33:35.257Z] <<< [apiv2][status] POST https://upload-firebasehosting.googleapis.com/upload/sites/blog-ca662/versions/d65decd796671972/files/82f27834f41bbedd11ba00a8e6411280f0150134b95ecff21865f2b62273f56a 200
[debug] [2026-01-08T21:33:35.257Z] <<< [apiv2][body] POST https://upload-firebasehosting.googleapis.com/upload/sites/blog-ca662/versions/d65decd796671972/files/82f27834f41bbedd11ba00a8e6411280f0150134b95ecff21865f2b62273f56a [stream]
[debug] [2026-01-08T21:33:35.260Z] <<< [apiv2][status] POST https://upload-firebasehosting.googleapis.com/upload/sites/blog-ca662/versions/d65decd796671972/files/379e9123453376a441f107edd499da397a6bcbf444dab0e53ad4ae8cd8220a3f 200
[debug] [2026-01-08T21:33:35.260Z] <<< [apiv2][body] POST https://upload-firebasehosting.googleapis.com/upload/sites/blog-ca662/versions/d65decd796671972/files/379e9123453376a441f107edd499da397a6bcbf444dab0e53ad4ae8cd8220a3f [stream]
[debug] [2026-01-08T21:33:35.276Z] <<< [apiv2][status] POST https://upload-firebasehosting.googleapis.com/upload/sites/blog-ca662/versions/d65decd796671972/files/25ae05f2ece4bc46d2351a2660b3f4347f1adc4181c38f3f596f60ccd615db6f 200
[debug] [2026-01-08T21:33:35.276Z] <<< [apiv2][body] POST https://upload-firebasehosting.googleapis.com/upload/sites/blog-ca662/versions/d65decd796671972/files/25ae05f2ece4bc46d2351a2660b3f4347f1adc4181c38f3f596f60ccd615db6f [stream]
[debug] [2026-01-08T21:33:35.277Z] <<< [apiv2][status] POST https://upload-firebasehosting.googleapis.com/upload/sites/blog-ca662/versions/d65decd796671972/files/86835ac53a0e1de04820388d01b501389d5e9311509282b5e3bfbfc752754083 200
[debug] [2026-01-08T21:33:35.277Z] <<< [apiv2][body] POST https://upload-firebasehosting.googleapis.com/upload/sites/blog-ca662/versions/d65decd796671972/files/86835ac53a0e1de04820388d01b501389d5e9311509282b5e3bfbfc752754083 [stream]
[debug] [2026-01-08T21:33:35.285Z] <<< [apiv2][status] POST https://upload-firebasehosting.googleapis.com/upload/sites/blog-ca662/versions/d65decd796671972/files/5d06a384813a6b8ce8712a514fe91e03ba5c318523324a9ef90a3040f840df92 200
[debug] [2026-01-08T21:33:35.285Z] <<< [apiv2][body] POST https://upload-firebasehosting.googleapis.com/upload/sites/blog-ca662/versions/d65decd796671972/files/5d06a384813a6b8ce8712a514fe91e03ba5c318523324a9ef90a3040f840df92 [stream]
[debug] [2026-01-08T21:33:35.299Z] <<< [apiv2][status] POST https://upload-firebasehosting.googleapis.com/upload/sites/blog-ca662/versions/d65decd796671972/files/777bd807569d1a32adfb00d14b0728659836fef26ef0d2f26428ecad46842c7e 200
[debug] [2026-01-08T21:33:35.299Z] <<< [apiv2][body] POST https://upload-firebasehosting.googleapis.com/upload/sites/blog-ca662/versions/d65decd796671972/files/777bd807569d1a32adfb00d14b0728659836fef26ef0d2f26428ecad46842c7e [stream]
[debug] [2026-01-08T21:33:35.310Z] <<< [apiv2][status] POST https://upload-firebasehosting.googleapis.com/upload/sites/blog-ca662/versions/d65decd796671972/files/ace4c9111db9a6b38284db52657e69060f07a8086b5fca3d883dec66c3ad68b2 200
[debug] [2026-01-08T21:33:35.310Z] <<< [apiv2][body] POST https://upload-firebasehosting.googleapis.com/upload/sites/blog-ca662/versions/d65decd796671972/files/ace4c9111db9a6b38284db52657e69060f07a8086b5fca3d883dec66c3ad68b2 [stream]
[debug] [2026-01-08T21:33:35.310Z] <<< [apiv2][status] POST https://upload-firebasehosting.googleapis.com/upload/sites/blog-ca662/versions/d65decd796671972/files/cb1daffa3c007cc5f2672a1be15d991cfd2fcaf9d2a7cee274a177032927aa3f 200
[debug] [2026-01-08T21:33:35.310Z] <<< [apiv2][body] POST https://upload-firebasehosting.googleapis.com/upload/sites/blog-ca662/versions/d65decd796671972/files/cb1daffa3c007cc5f2672a1be15d991cfd2fcaf9d2a7cee274a177032927aa3f [stream]
[debug] [2026-01-08T21:33:35.327Z] <<< [apiv2][status] POST https://upload-firebasehosting.googleapis.com/upload/sites/blog-ca662/versions/d65decd796671972/files/3be1d01b430ebd6d31aa58da1cc00eb7e22c9867a9788e4bd31cab06c33b1472 200
[debug] [2026-01-08T21:33:35.327Z] <<< [apiv2][body] POST https://upload-firebasehosting.googleapis.com/upload/sites/blog-ca662/versions/d65decd796671972/files/3be1d01b430ebd6d31aa58da1cc00eb7e22c9867a9788e4bd31cab06c33b1472 [stream]
[debug] [2026-01-08T21:33:35.342Z] <<< [apiv2][status] POST https://upload-firebasehosting.googleapis.com/upload/sites/blog-ca662/versions/d65decd796671972/files/d724c1159781a7eaa996f9b8ecd461dc5fee64202793c48c1d0e2d832cbe89c0 200
[debug] [2026-01-08T21:33:35.342Z] <<< [apiv2][body] POST https://upload-firebasehosting.googleapis.com/upload/sites/blog-ca662/versions/d65decd796671972/files/d724c1159781a7eaa996f9b8ecd461dc5fee64202793c48c1d0e2d832cbe89c0 [stream]
[debug] [2026-01-08T21:33:35.343Z] <<< [apiv2][status] POST https://upload-firebasehosting.googleapis.com/upload/sites/blog-ca662/versions/d65decd796671972/files/585d56896ef24693dfe922165efbf7ca9f0c3ba572ebb21e350dbbda6fd21934 200
[debug] [2026-01-08T21:33:35.343Z] <<< [apiv2][body] POST https://upload-firebasehosting.googleapis.com/upload/sites/blog-ca662/versions/d65decd796671972/files/585d56896ef24693dfe922165efbf7ca9f0c3ba572ebb21e350dbbda6fd21934 [stream]
[debug] [2026-01-08T21:33:35.343Z] <<< [apiv2][status] POST https://upload-firebasehosting.googleapis.com/upload/sites/blog-ca662/versions/d65decd796671972/files/506839188bb5af39703c4477bbb4df116d131452c1b59d6ffd1ccfcc2a5b6581 200
[debug] [2026-01-08T21:33:35.343Z] <<< [apiv2][body] POST https://upload-firebasehosting.googleapis.com/upload/sites/blog-ca662/versions/d65decd796671972/files/506839188bb5af39703c4477bbb4df116d131452c1b59d6ffd1ccfcc2a5b6581 [stream]
[debug] [2026-01-08T21:33:35.353Z] <<< [apiv2][status] POST https://upload-firebasehosting.googleapis.com/upload/sites/blog-ca662/versions/d65decd796671972/files/5532e870310617e7462198fe824f90055a9c390cd5dca3cf5d8478d09787a28f 200
[debug] [2026-01-08T21:33:35.354Z] <<< [apiv2][body] POST https://upload-firebasehosting.googleapis.com/upload/sites/blog-ca662/versions/d65decd796671972/files/5532e870310617e7462198fe824f90055a9c390cd5dca3cf5d8478d09787a28f [stream]
[debug] [2026-01-08T21:33:35.355Z] <<< [apiv2][status] POST https://upload-firebasehosting.googleapis.com/upload/sites/blog-ca662/versions/d65decd796671972/files/e91f9988b5a3f3becf87390d1b2c86776bae1cfcceaca54d1b716940e1373a5f 200
[debug] [2026-01-08T21:33:35.355Z] <<< [apiv2][body] POST https://upload-firebasehosting.googleapis.com/upload/sites/blog-ca662/versions/d65decd796671972/files/e91f9988b5a3f3becf87390d1b2c86776bae1cfcceaca54d1b716940e1373a5f [stream]
[debug] [2026-01-08T21:33:35.401Z] <<< [apiv2][status] POST https://upload-firebasehosting.googleapis.com/upload/sites/blog-ca662/versions/d65decd796671972/files/9f0a9161a43ee8c237aab3768e7c31d046378ab797677fbb4d14324c69ab3061 200
[debug] [2026-01-08T21:33:35.401Z] <<< [apiv2][body] POST https://upload-firebasehosting.googleapis.com/upload/sites/blog-ca662/versions/d65decd796671972/files/9f0a9161a43ee8c237aab3768e7c31d046378ab797677fbb4d14324c69ab3061 [stream]
[debug] [2026-01-08T21:33:35.434Z] <<< [apiv2][status] POST https://upload-firebasehosting.googleapis.com/upload/sites/blog-ca662/versions/d65decd796671972/files/02d13a32ab3a9448f74233988c2bd3554129e7e03cb388b75ae2ba3bdef882db 200
[debug] [2026-01-08T21:33:35.434Z] <<< [apiv2][body] POST https://upload-firebasehosting.googleapis.com/upload/sites/blog-ca662/versions/d65decd796671972/files/02d13a32ab3a9448f74233988c2bd3554129e7e03cb388b75ae2ba3bdef882db [stream]
[debug] [2026-01-08T21:33:35.444Z] <<< [apiv2][status] POST https://upload-firebasehosting.googleapis.com/upload/sites/blog-ca662/versions/d65decd796671972/files/d0c734083de2c08a1f29bfb61af7d55cf156390978d545dc450f246f281bac72 200
[debug] [2026-01-08T21:33:35.444Z] <<< [apiv2][body] POST https://upload-firebasehosting.googleapis.com/upload/sites/blog-ca662/versions/d65decd796671972/files/d0c734083de2c08a1f29bfb61af7d55cf156390978d545dc450f246f281bac72 [stream]
[debug] [2026-01-08T21:33:35.493Z] <<< [apiv2][status] POST https://upload-firebasehosting.googleapis.com/upload/sites/blog-ca662/versions/d65decd796671972/files/6bc52f9a7ac8b6880f0552b39e1b046c057e0b864a0feb2be5798f83c79b53e8 200
[debug] [2026-01-08T21:33:35.493Z] <<< [apiv2][body] POST https://upload-firebasehosting.googleapis.com/upload/sites/blog-ca662/versions/d65decd796671972/files/6bc52f9a7ac8b6880f0552b39e1b046c057e0b864a0feb2be5798f83c79b53e8 [stream]
[debug] [2026-01-08T21:33:35.522Z] <<< [apiv2][status] POST https://upload-firebasehosting.googleapis.com/upload/sites/blog-ca662/versions/d65decd796671972/files/8dcaa1879d74624418e6dd617de72b3a00589aafe33e0a2ae57636243935d7f9 200
[debug] [2026-01-08T21:33:35.522Z] <<< [apiv2][body] POST https://upload-firebasehosting.googleapis.com/upload/sites/blog-ca662/versions/d65decd796671972/files/8dcaa1879d74624418e6dd617de72b3a00589aafe33e0a2ae57636243935d7f9 [stream]
[debug] [2026-01-08T21:33:35.546Z] <<< [apiv2][status] POST https://upload-firebasehosting.googleapis.com/upload/sites/blog-ca662/versions/d65decd796671972/files/ea31c51f0adab3403d49fa1914526ac789ff5c18d672e4124b2b07b1d9e3d138 200
[debug] [2026-01-08T21:33:35.547Z] <<< [apiv2][body] POST https://upload-firebasehosting.googleapis.com/upload/sites/blog-ca662/versions/d65decd796671972/files/ea31c51f0adab3403d49fa1914526ac789ff5c18d672e4124b2b07b1d9e3d138 [stream]
[debug] [2026-01-08T21:33:35.559Z] <<< [apiv2][status] POST https://upload-firebasehosting.googleapis.com/upload/sites/blog-ca662/versions/d65decd796671972/files/57bcc8428230e17fe90736b82aa939f6f3b66c4a4ccb39b1afa049e242bd6f8b 200
[debug] [2026-01-08T21:33:35.559Z] <<< [apiv2][body] POST https://upload-firebasehosting.googleapis.com/upload/sites/blog-ca662/versions/d65decd796671972/files/57bcc8428230e17fe90736b82aa939f6f3b66c4a4ccb39b1afa049e242bd6f8b [stream]
[debug] [2026-01-08T21:33:35.591Z] <<< [apiv2][status] POST https://upload-firebasehosting.googleapis.com/upload/sites/blog-ca662/versions/d65decd796671972/files/aa67db5b42ae22f645770b7f06a26fde6c6bd02f4e8f39c50d57b17041d8474e 200
[debug] [2026-01-08T21:33:35.591Z] <<< [apiv2][body] POST https://upload-firebasehosting.googleapis.com/upload/sites/blog-ca662/versions/d65decd796671972/files/aa67db5b42ae22f645770b7f06a26fde6c6bd02f4e8f39c50d57b17041d8474e [stream]
[debug] [2026-01-08T21:33:35.609Z] <<< [apiv2][status] POST https://upload-firebasehosting.googleapis.com/upload/sites/blog-ca662/versions/d65decd796671972/files/4d6680880956b91ba4ee6950e88c9e202f8d983d1031f3fcf65606e3051826e2 200
[debug] [2026-01-08T21:33:35.610Z] <<< [apiv2][body] POST https://upload-firebasehosting.googleapis.com/upload/sites/blog-ca662/versions/d65decd796671972/files/4d6680880956b91ba4ee6950e88c9e202f8d983d1031f3fcf65606e3051826e2 [stream]
[debug] [2026-01-08T21:33:35.662Z] <<< [apiv2][status] POST https://upload-firebasehosting.googleapis.com/upload/sites/blog-ca662/versions/d65decd796671972/files/48ece4f3c99b3dc5a27cabafd1c0cf87631d94513360cc1d3193fff192cfcb3c 200
[debug] [2026-01-08T21:33:35.662Z] <<< [apiv2][body] POST https://upload-firebasehosting.googleapis.com/upload/sites/blog-ca662/versions/d65decd796671972/files/48ece4f3c99b3dc5a27cabafd1c0cf87631d94513360cc1d3193fff192cfcb3c [stream]
[debug] [2026-01-08T21:33:35.761Z] <<< [apiv2][status] POST https://upload-firebasehosting.googleapis.com/upload/sites/blog-ca662/versions/d65decd796671972/files/530f6bab9a5202024ed8d77f8b5d7d57bb7e6c779706753d21397a4c6e471e5b 200
[debug] [2026-01-08T21:33:35.762Z] <<< [apiv2][body] POST https://upload-firebasehosting.googleapis.com/upload/sites/blog-ca662/versions/d65decd796671972/files/530f6bab9a5202024ed8d77f8b5d7d57bb7e6c779706753d21397a4c6e471e5b [stream]
[debug] [2026-01-08T21:33:36.893Z] <<< [apiv2][status] POST https://upload-firebasehosting.googleapis.com/upload/sites/blog-ca662/versions/d65decd796671972/files/a049273349494f3cab0c13dd0236ae0baeb066e708a9cd19a26c9d36ad5a633e 200
[debug] [2026-01-08T21:33:36.893Z] <<< [apiv2][body] POST https://upload-firebasehosting.googleapis.com/upload/sites/blog-ca662/versions/d65decd796671972/files/a049273349494f3cab0c13dd0236ae0baeb066e708a9cd19a26c9d36ad5a633e [stream]
[debug] [2026-01-08T21:33:37.007Z] <<< [apiv2][status] POST https://upload-firebasehosting.googleapis.com/upload/sites/blog-ca662/versions/d65decd796671972/files/4584471c28a3854d6568e419c9d5347d0f791219458be74c4a2b597d7df6624a 200
[debug] [2026-01-08T21:33:37.007Z] <<< [apiv2][body] POST https://upload-firebasehosting.googleapis.com/upload/sites/blog-ca662/versions/d65decd796671972/files/4584471c28a3854d6568e419c9d5347d0f791219458be74c4a2b597d7df6624a [stream]
[debug] [2026-01-08T21:33:37.008Z] [hosting][upload queue][FINAL] {"max":3984,"min":1167,"avg":1980.715909090909,"active":0,"complete":88,"success":88,"errored":0,"retried":0,"total":88,"elapsed":4009}
[info] +  hosting[blog-ca662]: file upload complete 
[debug] [2026-01-08T21:33:37.009Z] [hosting] deploy completed after 6847ms
[info] i  functions: updating Node.js 20 (2nd Gen) function firebase-frameworks-blog-ca662:ssrblogca662(us-central1)... 
[debug] [2026-01-08T21:33:37.017Z] Checked if tokens are valid: true, expires at: 1767910446517
[debug] [2026-01-08T21:33:37.017Z] Checked if tokens are valid: true, expires at: 1767910446517
[debug] [2026-01-08T21:33:37.017Z] >>> [apiv2][query] PATCH https://cloudfunctions.googleapis.com/v2/projects/blog-ca662/locations/us-central1/functions/ssrblogca662 updateMask=name%2CbuildConfig.runtime%2CbuildConfig.entryPoint%2CbuildConfig.source.storageSource.bucket%2CbuildConfig.source.storageSource.object%2CbuildConfig.environmentVariables%2CbuildConfig.sourceToken%2CserviceConfig.environmentVariables%2CserviceConfig.ingressSettings%2CserviceConfig.timeoutSeconds%2CserviceConfig.serviceAccountEmail%2CserviceConfig.availableMemory%2CserviceConfig.minInstanceCount%2CserviceConfig.maxInstanceCount%2CserviceConfig.maxInstanceRequestConcurrency%2CserviceConfig.availableCpu%2CserviceConfig.vpcConnector%2CserviceConfig.vpcConnectorEgressSettings%2Clabels%2CbuildConfig.buildEnvironmentVariables
[debug] [2026-01-08T21:33:37.017Z] >>> [apiv2][body] PATCH https://cloudfunctions.googleapis.com/v2/projects/blog-ca662/locations/us-central1/functions/ssrblogca662 {"name":"projects/blog-ca662/locations/us-central1/functions/ssrblogca662","buildConfig":{"runtime":"nodejs20","entryPoint":"ssrblogca662","source":{"storageSource":{"bucket":"gcf-v2-uploads-284614412812.us-central1.cloudfunctions.appspot.com","object":"602436c7-23da-405c-a85d-7122ab728281.zip"}},"environmentVariables":{"GOOGLE_NODE_RUN_SCRIPTS":""}},"serviceConfig":{"environmentVariables":{"VERCEL_URL":"blog-ca662.web.app","__FIREBASE_FRAMEWORKS_ENTRY__":"next.js","__FIREBASE_DEFAULTS__":"{\"config\":{\"projectId\":\"blog-ca662\",\"appId\":\"1:284614412812:web:1c1ccb42f7e0870875fc29\",\"storageBucket\":\"blog-ca662.appspot.com\",\"locationId\":\"us-central\",\"apiKey\":\"AIzaSyAvvbq7egmHbW1z6wy8N-0aNeKOUg1a0Q8\",\"authDomain\":\"blog-ca662.firebaseapp.com\",\"messagingSenderId\":\"284614412812\",\"measurementId\":\"G-R62489Y36G\",\"projectNumber\":\"284614412812\",\"version\":\"2\"},\"_authTokenSyncURL\":\"/__session\"}","FIREBASE_CONFIG":"{\"projectId\":\"blog-ca662\",\"storageBucket\":\"blog-ca662.appspot.com\",\"locationId\":\"us-central\"}","GCLOUD_PROJECT":"blog-ca662","EVENTARC_CLOUD_EVENT_SOURCE":"projects/blog-ca662/locations/us-central1/services/ssrblogca662","FUNCTION_TARGET":"ssrblogca662","LOG_EXECUTION_ID":"true"},"ingressSettings":null,"timeoutSeconds":null,"serviceAccountEmail":null,"availableMemory":"256Mi","minInstanceCount":null,"maxInstanceCount":null,"maxInstanceRequestConcurrency":80,"availableCpu":"1","vpcConnector":null,"vpcConnectorEgressSettings":null},"labels":{"deployment-tool":"cli-firebase","firebase-functions-codebase":"firebase-frameworks-blog-ca662","firebase-functions-hash":"1b42201b5372afe494ff349e0d6b8d26a576f473"}}
[debug] [2026-01-08T21:33:38.848Z] <<< [apiv2][status] PATCH https://cloudfunctions.googleapis.com/v2/projects/blog-ca662/locations/us-central1/functions/ssrblogca662 200
[debug] [2026-01-08T21:33:38.848Z] <<< [apiv2][body] PATCH https://cloudfunctions.googleapis.com/v2/projects/blog-ca662/locations/us-central1/functions/ssrblogca662 {"name":"projects/blog-ca662/locations/us-central1/operations/operation-1767908021934-647e729a498c6-ece173c0-f82027ac","metadata":{"@type":"type.googleapis.com/google.cloud.functions.v2.OperationMetadata","createTime":"2026-01-08T21:33:43.105317008Z","target":"projects/blog-ca662/locations/us-central1/functions/ssrblogca662","verb":"update","cancelRequested":false,"apiVersion":"v2"},"done":false}
[debug] [2026-01-08T21:33:38.849Z] Checked if tokens are valid: true, expires at: 1767910446517
[debug] [2026-01-08T21:33:38.849Z] Checked if tokens are valid: true, expires at: 1767910446517
[debug] [2026-01-08T21:33:38.849Z] >>> [apiv2][query] GET https://cloudfunctions.googleapis.com/v2/projects/blog-ca662/locations/us-central1/operations/operation-1767908021934-647e729a498c6-ece173c0-f82027ac [none]
[debug] [2026-01-08T21:33:39.212Z] <<< [apiv2][status] GET https://cloudfunctions.googleapis.com/v2/projects/blog-ca662/locations/us-central1/operations/operation-1767908021934-647e729a498c6-ece173c0-f82027ac 200
[debug] [2026-01-08T21:33:39.213Z] <<< [apiv2][body] GET https://cloudfunctions.googleapis.com/v2/projects/blog-ca662/locations/us-central1/operations/operation-1767908021934-647e729a498c6-ece173c0-f82027ac {"name":"projects/blog-ca662/locations/us-central1/operations/operation-1767908021934-647e729a498c6-ece173c0-f82027ac","metadata":{"@type":"type.googleapis.com/google.cloud.functions.v2.OperationMetadata","createTime":"2026-01-08T21:33:43.105317008Z","target":"projects/blog-ca662/locations/us-central1/functions/ssrblogca662","verb":"update","cancelRequested":false,"apiVersion":"v2","requestResource":{"@type":"type.googleapis.com/google.cloud.functions.v2.Function","name":"projects/blog-ca662/locations/us-central1/functions/ssrblogca662","buildConfig":{"runtime":"nodejs20","entryPoint":"ssrblogca662","source":{"storageSource":{"bucket":"gcf-v2-sources-284614412812-us-central1","object":"ssrblogca662/function-source.zip","generation":"1767908023010770"}},"environmentVariables":{"GOOGLE_NODE_RUN_SCRIPTS":""},"dockerRepository":"projects/blog-ca662/locations/us-central1/repositories/gcf-artifacts","sourceProvenance":{"resolvedStorageSource":{"bucket":"gcf-v2-sources-284614412812-us-central1","object":"ssrblogca662/function-source.zip","generation":"1736828886967681"}},"dockerRegistry":"ARTIFACT_REGISTRY","serviceAccount":"projects/blog-ca662/serviceAccounts/284614412812-compute@developer.gserviceaccount.com","automaticUpdatePolicy":{}},"serviceConfig":{"service":"projects/blog-ca662/locations/us-central1/services/ssrblogca662","timeoutSeconds":60,"environmentVariables":{"VERCEL_URL":"blog-ca662.web.app","__FIREBASE_FRAMEWORKS_ENTRY__":"next.js","__FIREBASE_DEFAULTS__":"{\"config\":{\"projectId\":\"blog-ca662\",\"appId\":\"1:284614412812:web:1c1ccb42f7e0870875fc29\",\"storageBucket\":\"blog-ca662.appspot.com\",\"locationId\":\"us-central\",\"apiKey\":\"AIzaSyAvvbq7egmHbW1z6wy8N-0aNeKOUg1a0Q8\",\"authDomain\":\"blog-ca662.firebaseapp.com\",\"messagingSenderId\":\"284614412812\",\"measurementId\":\"G-R62489Y36G\",\"projectNumber\":\"284614412812\",\"version\":\"2\"},\"_authTokenSyncURL\":\"/__session\"}","FIREBASE_CONFIG":"{\"projectId\":\"blog-ca662\",\"storageBucket\":\"blog-ca662.appspot.com\",\"locationId\":\"us-central\"}","GCLOUD_PROJECT":"blog-ca662","EVENTARC_CLOUD_EVENT_SOURCE":"projects/blog-ca662/locations/us-central1/services/ssrblogca662","FUNCTION_TARGET":"ssrblogca662","LOG_EXECUTION_ID":"true"},"ingressSettings":"ALLOW_ALL","uri":"https://ssrblogca662-jfo7awey6a-uc.a.run.app","serviceAccountEmail":"284614412812-compute@developer.gserviceaccount.com","availableMemory":"256Mi","allTrafficOnLatestRevision":true,"revision":"ssrblogca662-00049-jak","maxInstanceRequestConcurrency":80,"availableCpu":"1"},"state":"ACTIVE","labels":{"deployment-tool":"cli-firebase","firebase-functions-codebase":"firebase-frameworks-blog-ca662","firebase-functions-hash":"1b42201b5372afe494ff349e0d6b8d26a576f473"},"environment":"GEN_2","url":"https://us-central1-blog-ca662.cloudfunctions.net/ssrblogca662","satisfiesPzi":true},"stages":[{"name":"BUILD","state":"NOT_STARTED"},{"name":"SERVICE","state":"NOT_STARTED"}],"operationType":"UPDATE_FUNCTION"},"done":false}
[debug] [2026-01-08T21:33:39.722Z] [update-firebase-frameworks-blog-ca662-us-central1-ssrblogca662] Retrying task index 0
[debug] [2026-01-08T21:33:39.723Z] Checked if tokens are valid: true, expires at: 1767910446517
[debug] [2026-01-08T21:33:39.723Z] Checked if tokens are valid: true, expires at: 1767910446517
[debug] [2026-01-08T21:33:39.723Z] >>> [apiv2][query] GET https://cloudfunctions.googleapis.com/v2/projects/blog-ca662/locations/us-central1/operations/operation-1767908021934-647e729a498c6-ece173c0-f82027ac [none]
[debug] [2026-01-08T21:33:40.052Z] <<< [apiv2][status] GET https://cloudfunctions.googleapis.com/v2/projects/blog-ca662/locations/us-central1/operations/operation-1767908021934-647e729a498c6-ece173c0-f82027ac 200
[debug] [2026-01-08T21:33:40.052Z] <<< [apiv2][body] GET https://cloudfunctions.googleapis.com/v2/projects/blog-ca662/locations/us-central1/operations/operation-1767908021934-647e729a498c6-ece173c0-f82027ac {"name":"projects/blog-ca662/locations/us-central1/operations/operation-1767908021934-647e729a498c6-ece173c0-f82027ac","metadata":{"@type":"type.googleapis.com/google.cloud.functions.v2.OperationMetadata","createTime":"2026-01-08T21:33:43.105317008Z","target":"projects/blog-ca662/locations/us-central1/functions/ssrblogca662","verb":"update","cancelRequested":false,"apiVersion":"v2","requestResource":{"@type":"type.googleapis.com/google.cloud.functions.v2.Function","name":"projects/blog-ca662/locations/us-central1/functions/ssrblogca662","buildConfig":{"runtime":"nodejs20","entryPoint":"ssrblogca662","source":{"storageSource":{"bucket":"gcf-v2-sources-284614412812-us-central1","object":"ssrblogca662/function-source.zip","generation":"1767908023010770"}},"environmentVariables":{"GOOGLE_NODE_RUN_SCRIPTS":""},"dockerRepository":"projects/blog-ca662/locations/us-central1/repositories/gcf-artifacts","sourceProvenance":{"resolvedStorageSource":{"bucket":"gcf-v2-sources-284614412812-us-central1","object":"ssrblogca662/function-source.zip","generation":"1736828886967681"}},"dockerRegistry":"ARTIFACT_REGISTRY","serviceAccount":"projects/blog-ca662/serviceAccounts/284614412812-compute@developer.gserviceaccount.com","automaticUpdatePolicy":{}},"serviceConfig":{"service":"projects/blog-ca662/locations/us-central1/services/ssrblogca662","timeoutSeconds":60,"environmentVariables":{"VERCEL_URL":"blog-ca662.web.app","__FIREBASE_FRAMEWORKS_ENTRY__":"next.js","__FIREBASE_DEFAULTS__":"{\"config\":{\"projectId\":\"blog-ca662\",\"appId\":\"1:284614412812:web:1c1ccb42f7e0870875fc29\",\"storageBucket\":\"blog-ca662.appspot.com\",\"locationId\":\"us-central\",\"apiKey\":\"AIzaSyAvvbq7egmHbW1z6wy8N-0aNeKOUg1a0Q8\",\"authDomain\":\"blog-ca662.firebaseapp.com\",\"messagingSenderId\":\"284614412812\",\"measurementId\":\"G-R62489Y36G\",\"projectNumber\":\"284614412812\",\"version\":\"2\"},\"_authTokenSyncURL\":\"/__session\"}","FIREBASE_CONFIG":"{\"projectId\":\"blog-ca662\",\"storageBucket\":\"blog-ca662.appspot.com\",\"locationId\":\"us-central\"}","GCLOUD_PROJECT":"blog-ca662","EVENTARC_CLOUD_EVENT_SOURCE":"projects/blog-ca662/locations/us-central1/services/ssrblogca662","FUNCTION_TARGET":"ssrblogca662","LOG_EXECUTION_ID":"true"},"ingressSettings":"ALLOW_ALL","uri":"https://ssrblogca662-jfo7awey6a-uc.a.run.app","serviceAccountEmail":"284614412812-compute@developer.gserviceaccount.com","availableMemory":"256Mi","allTrafficOnLatestRevision":true,"revision":"ssrblogca662-00049-jak","maxInstanceRequestConcurrency":80,"availableCpu":"1"},"state":"ACTIVE","labels":{"deployment-tool":"cli-firebase","firebase-functions-codebase":"firebase-frameworks-blog-ca662","firebase-functions-hash":"1b42201b5372afe494ff349e0d6b8d26a576f473"},"environment":"GEN_2","url":"https://us-central1-blog-ca662.cloudfunctions.net/ssrblogca662","satisfiesPzi":true},"stages":[{"name":"BUILD","message":"Build in progress","state":"IN_PROGRESS","resource":"projects/284614412812/locations/us-central1/builds/b1558936-282e-480a-bb0a-1d7267ed1a9d","resourceUri":"https://console.cloud.google.com/cloud-build/builds;region=us-central1/b1558936-282e-480a-bb0a-1d7267ed1a9d?project=284614412812"},{"name":"SERVICE","state":"NOT_STARTED"}],"operationType":"UPDATE_FUNCTION","buildName":"projects/284614412812/locations/us-central1/builds/b1558936-282e-480a-bb0a-1d7267ed1a9d"},"done":false}
[debug] [2026-01-08T21:33:41.062Z] [update-firebase-frameworks-blog-ca662-us-central1-ssrblogca662] Retrying task index 0
[debug] [2026-01-08T21:33:41.062Z] Checked if tokens are valid: true, expires at: 1767910446517
[debug] [2026-01-08T21:33:41.062Z] Checked if tokens are valid: true, expires at: 1767910446517
[debug] [2026-01-08T21:33:41.062Z] >>> [apiv2][query] GET https://cloudfunctions.googleapis.com/v2/projects/blog-ca662/locations/us-central1/operations/operation-1767908021934-647e729a498c6-ece173c0-f82027ac [none]
[debug] [2026-01-08T21:33:41.666Z] <<< [apiv2][status] GET https://cloudfunctions.googleapis.com/v2/projects/blog-ca662/locations/us-central1/operations/operation-1767908021934-647e729a498c6-ece173c0-f82027ac 200
[debug] [2026-01-08T21:33:41.666Z] <<< [apiv2][body] GET https://cloudfunctions.googleapis.com/v2/projects/blog-ca662/locations/us-central1/operations/operation-1767908021934-647e729a498c6-ece173c0-f82027ac {"name":"projects/blog-ca662/locations/us-central1/operations/operation-1767908021934-647e729a498c6-ece173c0-f82027ac","metadata":{"@type":"type.googleapis.com/google.cloud.functions.v2.OperationMetadata","createTime":"2026-01-08T21:33:43.105317008Z","target":"projects/blog-ca662/locations/us-central1/functions/ssrblogca662","verb":"update","cancelRequested":false,"apiVersion":"v2","requestResource":{"@type":"type.googleapis.com/google.cloud.functions.v2.Function","name":"projects/blog-ca662/locations/us-central1/functions/ssrblogca662","buildConfig":{"runtime":"nodejs20","entryPoint":"ssrblogca662","source":{"storageSource":{"bucket":"gcf-v2-sources-284614412812-us-central1","object":"ssrblogca662/function-source.zip","generation":"1767908023010770"}},"environmentVariables":{"GOOGLE_NODE_RUN_SCRIPTS":""},"dockerRepository":"projects/blog-ca662/locations/us-central1/repositories/gcf-artifacts","sourceProvenance":{"resolvedStorageSource":{"bucket":"gcf-v2-sources-284614412812-us-central1","object":"ssrblogca662/function-source.zip","generation":"1736828886967681"}},"dockerRegistry":"ARTIFACT_REGISTRY","serviceAccount":"projects/blog-ca662/serviceAccounts/284614412812-compute@developer.gserviceaccount.com","automaticUpdatePolicy":{}},"serviceConfig":{"service":"projects/blog-ca662/locations/us-central1/services/ssrblogca662","timeoutSeconds":60,"environmentVariables":{"VERCEL_URL":"blog-ca662.web.app","__FIREBASE_FRAMEWORKS_ENTRY__":"next.js","__FIREBASE_DEFAULTS__":"{\"config\":{\"projectId\":\"blog-ca662\",\"appId\":\"1:284614412812:web:1c1ccb42f7e0870875fc29\",\"storageBucket\":\"blog-ca662.appspot.com\",\"locationId\":\"us-central\",\"apiKey\":\"AIzaSyAvvbq7egmHbW1z6wy8N-0aNeKOUg1a0Q8\",\"authDomain\":\"blog-ca662.firebaseapp.com\",\"messagingSenderId\":\"284614412812\",\"measurementId\":\"G-R62489Y36G\",\"projectNumber\":\"284614412812\",\"version\":\"2\"},\"_authTokenSyncURL\":\"/__session\"}","FIREBASE_CONFIG":"{\"projectId\":\"blog-ca662\",\"storageBucket\":\"blog-ca662.appspot.com\",\"locationId\":\"us-central\"}","GCLOUD_PROJECT":"blog-ca662","EVENTARC_CLOUD_EVENT_SOURCE":"projects/blog-ca662/locations/us-central1/services/ssrblogca662","FUNCTION_TARGET":"ssrblogca662","LOG_EXECUTION_ID":"true"},"ingressSettings":"ALLOW_ALL","uri":"https://ssrblogca662-jfo7awey6a-uc.a.run.app","serviceAccountEmail":"284614412812-compute@developer.gserviceaccount.com","availableMemory":"256Mi","allTrafficOnLatestRevision":true,"revision":"ssrblogca662-00049-jak","maxInstanceRequestConcurrency":80,"availableCpu":"1"},"state":"ACTIVE","labels":{"deployment-tool":"cli-firebase","firebase-functions-codebase":"firebase-frameworks-blog-ca662","firebase-functions-hash":"1b42201b5372afe494ff349e0d6b8d26a576f473"},"environment":"GEN_2","url":"https://us-central1-blog-ca662.cloudfunctions.net/ssrblogca662","satisfiesPzi":true},"stages":[{"name":"BUILD","message":"Build in progress","state":"IN_PROGRESS","resource":"projects/284614412812/locations/us-central1/builds/b1558936-282e-480a-bb0a-1d7267ed1a9d","resourceUri":"https://console.cloud.google.com/cloud-build/builds;region=us-central1/b1558936-282e-480a-bb0a-1d7267ed1a9d?project=284614412812"},{"name":"SERVICE","state":"NOT_STARTED"}],"operationType":"UPDATE_FUNCTION","buildName":"projects/284614412812/locations/us-central1/builds/b1558936-282e-480a-bb0a-1d7267ed1a9d"},"done":false}
[debug] [2026-01-08T21:33:43.673Z] [update-firebase-frameworks-blog-ca662-us-central1-ssrblogca662] Retrying task index 0
[debug] [2026-01-08T21:33:43.673Z] Checked if tokens are valid: true, expires at: 1767910446517
[debug] [2026-01-08T21:33:43.673Z] Checked if tokens are valid: true, expires at: 1767910446517
[debug] [2026-01-08T21:33:43.673Z] >>> [apiv2][query] GET https://cloudfunctions.googleapis.com/v2/projects/blog-ca662/locations/us-central1/operations/operation-1767908021934-647e729a498c6-ece173c0-f82027ac [none]
[debug] [2026-01-08T21:33:44.062Z] <<< [apiv2][status] GET https://cloudfunctions.googleapis.com/v2/projects/blog-ca662/locations/us-central1/operations/operation-1767908021934-647e729a498c6-ece173c0-f82027ac 200
[debug] [2026-01-08T21:33:44.062Z] <<< [apiv2][body] GET https://cloudfunctions.googleapis.com/v2/projects/blog-ca662/locations/us-central1/operations/operation-1767908021934-647e729a498c6-ece173c0-f82027ac {"name":"projects/blog-ca662/locations/us-central1/operations/operation-1767908021934-647e729a498c6-ece173c0-f82027ac","metadata":{"@type":"type.googleapis.com/google.cloud.functions.v2.OperationMetadata","createTime":"2026-01-08T21:33:43.105317008Z","target":"projects/blog-ca662/locations/us-central1/functions/ssrblogca662","verb":"update","cancelRequested":false,"apiVersion":"v2","requestResource":{"@type":"type.googleapis.com/google.cloud.functions.v2.Function","name":"projects/blog-ca662/locations/us-central1/functions/ssrblogca662","buildConfig":{"runtime":"nodejs20","entryPoint":"ssrblogca662","source":{"storageSource":{"bucket":"gcf-v2-sources-284614412812-us-central1","object":"ssrblogca662/function-source.zip","generation":"1767908023010770"}},"environmentVariables":{"GOOGLE_NODE_RUN_SCRIPTS":""},"dockerRepository":"projects/blog-ca662/locations/us-central1/repositories/gcf-artifacts","sourceProvenance":{"resolvedStorageSource":{"bucket":"gcf-v2-sources-284614412812-us-central1","object":"ssrblogca662/function-source.zip","generation":"1736828886967681"}},"dockerRegistry":"ARTIFACT_REGISTRY","serviceAccount":"projects/blog-ca662/serviceAccounts/284614412812-compute@developer.gserviceaccount.com","automaticUpdatePolicy":{}},"serviceConfig":{"service":"projects/blog-ca662/locations/us-central1/services/ssrblogca662","timeoutSeconds":60,"environmentVariables":{"VERCEL_URL":"blog-ca662.web.app","__FIREBASE_FRAMEWORKS_ENTRY__":"next.js","__FIREBASE_DEFAULTS__":"{\"config\":{\"projectId\":\"blog-ca662\",\"appId\":\"1:284614412812:web:1c1ccb42f7e0870875fc29\",\"storageBucket\":\"blog-ca662.appspot.com\",\"locationId\":\"us-central\",\"apiKey\":\"AIzaSyAvvbq7egmHbW1z6wy8N-0aNeKOUg1a0Q8\",\"authDomain\":\"blog-ca662.firebaseapp.com\",\"messagingSenderId\":\"284614412812\",\"measurementId\":\"G-R62489Y36G\",\"projectNumber\":\"284614412812\",\"version\":\"2\"},\"_authTokenSyncURL\":\"/__session\"}","FIREBASE_CONFIG":"{\"projectId\":\"blog-ca662\",\"storageBucket\":\"blog-ca662.appspot.com\",\"locationId\":\"us-central\"}","GCLOUD_PROJECT":"blog-ca662","EVENTARC_CLOUD_EVENT_SOURCE":"projects/blog-ca662/locations/us-central1/services/ssrblogca662","FUNCTION_TARGET":"ssrblogca662","LOG_EXECUTION_ID":"true"},"ingressSettings":"ALLOW_ALL","uri":"https://ssrblogca662-jfo7awey6a-uc.a.run.app","serviceAccountEmail":"284614412812-compute@developer.gserviceaccount.com","availableMemory":"256Mi","allTrafficOnLatestRevision":true,"revision":"ssrblogca662-00049-jak","maxInstanceRequestConcurrency":80,"availableCpu":"1"},"state":"ACTIVE","labels":{"deployment-tool":"cli-firebase","firebase-functions-codebase":"firebase-frameworks-blog-ca662","firebase-functions-hash":"1b42201b5372afe494ff349e0d6b8d26a576f473"},"environment":"GEN_2","url":"https://us-central1-blog-ca662.cloudfunctions.net/ssrblogca662","satisfiesPzi":true},"stages":[{"name":"BUILD","message":"Build in progress","state":"IN_PROGRESS","resource":"projects/284614412812/locations/us-central1/builds/b1558936-282e-480a-bb0a-1d7267ed1a9d","resourceUri":"https://console.cloud.google.com/cloud-build/builds;region=us-central1/b1558936-282e-480a-bb0a-1d7267ed1a9d?project=284614412812"},{"name":"SERVICE","state":"NOT_STARTED"}],"operationType":"UPDATE_FUNCTION","buildName":"projects/284614412812/locations/us-central1/builds/b1558936-282e-480a-bb0a-1d7267ed1a9d"},"done":false}
[debug] [2026-01-08T21:33:48.078Z] [update-firebase-frameworks-blog-ca662-us-central1-ssrblogca662] Retrying task index 0
[debug] [2026-01-08T21:33:48.078Z] Checked if tokens are valid: true, expires at: 1767910446517
[debug] [2026-01-08T21:33:48.079Z] Checked if tokens are valid: true, expires at: 1767910446517
[debug] [2026-01-08T21:33:48.079Z] >>> [apiv2][query] GET https://cloudfunctions.googleapis.com/v2/projects/blog-ca662/locations/us-central1/operations/operation-1767908021934-647e729a498c6-ece173c0-f82027ac [none]
[debug] [2026-01-08T21:33:48.364Z] <<< [apiv2][status] GET https://cloudfunctions.googleapis.com/v2/projects/blog-ca662/locations/us-central1/operations/operation-1767908021934-647e729a498c6-ece173c0-f82027ac 200
[debug] [2026-01-08T21:33:48.364Z] <<< [apiv2][body] GET https://cloudfunctions.googleapis.com/v2/projects/blog-ca662/locations/us-central1/operations/operation-1767908021934-647e729a498c6-ece173c0-f82027ac {"name":"projects/blog-ca662/locations/us-central1/operations/operation-1767908021934-647e729a498c6-ece173c0-f82027ac","metadata":{"@type":"type.googleapis.com/google.cloud.functions.v2.OperationMetadata","createTime":"2026-01-08T21:33:43.105317008Z","target":"projects/blog-ca662/locations/us-central1/functions/ssrblogca662","verb":"update","cancelRequested":false,"apiVersion":"v2","requestResource":{"@type":"type.googleapis.com/google.cloud.functions.v2.Function","name":"projects/blog-ca662/locations/us-central1/functions/ssrblogca662","buildConfig":{"runtime":"nodejs20","entryPoint":"ssrblogca662","source":{"storageSource":{"bucket":"gcf-v2-sources-284614412812-us-central1","object":"ssrblogca662/function-source.zip","generation":"1767908023010770"}},"environmentVariables":{"GOOGLE_NODE_RUN_SCRIPTS":""},"dockerRepository":"projects/blog-ca662/locations/us-central1/repositories/gcf-artifacts","sourceProvenance":{"resolvedStorageSource":{"bucket":"gcf-v2-sources-284614412812-us-central1","object":"ssrblogca662/function-source.zip","generation":"1736828886967681"}},"dockerRegistry":"ARTIFACT_REGISTRY","serviceAccount":"projects/blog-ca662/serviceAccounts/284614412812-compute@developer.gserviceaccount.com","automaticUpdatePolicy":{}},"serviceConfig":{"service":"projects/blog-ca662/locations/us-central1/services/ssrblogca662","timeoutSeconds":60,"environmentVariables":{"VERCEL_URL":"blog-ca662.web.app","__FIREBASE_FRAMEWORKS_ENTRY__":"next.js","__FIREBASE_DEFAULTS__":"{\"config\":{\"projectId\":\"blog-ca662\",\"appId\":\"1:284614412812:web:1c1ccb42f7e0870875fc29\",\"storageBucket\":\"blog-ca662.appspot.com\",\"locationId\":\"us-central\",\"apiKey\":\"AIzaSyAvvbq7egmHbW1z6wy8N-0aNeKOUg1a0Q8\",\"authDomain\":\"blog-ca662.firebaseapp.com\",\"messagingSenderId\":\"284614412812\",\"measurementId\":\"G-R62489Y36G\",\"projectNumber\":\"284614412812\",\"version\":\"2\"},\"_authTokenSyncURL\":\"/__session\"}","FIREBASE_CONFIG":"{\"projectId\":\"blog-ca662\",\"storageBucket\":\"blog-ca662.appspot.com\",\"locationId\":\"us-central\"}","GCLOUD_PROJECT":"blog-ca662","EVENTARC_CLOUD_EVENT_SOURCE":"projects/blog-ca662/locations/us-central1/services/ssrblogca662","FUNCTION_TARGET":"ssrblogca662","LOG_EXECUTION_ID":"true"},"ingressSettings":"ALLOW_ALL","uri":"https://ssrblogca662-jfo7awey6a-uc.a.run.app","serviceAccountEmail":"284614412812-compute@developer.gserviceaccount.com","availableMemory":"256Mi","allTrafficOnLatestRevision":true,"revision":"ssrblogca662-00049-jak","maxInstanceRequestConcurrency":80,"availableCpu":"1"},"state":"ACTIVE","labels":{"deployment-tool":"cli-firebase","firebase-functions-codebase":"firebase-frameworks-blog-ca662","firebase-functions-hash":"1b42201b5372afe494ff349e0d6b8d26a576f473"},"environment":"GEN_2","url":"https://us-central1-blog-ca662.cloudfunctions.net/ssrblogca662","satisfiesPzi":true},"stages":[{"name":"BUILD","message":"Build in progress","state":"IN_PROGRESS","resource":"projects/284614412812/locations/us-central1/builds/b1558936-282e-480a-bb0a-1d7267ed1a9d","resourceUri":"https://console.cloud.google.com/cloud-build/builds;region=us-central1/b1558936-282e-480a-bb0a-1d7267ed1a9d?project=284614412812"},{"name":"SERVICE","state":"NOT_STARTED"}],"operationType":"UPDATE_FUNCTION","buildName":"projects/284614412812/locations/us-central1/builds/b1558936-282e-480a-bb0a-1d7267ed1a9d"},"done":false}
[debug] [2026-01-08T21:33:56.379Z] [update-firebase-frameworks-blog-ca662-us-central1-ssrblogca662] Retrying task index 0
[debug] [2026-01-08T21:33:56.379Z] Checked if tokens are valid: true, expires at: 1767910446517
[debug] [2026-01-08T21:33:56.379Z] Checked if tokens are valid: true, expires at: 1767910446517
[debug] [2026-01-08T21:33:56.379Z] >>> [apiv2][query] GET https://cloudfunctions.googleapis.com/v2/projects/blog-ca662/locations/us-central1/operations/operation-1767908021934-647e729a498c6-ece173c0-f82027ac [none]
[debug] [2026-01-08T21:33:56.857Z] <<< [apiv2][status] GET https://cloudfunctions.googleapis.com/v2/projects/blog-ca662/locations/us-central1/operations/operation-1767908021934-647e729a498c6-ece173c0-f82027ac 200
[debug] [2026-01-08T21:33:56.857Z] <<< [apiv2][body] GET https://cloudfunctions.googleapis.com/v2/projects/blog-ca662/locations/us-central1/operations/operation-1767908021934-647e729a498c6-ece173c0-f82027ac {"name":"projects/blog-ca662/locations/us-central1/operations/operation-1767908021934-647e729a498c6-ece173c0-f82027ac","metadata":{"@type":"type.googleapis.com/google.cloud.functions.v2.OperationMetadata","createTime":"2026-01-08T21:33:43.105317008Z","target":"projects/blog-ca662/locations/us-central1/functions/ssrblogca662","verb":"update","cancelRequested":false,"apiVersion":"v2","requestResource":{"@type":"type.googleapis.com/google.cloud.functions.v2.Function","name":"projects/blog-ca662/locations/us-central1/functions/ssrblogca662","buildConfig":{"runtime":"nodejs20","entryPoint":"ssrblogca662","source":{"storageSource":{"bucket":"gcf-v2-sources-284614412812-us-central1","object":"ssrblogca662/function-source.zip","generation":"1767908023010770"}},"environmentVariables":{"GOOGLE_NODE_RUN_SCRIPTS":""},"dockerRepository":"projects/blog-ca662/locations/us-central1/repositories/gcf-artifacts","sourceProvenance":{"resolvedStorageSource":{"bucket":"gcf-v2-sources-284614412812-us-central1","object":"ssrblogca662/function-source.zip","generation":"1736828886967681"}},"dockerRegistry":"ARTIFACT_REGISTRY","serviceAccount":"projects/blog-ca662/serviceAccounts/284614412812-compute@developer.gserviceaccount.com","automaticUpdatePolicy":{}},"serviceConfig":{"service":"projects/blog-ca662/locations/us-central1/services/ssrblogca662","timeoutSeconds":60,"environmentVariables":{"VERCEL_URL":"blog-ca662.web.app","__FIREBASE_FRAMEWORKS_ENTRY__":"next.js","__FIREBASE_DEFAULTS__":"{\"config\":{\"projectId\":\"blog-ca662\",\"appId\":\"1:284614412812:web:1c1ccb42f7e0870875fc29\",\"storageBucket\":\"blog-ca662.appspot.com\",\"locationId\":\"us-central\",\"apiKey\":\"AIzaSyAvvbq7egmHbW1z6wy8N-0aNeKOUg1a0Q8\",\"authDomain\":\"blog-ca662.firebaseapp.com\",\"messagingSenderId\":\"284614412812\",\"measurementId\":\"G-R62489Y36G\",\"projectNumber\":\"284614412812\",\"version\":\"2\"},\"_authTokenSyncURL\":\"/__session\"}","FIREBASE_CONFIG":"{\"projectId\":\"blog-ca662\",\"storageBucket\":\"blog-ca662.appspot.com\",\"locationId\":\"us-central\"}","GCLOUD_PROJECT":"blog-ca662","EVENTARC_CLOUD_EVENT_SOURCE":"projects/blog-ca662/locations/us-central1/services/ssrblogca662","FUNCTION_TARGET":"ssrblogca662","LOG_EXECUTION_ID":"true"},"ingressSettings":"ALLOW_ALL","uri":"https://ssrblogca662-jfo7awey6a-uc.a.run.app","serviceAccountEmail":"284614412812-compute@developer.gserviceaccount.com","availableMemory":"256Mi","allTrafficOnLatestRevision":true,"revision":"ssrblogca662-00049-jak","maxInstanceRequestConcurrency":80,"availableCpu":"1"},"state":"ACTIVE","labels":{"deployment-tool":"cli-firebase","firebase-functions-codebase":"firebase-frameworks-blog-ca662","firebase-functions-hash":"1b42201b5372afe494ff349e0d6b8d26a576f473"},"environment":"GEN_2","url":"https://us-central1-blog-ca662.cloudfunctions.net/ssrblogca662","satisfiesPzi":true},"stages":[{"name":"BUILD","message":"Build in progress","state":"IN_PROGRESS","resource":"projects/284614412812/locations/us-central1/builds/b1558936-282e-480a-bb0a-1d7267ed1a9d","resourceUri":"https://console.cloud.google.com/cloud-build/builds;region=us-central1/b1558936-282e-480a-bb0a-1d7267ed1a9d?project=284614412812"},{"name":"SERVICE","state":"NOT_STARTED"}],"operationType":"UPDATE_FUNCTION","buildName":"projects/284614412812/locations/us-central1/builds/b1558936-282e-480a-bb0a-1d7267ed1a9d"},"done":false}
[debug] [2026-01-08T21:34:06.859Z] [update-firebase-frameworks-blog-ca662-us-central1-ssrblogca662] Retrying task index 0
[debug] [2026-01-08T21:34:06.860Z] Checked if tokens are valid: true, expires at: 1767910446517
[debug] [2026-01-08T21:34:06.860Z] Checked if tokens are valid: true, expires at: 1767910446517
[debug] [2026-01-08T21:34:06.860Z] >>> [apiv2][query] GET https://cloudfunctions.googleapis.com/v2/projects/blog-ca662/locations/us-central1/operations/operation-1767908021934-647e729a498c6-ece173c0-f82027ac [none]
[debug] [2026-01-08T21:34:07.316Z] <<< [apiv2][status] GET https://cloudfunctions.googleapis.com/v2/projects/blog-ca662/locations/us-central1/operations/operation-1767908021934-647e729a498c6-ece173c0-f82027ac 200
[debug] [2026-01-08T21:34:07.316Z] <<< [apiv2][body] GET https://cloudfunctions.googleapis.com/v2/projects/blog-ca662/locations/us-central1/operations/operation-1767908021934-647e729a498c6-ece173c0-f82027ac {"name":"projects/blog-ca662/locations/us-central1/operations/operation-1767908021934-647e729a498c6-ece173c0-f82027ac","metadata":{"@type":"type.googleapis.com/google.cloud.functions.v2.OperationMetadata","createTime":"2026-01-08T21:33:43.105317008Z","target":"projects/blog-ca662/locations/us-central1/functions/ssrblogca662","verb":"update","cancelRequested":false,"apiVersion":"v2","requestResource":{"@type":"type.googleapis.com/google.cloud.functions.v2.Function","name":"projects/blog-ca662/locations/us-central1/functions/ssrblogca662","buildConfig":{"runtime":"nodejs20","entryPoint":"ssrblogca662","source":{"storageSource":{"bucket":"gcf-v2-sources-284614412812-us-central1","object":"ssrblogca662/function-source.zip","generation":"1767908023010770"}},"environmentVariables":{"GOOGLE_NODE_RUN_SCRIPTS":""},"dockerRepository":"projects/blog-ca662/locations/us-central1/repositories/gcf-artifacts","sourceProvenance":{"resolvedStorageSource":{"bucket":"gcf-v2-sources-284614412812-us-central1","object":"ssrblogca662/function-source.zip","generation":"1736828886967681"}},"dockerRegistry":"ARTIFACT_REGISTRY","serviceAccount":"projects/blog-ca662/serviceAccounts/284614412812-compute@developer.gserviceaccount.com","automaticUpdatePolicy":{}},"serviceConfig":{"service":"projects/blog-ca662/locations/us-central1/services/ssrblogca662","timeoutSeconds":60,"environmentVariables":{"VERCEL_URL":"blog-ca662.web.app","__FIREBASE_FRAMEWORKS_ENTRY__":"next.js","__FIREBASE_DEFAULTS__":"{\"config\":{\"projectId\":\"blog-ca662\",\"appId\":\"1:284614412812:web:1c1ccb42f7e0870875fc29\",\"storageBucket\":\"blog-ca662.appspot.com\",\"locationId\":\"us-central\",\"apiKey\":\"AIzaSyAvvbq7egmHbW1z6wy8N-0aNeKOUg1a0Q8\",\"authDomain\":\"blog-ca662.firebaseapp.com\",\"messagingSenderId\":\"284614412812\",\"measurementId\":\"G-R62489Y36G\",\"projectNumber\":\"284614412812\",\"version\":\"2\"},\"_authTokenSyncURL\":\"/__session\"}","FIREBASE_CONFIG":"{\"projectId\":\"blog-ca662\",\"storageBucket\":\"blog-ca662.appspot.com\",\"locationId\":\"us-central\"}","GCLOUD_PROJECT":"blog-ca662","EVENTARC_CLOUD_EVENT_SOURCE":"projects/blog-ca662/locations/us-central1/services/ssrblogca662","FUNCTION_TARGET":"ssrblogca662","LOG_EXECUTION_ID":"true"},"ingressSettings":"ALLOW_ALL","uri":"https://ssrblogca662-jfo7awey6a-uc.a.run.app","serviceAccountEmail":"284614412812-compute@developer.gserviceaccount.com","availableMemory":"256Mi","allTrafficOnLatestRevision":true,"revision":"ssrblogca662-00049-jak","maxInstanceRequestConcurrency":80,"availableCpu":"1"},"state":"ACTIVE","labels":{"deployment-tool":"cli-firebase","firebase-functions-codebase":"firebase-frameworks-blog-ca662","firebase-functions-hash":"1b42201b5372afe494ff349e0d6b8d26a576f473"},"environment":"GEN_2","url":"https://us-central1-blog-ca662.cloudfunctions.net/ssrblogca662","satisfiesPzi":true},"stages":[{"name":"BUILD","message":"Build in progress","state":"IN_PROGRESS","resource":"projects/284614412812/locations/us-central1/builds/b1558936-282e-480a-bb0a-1d7267ed1a9d","resourceUri":"https://console.cloud.google.com/cloud-build/builds;region=us-central1/b1558936-282e-480a-bb0a-1d7267ed1a9d?project=284614412812"},{"name":"SERVICE","state":"NOT_STARTED"}],"operationType":"UPDATE_FUNCTION","buildName":"projects/284614412812/locations/us-central1/builds/b1558936-282e-480a-bb0a-1d7267ed1a9d"},"done":false}
[debug] [2026-01-08T21:34:17.320Z] [update-firebase-frameworks-blog-ca662-us-central1-ssrblogca662] Retrying task index 0
[debug] [2026-01-08T21:34:17.320Z] Checked if tokens are valid: true, expires at: 1767910446517
[debug] [2026-01-08T21:34:17.320Z] Checked if tokens are valid: true, expires at: 1767910446517
[debug] [2026-01-08T21:34:17.320Z] >>> [apiv2][query] GET https://cloudfunctions.googleapis.com/v2/projects/blog-ca662/locations/us-central1/operations/operation-1767908021934-647e729a498c6-ece173c0-f82027ac [none]
[debug] [2026-01-08T21:34:17.764Z] <<< [apiv2][status] GET https://cloudfunctions.googleapis.com/v2/projects/blog-ca662/locations/us-central1/operations/operation-1767908021934-647e729a498c6-ece173c0-f82027ac 200
[debug] [2026-01-08T21:34:17.764Z] <<< [apiv2][body] GET https://cloudfunctions.googleapis.com/v2/projects/blog-ca662/locations/us-central1/operations/operation-1767908021934-647e729a498c6-ece173c0-f82027ac {"name":"projects/blog-ca662/locations/us-central1/operations/operation-1767908021934-647e729a498c6-ece173c0-f82027ac","metadata":{"@type":"type.googleapis.com/google.cloud.functions.v2.OperationMetadata","createTime":"2026-01-08T21:33:43.105317008Z","target":"projects/blog-ca662/locations/us-central1/functions/ssrblogca662","verb":"update","cancelRequested":false,"apiVersion":"v2","requestResource":{"@type":"type.googleapis.com/google.cloud.functions.v2.Function","name":"projects/blog-ca662/locations/us-central1/functions/ssrblogca662","buildConfig":{"runtime":"nodejs20","entryPoint":"ssrblogca662","source":{"storageSource":{"bucket":"gcf-v2-sources-284614412812-us-central1","object":"ssrblogca662/function-source.zip","generation":"1767908023010770"}},"environmentVariables":{"GOOGLE_NODE_RUN_SCRIPTS":""},"dockerRepository":"projects/blog-ca662/locations/us-central1/repositories/gcf-artifacts","sourceProvenance":{"resolvedStorageSource":{"bucket":"gcf-v2-sources-284614412812-us-central1","object":"ssrblogca662/function-source.zip","generation":"1736828886967681"}},"dockerRegistry":"ARTIFACT_REGISTRY","serviceAccount":"projects/blog-ca662/serviceAccounts/284614412812-compute@developer.gserviceaccount.com","automaticUpdatePolicy":{}},"serviceConfig":{"service":"projects/blog-ca662/locations/us-central1/services/ssrblogca662","timeoutSeconds":60,"environmentVariables":{"VERCEL_URL":"blog-ca662.web.app","__FIREBASE_FRAMEWORKS_ENTRY__":"next.js","__FIREBASE_DEFAULTS__":"{\"config\":{\"projectId\":\"blog-ca662\",\"appId\":\"1:284614412812:web:1c1ccb42f7e0870875fc29\",\"storageBucket\":\"blog-ca662.appspot.com\",\"locationId\":\"us-central\",\"apiKey\":\"AIzaSyAvvbq7egmHbW1z6wy8N-0aNeKOUg1a0Q8\",\"authDomain\":\"blog-ca662.firebaseapp.com\",\"messagingSenderId\":\"284614412812\",\"measurementId\":\"G-R62489Y36G\",\"projectNumber\":\"284614412812\",\"version\":\"2\"},\"_authTokenSyncURL\":\"/__session\"}","FIREBASE_CONFIG":"{\"projectId\":\"blog-ca662\",\"storageBucket\":\"blog-ca662.appspot.com\",\"locationId\":\"us-central\"}","GCLOUD_PROJECT":"blog-ca662","EVENTARC_CLOUD_EVENT_SOURCE":"projects/blog-ca662/locations/us-central1/services/ssrblogca662","FUNCTION_TARGET":"ssrblogca662","LOG_EXECUTION_ID":"true"},"ingressSettings":"ALLOW_ALL","uri":"https://ssrblogca662-jfo7awey6a-uc.a.run.app","serviceAccountEmail":"284614412812-compute@developer.gserviceaccount.com","availableMemory":"256Mi","allTrafficOnLatestRevision":true,"revision":"ssrblogca662-00049-jak","maxInstanceRequestConcurrency":80,"availableCpu":"1"},"state":"ACTIVE","labels":{"deployment-tool":"cli-firebase","firebase-functions-codebase":"firebase-frameworks-blog-ca662","firebase-functions-hash":"1b42201b5372afe494ff349e0d6b8d26a576f473"},"environment":"GEN_2","url":"https://us-central1-blog-ca662.cloudfunctions.net/ssrblogca662","satisfiesPzi":true},"stages":[{"name":"BUILD","message":"Build in progress","state":"IN_PROGRESS","resource":"projects/284614412812/locations/us-central1/builds/b1558936-282e-480a-bb0a-1d7267ed1a9d","resourceUri":"https://console.cloud.google.com/cloud-build/builds;region=us-central1/b1558936-282e-480a-bb0a-1d7267ed1a9d?project=284614412812"},{"name":"SERVICE","state":"NOT_STARTED"}],"operationType":"UPDATE_FUNCTION","buildName":"projects/284614412812/locations/us-central1/builds/b1558936-282e-480a-bb0a-1d7267ed1a9d"},"done":false}
[debug] [2026-01-08T21:34:27.765Z] [update-firebase-frameworks-blog-ca662-us-central1-ssrblogca662] Retrying task index 0
[debug] [2026-01-08T21:34:27.765Z] Checked if tokens are valid: true, expires at: 1767910446517
[debug] [2026-01-08T21:34:27.765Z] Checked if tokens are valid: true, expires at: 1767910446517
[debug] [2026-01-08T21:34:27.765Z] >>> [apiv2][query] GET https://cloudfunctions.googleapis.com/v2/projects/blog-ca662/locations/us-central1/operations/operation-1767908021934-647e729a498c6-ece173c0-f82027ac [none]
[debug] [2026-01-08T21:34:28.219Z] <<< [apiv2][status] GET https://cloudfunctions.googleapis.com/v2/projects/blog-ca662/locations/us-central1/operations/operation-1767908021934-647e729a498c6-ece173c0-f82027ac 200
[debug] [2026-01-08T21:34:28.219Z] <<< [apiv2][body] GET https://cloudfunctions.googleapis.com/v2/projects/blog-ca662/locations/us-central1/operations/operation-1767908021934-647e729a498c6-ece173c0-f82027ac {"name":"projects/blog-ca662/locations/us-central1/operations/operation-1767908021934-647e729a498c6-ece173c0-f82027ac","metadata":{"@type":"type.googleapis.com/google.cloud.functions.v2.OperationMetadata","createTime":"2026-01-08T21:33:43.105317008Z","target":"projects/blog-ca662/locations/us-central1/functions/ssrblogca662","verb":"update","cancelRequested":false,"apiVersion":"v2","requestResource":{"@type":"type.googleapis.com/google.cloud.functions.v2.Function","name":"projects/blog-ca662/locations/us-central1/functions/ssrblogca662","buildConfig":{"runtime":"nodejs20","entryPoint":"ssrblogca662","source":{"storageSource":{"bucket":"gcf-v2-sources-284614412812-us-central1","object":"ssrblogca662/function-source.zip","generation":"1767908023010770"}},"environmentVariables":{"GOOGLE_NODE_RUN_SCRIPTS":""},"dockerRepository":"projects/blog-ca662/locations/us-central1/repositories/gcf-artifacts","sourceProvenance":{"resolvedStorageSource":{"bucket":"gcf-v2-sources-284614412812-us-central1","object":"ssrblogca662/function-source.zip","generation":"1736828886967681"}},"dockerRegistry":"ARTIFACT_REGISTRY","serviceAccount":"projects/blog-ca662/serviceAccounts/284614412812-compute@developer.gserviceaccount.com","automaticUpdatePolicy":{}},"serviceConfig":{"service":"projects/blog-ca662/locations/us-central1/services/ssrblogca662","timeoutSeconds":60,"environmentVariables":{"VERCEL_URL":"blog-ca662.web.app","__FIREBASE_FRAMEWORKS_ENTRY__":"next.js","__FIREBASE_DEFAULTS__":"{\"config\":{\"projectId\":\"blog-ca662\",\"appId\":\"1:284614412812:web:1c1ccb42f7e0870875fc29\",\"storageBucket\":\"blog-ca662.appspot.com\",\"locationId\":\"us-central\",\"apiKey\":\"AIzaSyAvvbq7egmHbW1z6wy8N-0aNeKOUg1a0Q8\",\"authDomain\":\"blog-ca662.firebaseapp.com\",\"messagingSenderId\":\"284614412812\",\"measurementId\":\"G-R62489Y36G\",\"projectNumber\":\"284614412812\",\"version\":\"2\"},\"_authTokenSyncURL\":\"/__session\"}","FIREBASE_CONFIG":"{\"projectId\":\"blog-ca662\",\"storageBucket\":\"blog-ca662.appspot.com\",\"locationId\":\"us-central\"}","GCLOUD_PROJECT":"blog-ca662","EVENTARC_CLOUD_EVENT_SOURCE":"projects/blog-ca662/locations/us-central1/services/ssrblogca662","FUNCTION_TARGET":"ssrblogca662","LOG_EXECUTION_ID":"true"},"ingressSettings":"ALLOW_ALL","uri":"https://ssrblogca662-jfo7awey6a-uc.a.run.app","serviceAccountEmail":"284614412812-compute@developer.gserviceaccount.com","availableMemory":"256Mi","allTrafficOnLatestRevision":true,"revision":"ssrblogca662-00049-jak","maxInstanceRequestConcurrency":80,"availableCpu":"1"},"state":"ACTIVE","labels":{"deployment-tool":"cli-firebase","firebase-functions-codebase":"firebase-frameworks-blog-ca662","firebase-functions-hash":"1b42201b5372afe494ff349e0d6b8d26a576f473"},"environment":"GEN_2","url":"https://us-central1-blog-ca662.cloudfunctions.net/ssrblogca662","satisfiesPzi":true},"stages":[{"name":"BUILD","message":"Build in progress","state":"IN_PROGRESS","resource":"projects/284614412812/locations/us-central1/builds/b1558936-282e-480a-bb0a-1d7267ed1a9d","resourceUri":"https://console.cloud.google.com/cloud-build/builds;region=us-central1/b1558936-282e-480a-bb0a-1d7267ed1a9d?project=284614412812"},{"name":"SERVICE","state":"NOT_STARTED"}],"operationType":"UPDATE_FUNCTION","buildName":"projects/284614412812/locations/us-central1/builds/b1558936-282e-480a-bb0a-1d7267ed1a9d"},"done":false}
[debug] [2026-01-08T21:34:38.234Z] [update-firebase-frameworks-blog-ca662-us-central1-ssrblogca662] Retrying task index 0
[debug] [2026-01-08T21:34:38.234Z] Checked if tokens are valid: true, expires at: 1767910446517
[debug] [2026-01-08T21:34:38.234Z] Checked if tokens are valid: true, expires at: 1767910446517
[debug] [2026-01-08T21:34:38.235Z] >>> [apiv2][query] GET https://cloudfunctions.googleapis.com/v2/projects/blog-ca662/locations/us-central1/operations/operation-1767908021934-647e729a498c6-ece173c0-f82027ac [none]
[debug] [2026-01-08T21:34:38.732Z] <<< [apiv2][status] GET https://cloudfunctions.googleapis.com/v2/projects/blog-ca662/locations/us-central1/operations/operation-1767908021934-647e729a498c6-ece173c0-f82027ac 200
[debug] [2026-01-08T21:34:38.732Z] <<< [apiv2][body] GET https://cloudfunctions.googleapis.com/v2/projects/blog-ca662/locations/us-central1/operations/operation-1767908021934-647e729a498c6-ece173c0-f82027ac {"name":"projects/blog-ca662/locations/us-central1/operations/operation-1767908021934-647e729a498c6-ece173c0-f82027ac","metadata":{"@type":"type.googleapis.com/google.cloud.functions.v2.OperationMetadata","createTime":"2026-01-08T21:33:43.105317008Z","target":"projects/blog-ca662/locations/us-central1/functions/ssrblogca662","verb":"update","cancelRequested":false,"apiVersion":"v2","requestResource":{"@type":"type.googleapis.com/google.cloud.functions.v2.Function","name":"projects/blog-ca662/locations/us-central1/functions/ssrblogca662","buildConfig":{"runtime":"nodejs20","entryPoint":"ssrblogca662","source":{"storageSource":{"bucket":"gcf-v2-sources-284614412812-us-central1","object":"ssrblogca662/function-source.zip","generation":"1767908023010770"}},"environmentVariables":{"GOOGLE_NODE_RUN_SCRIPTS":""},"dockerRepository":"projects/blog-ca662/locations/us-central1/repositories/gcf-artifacts","sourceProvenance":{"resolvedStorageSource":{"bucket":"gcf-v2-sources-284614412812-us-central1","object":"ssrblogca662/function-source.zip","generation":"1736828886967681"}},"dockerRegistry":"ARTIFACT_REGISTRY","serviceAccount":"projects/blog-ca662/serviceAccounts/284614412812-compute@developer.gserviceaccount.com","automaticUpdatePolicy":{}},"serviceConfig":{"service":"projects/blog-ca662/locations/us-central1/services/ssrblogca662","timeoutSeconds":60,"environmentVariables":{"VERCEL_URL":"blog-ca662.web.app","__FIREBASE_FRAMEWORKS_ENTRY__":"next.js","__FIREBASE_DEFAULTS__":"{\"config\":{\"projectId\":\"blog-ca662\",\"appId\":\"1:284614412812:web:1c1ccb42f7e0870875fc29\",\"storageBucket\":\"blog-ca662.appspot.com\",\"locationId\":\"us-central\",\"apiKey\":\"AIzaSyAvvbq7egmHbW1z6wy8N-0aNeKOUg1a0Q8\",\"authDomain\":\"blog-ca662.firebaseapp.com\",\"messagingSenderId\":\"284614412812\",\"measurementId\":\"G-R62489Y36G\",\"projectNumber\":\"284614412812\",\"version\":\"2\"},\"_authTokenSyncURL\":\"/__session\"}","FIREBASE_CONFIG":"{\"projectId\":\"blog-ca662\",\"storageBucket\":\"blog-ca662.appspot.com\",\"locationId\":\"us-central\"}","GCLOUD_PROJECT":"blog-ca662","EVENTARC_CLOUD_EVENT_SOURCE":"projects/blog-ca662/locations/us-central1/services/ssrblogca662","FUNCTION_TARGET":"ssrblogca662","LOG_EXECUTION_ID":"true"},"ingressSettings":"ALLOW_ALL","uri":"https://ssrblogca662-jfo7awey6a-uc.a.run.app","serviceAccountEmail":"284614412812-compute@developer.gserviceaccount.com","availableMemory":"256Mi","allTrafficOnLatestRevision":true,"revision":"ssrblogca662-00049-jak","maxInstanceRequestConcurrency":80,"availableCpu":"1"},"state":"ACTIVE","labels":{"deployment-tool":"cli-firebase","firebase-functions-codebase":"firebase-frameworks-blog-ca662","firebase-functions-hash":"1b42201b5372afe494ff349e0d6b8d26a576f473"},"environment":"GEN_2","url":"https://us-central1-blog-ca662.cloudfunctions.net/ssrblogca662","satisfiesPzi":true},"stages":[{"name":"BUILD","message":"Build in progress","state":"IN_PROGRESS","resource":"projects/284614412812/locations/us-central1/builds/b1558936-282e-480a-bb0a-1d7267ed1a9d","resourceUri":"https://console.cloud.google.com/cloud-build/builds;region=us-central1/b1558936-282e-480a-bb0a-1d7267ed1a9d?project=284614412812"},{"name":"SERVICE","state":"NOT_STARTED"}],"operationType":"UPDATE_FUNCTION","buildName":"projects/284614412812/locations/us-central1/builds/b1558936-282e-480a-bb0a-1d7267ed1a9d"},"done":false}
[debug] [2026-01-08T21:34:48.746Z] [update-firebase-frameworks-blog-ca662-us-central1-ssrblogca662] Retrying task index 0
[debug] [2026-01-08T21:34:48.746Z] Checked if tokens are valid: true, expires at: 1767910446517
[debug] [2026-01-08T21:34:48.746Z] Checked if tokens are valid: true, expires at: 1767910446517
[debug] [2026-01-08T21:34:48.747Z] >>> [apiv2][query] GET https://cloudfunctions.googleapis.com/v2/projects/blog-ca662/locations/us-central1/operations/operation-1767908021934-647e729a498c6-ece173c0-f82027ac [none]
[debug] [2026-01-08T21:34:49.208Z] <<< [apiv2][status] GET https://cloudfunctions.googleapis.com/v2/projects/blog-ca662/locations/us-central1/operations/operation-1767908021934-647e729a498c6-ece173c0-f82027ac 200
[debug] [2026-01-08T21:34:49.208Z] <<< [apiv2][body] GET https://cloudfunctions.googleapis.com/v2/projects/blog-ca662/locations/us-central1/operations/operation-1767908021934-647e729a498c6-ece173c0-f82027ac {"name":"projects/blog-ca662/locations/us-central1/operations/operation-1767908021934-647e729a498c6-ece173c0-f82027ac","metadata":{"@type":"type.googleapis.com/google.cloud.functions.v2.OperationMetadata","createTime":"2026-01-08T21:33:43.105317008Z","target":"projects/blog-ca662/locations/us-central1/functions/ssrblogca662","verb":"update","cancelRequested":false,"apiVersion":"v2","requestResource":{"@type":"type.googleapis.com/google.cloud.functions.v2.Function","name":"projects/blog-ca662/locations/us-central1/functions/ssrblogca662","buildConfig":{"runtime":"nodejs20","entryPoint":"ssrblogca662","source":{"storageSource":{"bucket":"gcf-v2-sources-284614412812-us-central1","object":"ssrblogca662/function-source.zip","generation":"1767908023010770"}},"environmentVariables":{"GOOGLE_NODE_RUN_SCRIPTS":""},"dockerRepository":"projects/blog-ca662/locations/us-central1/repositories/gcf-artifacts","sourceProvenance":{"resolvedStorageSource":{"bucket":"gcf-v2-sources-284614412812-us-central1","object":"ssrblogca662/function-source.zip","generation":"1736828886967681"}},"dockerRegistry":"ARTIFACT_REGISTRY","serviceAccount":"projects/blog-ca662/serviceAccounts/284614412812-compute@developer.gserviceaccount.com","automaticUpdatePolicy":{}},"serviceConfig":{"service":"projects/blog-ca662/locations/us-central1/services/ssrblogca662","timeoutSeconds":60,"environmentVariables":{"VERCEL_URL":"blog-ca662.web.app","__FIREBASE_FRAMEWORKS_ENTRY__":"next.js","__FIREBASE_DEFAULTS__":"{\"config\":{\"projectId\":\"blog-ca662\",\"appId\":\"1:284614412812:web:1c1ccb42f7e0870875fc29\",\"storageBucket\":\"blog-ca662.appspot.com\",\"locationId\":\"us-central\",\"apiKey\":\"AIzaSyAvvbq7egmHbW1z6wy8N-0aNeKOUg1a0Q8\",\"authDomain\":\"blog-ca662.firebaseapp.com\",\"messagingSenderId\":\"284614412812\",\"measurementId\":\"G-R62489Y36G\",\"projectNumber\":\"284614412812\",\"version\":\"2\"},\"_authTokenSyncURL\":\"/__session\"}","FIREBASE_CONFIG":"{\"projectId\":\"blog-ca662\",\"storageBucket\":\"blog-ca662.appspot.com\",\"locationId\":\"us-central\"}","GCLOUD_PROJECT":"blog-ca662","EVENTARC_CLOUD_EVENT_SOURCE":"projects/blog-ca662/locations/us-central1/services/ssrblogca662","FUNCTION_TARGET":"ssrblogca662","LOG_EXECUTION_ID":"true"},"ingressSettings":"ALLOW_ALL","uri":"https://ssrblogca662-jfo7awey6a-uc.a.run.app","serviceAccountEmail":"284614412812-compute@developer.gserviceaccount.com","availableMemory":"256Mi","allTrafficOnLatestRevision":true,"revision":"ssrblogca662-00049-jak","maxInstanceRequestConcurrency":80,"availableCpu":"1"},"state":"ACTIVE","labels":{"deployment-tool":"cli-firebase","firebase-functions-codebase":"firebase-frameworks-blog-ca662","firebase-functions-hash":"1b42201b5372afe494ff349e0d6b8d26a576f473"},"environment":"GEN_2","url":"https://us-central1-blog-ca662.cloudfunctions.net/ssrblogca662","satisfiesPzi":true},"stages":[{"name":"BUILD","message":"Build in progress","state":"IN_PROGRESS","resource":"projects/284614412812/locations/us-central1/builds/b1558936-282e-480a-bb0a-1d7267ed1a9d","resourceUri":"https://console.cloud.google.com/cloud-build/builds;region=us-central1/b1558936-282e-480a-bb0a-1d7267ed1a9d?project=284614412812"},{"name":"SERVICE","state":"NOT_STARTED"}],"operationType":"UPDATE_FUNCTION","buildName":"projects/284614412812/locations/us-central1/builds/b1558936-282e-480a-bb0a-1d7267ed1a9d"},"done":false}
[debug] [2026-01-08T21:34:59.222Z] [update-firebase-frameworks-blog-ca662-us-central1-ssrblogca662] Retrying task index 0
[debug] [2026-01-08T21:34:59.222Z] Checked if tokens are valid: true, expires at: 1767910446517
[debug] [2026-01-08T21:34:59.222Z] Checked if tokens are valid: true, expires at: 1767910446517
[debug] [2026-01-08T21:34:59.223Z] >>> [apiv2][query] GET https://cloudfunctions.googleapis.com/v2/projects/blog-ca662/locations/us-central1/operations/operation-1767908021934-647e729a498c6-ece173c0-f82027ac [none]
[debug] [2026-01-08T21:34:59.699Z] <<< [apiv2][status] GET https://cloudfunctions.googleapis.com/v2/projects/blog-ca662/locations/us-central1/operations/operation-1767908021934-647e729a498c6-ece173c0-f82027ac 200
[debug] [2026-01-08T21:34:59.700Z] <<< [apiv2][body] GET https://cloudfunctions.googleapis.com/v2/projects/blog-ca662/locations/us-central1/operations/operation-1767908021934-647e729a498c6-ece173c0-f82027ac {"name":"projects/blog-ca662/locations/us-central1/operations/operation-1767908021934-647e729a498c6-ece173c0-f82027ac","metadata":{"@type":"type.googleapis.com/google.cloud.functions.v2.OperationMetadata","createTime":"2026-01-08T21:33:43.105317008Z","target":"projects/blog-ca662/locations/us-central1/functions/ssrblogca662","verb":"update","cancelRequested":false,"apiVersion":"v2","requestResource":{"@type":"type.googleapis.com/google.cloud.functions.v2.Function","name":"projects/blog-ca662/locations/us-central1/functions/ssrblogca662","buildConfig":{"runtime":"nodejs20","entryPoint":"ssrblogca662","source":{"storageSource":{"bucket":"gcf-v2-sources-284614412812-us-central1","object":"ssrblogca662/function-source.zip","generation":"1767908023010770"}},"environmentVariables":{"GOOGLE_NODE_RUN_SCRIPTS":""},"dockerRepository":"projects/blog-ca662/locations/us-central1/repositories/gcf-artifacts","sourceProvenance":{"resolvedStorageSource":{"bucket":"gcf-v2-sources-284614412812-us-central1","object":"ssrblogca662/function-source.zip","generation":"1736828886967681"}},"dockerRegistry":"ARTIFACT_REGISTRY","serviceAccount":"projects/blog-ca662/serviceAccounts/284614412812-compute@developer.gserviceaccount.com","automaticUpdatePolicy":{}},"serviceConfig":{"service":"projects/blog-ca662/locations/us-central1/services/ssrblogca662","timeoutSeconds":60,"environmentVariables":{"VERCEL_URL":"blog-ca662.web.app","__FIREBASE_FRAMEWORKS_ENTRY__":"next.js","__FIREBASE_DEFAULTS__":"{\"config\":{\"projectId\":\"blog-ca662\",\"appId\":\"1:284614412812:web:1c1ccb42f7e0870875fc29\",\"storageBucket\":\"blog-ca662.appspot.com\",\"locationId\":\"us-central\",\"apiKey\":\"AIzaSyAvvbq7egmHbW1z6wy8N-0aNeKOUg1a0Q8\",\"authDomain\":\"blog-ca662.firebaseapp.com\",\"messagingSenderId\":\"284614412812\",\"measurementId\":\"G-R62489Y36G\",\"projectNumber\":\"284614412812\",\"version\":\"2\"},\"_authTokenSyncURL\":\"/__session\"}","FIREBASE_CONFIG":"{\"projectId\":\"blog-ca662\",\"storageBucket\":\"blog-ca662.appspot.com\",\"locationId\":\"us-central\"}","GCLOUD_PROJECT":"blog-ca662","EVENTARC_CLOUD_EVENT_SOURCE":"projects/blog-ca662/locations/us-central1/services/ssrblogca662","FUNCTION_TARGET":"ssrblogca662","LOG_EXECUTION_ID":"true"},"ingressSettings":"ALLOW_ALL","uri":"https://ssrblogca662-jfo7awey6a-uc.a.run.app","serviceAccountEmail":"284614412812-compute@developer.gserviceaccount.com","availableMemory":"256Mi","allTrafficOnLatestRevision":true,"revision":"ssrblogca662-00049-jak","maxInstanceRequestConcurrency":80,"availableCpu":"1"},"state":"ACTIVE","labels":{"deployment-tool":"cli-firebase","firebase-functions-codebase":"firebase-frameworks-blog-ca662","firebase-functions-hash":"1b42201b5372afe494ff349e0d6b8d26a576f473"},"environment":"GEN_2","url":"https://us-central1-blog-ca662.cloudfunctions.net/ssrblogca662","satisfiesPzi":true},"stages":[{"name":"BUILD","message":"Build in progress","state":"IN_PROGRESS","resource":"projects/284614412812/locations/us-central1/builds/b1558936-282e-480a-bb0a-1d7267ed1a9d","resourceUri":"https://console.cloud.google.com/cloud-build/builds;region=us-central1/b1558936-282e-480a-bb0a-1d7267ed1a9d?project=284614412812"},{"name":"SERVICE","state":"NOT_STARTED"}],"operationType":"UPDATE_FUNCTION","buildName":"projects/284614412812/locations/us-central1/builds/b1558936-282e-480a-bb0a-1d7267ed1a9d"},"done":false}
[debug] [2026-01-08T21:35:09.706Z] [update-firebase-frameworks-blog-ca662-us-central1-ssrblogca662] Retrying task index 0
[debug] [2026-01-08T21:35:09.707Z] Checked if tokens are valid: true, expires at: 1767910446517
[debug] [2026-01-08T21:35:09.707Z] Checked if tokens are valid: true, expires at: 1767910446517
[debug] [2026-01-08T21:35:09.707Z] >>> [apiv2][query] GET https://cloudfunctions.googleapis.com/v2/projects/blog-ca662/locations/us-central1/operations/operation-1767908021934-647e729a498c6-ece173c0-f82027ac [none]
[debug] [2026-01-08T21:35:10.181Z] <<< [apiv2][status] GET https://cloudfunctions.googleapis.com/v2/projects/blog-ca662/locations/us-central1/operations/operation-1767908021934-647e729a498c6-ece173c0-f82027ac 200
[debug] [2026-01-08T21:35:10.181Z] <<< [apiv2][body] GET https://cloudfunctions.googleapis.com/v2/projects/blog-ca662/locations/us-central1/operations/operation-1767908021934-647e729a498c6-ece173c0-f82027ac {"name":"projects/blog-ca662/locations/us-central1/operations/operation-1767908021934-647e729a498c6-ece173c0-f82027ac","metadata":{"@type":"type.googleapis.com/google.cloud.functions.v2.OperationMetadata","createTime":"2026-01-08T21:33:43.105317008Z","target":"projects/blog-ca662/locations/us-central1/functions/ssrblogca662","verb":"update","cancelRequested":false,"apiVersion":"v2","requestResource":{"@type":"type.googleapis.com/google.cloud.functions.v2.Function","name":"projects/blog-ca662/locations/us-central1/functions/ssrblogca662","buildConfig":{"runtime":"nodejs20","entryPoint":"ssrblogca662","source":{"storageSource":{"bucket":"gcf-v2-sources-284614412812-us-central1","object":"ssrblogca662/function-source.zip","generation":"1767908023010770"}},"environmentVariables":{"GOOGLE_NODE_RUN_SCRIPTS":""},"dockerRepository":"projects/blog-ca662/locations/us-central1/repositories/gcf-artifacts","sourceProvenance":{"resolvedStorageSource":{"bucket":"gcf-v2-sources-284614412812-us-central1","object":"ssrblogca662/function-source.zip","generation":"1736828886967681"}},"dockerRegistry":"ARTIFACT_REGISTRY","serviceAccount":"projects/blog-ca662/serviceAccounts/284614412812-compute@developer.gserviceaccount.com","automaticUpdatePolicy":{}},"serviceConfig":{"service":"projects/blog-ca662/locations/us-central1/services/ssrblogca662","timeoutSeconds":60,"environmentVariables":{"VERCEL_URL":"blog-ca662.web.app","__FIREBASE_FRAMEWORKS_ENTRY__":"next.js","__FIREBASE_DEFAULTS__":"{\"config\":{\"projectId\":\"blog-ca662\",\"appId\":\"1:284614412812:web:1c1ccb42f7e0870875fc29\",\"storageBucket\":\"blog-ca662.appspot.com\",\"locationId\":\"us-central\",\"apiKey\":\"AIzaSyAvvbq7egmHbW1z6wy8N-0aNeKOUg1a0Q8\",\"authDomain\":\"blog-ca662.firebaseapp.com\",\"messagingSenderId\":\"284614412812\",\"measurementId\":\"G-R62489Y36G\",\"projectNumber\":\"284614412812\",\"version\":\"2\"},\"_authTokenSyncURL\":\"/__session\"}","FIREBASE_CONFIG":"{\"projectId\":\"blog-ca662\",\"storageBucket\":\"blog-ca662.appspot.com\",\"locationId\":\"us-central\"}","GCLOUD_PROJECT":"blog-ca662","EVENTARC_CLOUD_EVENT_SOURCE":"projects/blog-ca662/locations/us-central1/services/ssrblogca662","FUNCTION_TARGET":"ssrblogca662","LOG_EXECUTION_ID":"true"},"ingressSettings":"ALLOW_ALL","uri":"https://ssrblogca662-jfo7awey6a-uc.a.run.app","serviceAccountEmail":"284614412812-compute@developer.gserviceaccount.com","availableMemory":"256Mi","allTrafficOnLatestRevision":true,"revision":"ssrblogca662-00049-jak","maxInstanceRequestConcurrency":80,"availableCpu":"1"},"state":"ACTIVE","labels":{"deployment-tool":"cli-firebase","firebase-functions-codebase":"firebase-frameworks-blog-ca662","firebase-functions-hash":"1b42201b5372afe494ff349e0d6b8d26a576f473"},"environment":"GEN_2","url":"https://us-central1-blog-ca662.cloudfunctions.net/ssrblogca662","satisfiesPzi":true},"stages":[{"name":"BUILD","message":"Build in progress","state":"IN_PROGRESS","resource":"projects/284614412812/locations/us-central1/builds/b1558936-282e-480a-bb0a-1d7267ed1a9d","resourceUri":"https://console.cloud.google.com/cloud-build/builds;region=us-central1/b1558936-282e-480a-bb0a-1d7267ed1a9d?project=284614412812"},{"name":"SERVICE","state":"NOT_STARTED"}],"operationType":"UPDATE_FUNCTION","buildName":"projects/284614412812/locations/us-central1/builds/b1558936-282e-480a-bb0a-1d7267ed1a9d"},"done":false}
[debug] [2026-01-08T21:35:20.185Z] [update-firebase-frameworks-blog-ca662-us-central1-ssrblogca662] Retrying task index 0
[debug] [2026-01-08T21:35:20.185Z] Checked if tokens are valid: true, expires at: 1767910446517
[debug] [2026-01-08T21:35:20.185Z] Checked if tokens are valid: true, expires at: 1767910446517
[debug] [2026-01-08T21:35:20.186Z] >>> [apiv2][query] GET https://cloudfunctions.googleapis.com/v2/projects/blog-ca662/locations/us-central1/operations/operation-1767908021934-647e729a498c6-ece173c0-f82027ac [none]
[debug] [2026-01-08T21:35:20.784Z] <<< [apiv2][status] GET https://cloudfunctions.googleapis.com/v2/projects/blog-ca662/locations/us-central1/operations/operation-1767908021934-647e729a498c6-ece173c0-f82027ac 200
[debug] [2026-01-08T21:35:20.784Z] <<< [apiv2][body] GET https://cloudfunctions.googleapis.com/v2/projects/blog-ca662/locations/us-central1/operations/operation-1767908021934-647e729a498c6-ece173c0-f82027ac {"name":"projects/blog-ca662/locations/us-central1/operations/operation-1767908021934-647e729a498c6-ece173c0-f82027ac","metadata":{"@type":"type.googleapis.com/google.cloud.functions.v2.OperationMetadata","createTime":"2026-01-08T21:33:43.105317008Z","target":"projects/blog-ca662/locations/us-central1/functions/ssrblogca662","verb":"update","cancelRequested":false,"apiVersion":"v2","requestResource":{"@type":"type.googleapis.com/google.cloud.functions.v2.Function","name":"projects/blog-ca662/locations/us-central1/functions/ssrblogca662","buildConfig":{"runtime":"nodejs20","entryPoint":"ssrblogca662","source":{"storageSource":{"bucket":"gcf-v2-sources-284614412812-us-central1","object":"ssrblogca662/function-source.zip","generation":"1767908023010770"}},"environmentVariables":{"GOOGLE_NODE_RUN_SCRIPTS":""},"dockerRepository":"projects/blog-ca662/locations/us-central1/repositories/gcf-artifacts","sourceProvenance":{"resolvedStorageSource":{"bucket":"gcf-v2-sources-284614412812-us-central1","object":"ssrblogca662/function-source.zip","generation":"1736828886967681"}},"dockerRegistry":"ARTIFACT_REGISTRY","serviceAccount":"projects/blog-ca662/serviceAccounts/284614412812-compute@developer.gserviceaccount.com","automaticUpdatePolicy":{}},"serviceConfig":{"service":"projects/blog-ca662/locations/us-central1/services/ssrblogca662","timeoutSeconds":60,"environmentVariables":{"VERCEL_URL":"blog-ca662.web.app","__FIREBASE_FRAMEWORKS_ENTRY__":"next.js","__FIREBASE_DEFAULTS__":"{\"config\":{\"projectId\":\"blog-ca662\",\"appId\":\"1:284614412812:web:1c1ccb42f7e0870875fc29\",\"storageBucket\":\"blog-ca662.appspot.com\",\"locationId\":\"us-central\",\"apiKey\":\"AIzaSyAvvbq7egmHbW1z6wy8N-0aNeKOUg1a0Q8\",\"authDomain\":\"blog-ca662.firebaseapp.com\",\"messagingSenderId\":\"284614412812\",\"measurementId\":\"G-R62489Y36G\",\"projectNumber\":\"284614412812\",\"version\":\"2\"},\"_authTokenSyncURL\":\"/__session\"}","FIREBASE_CONFIG":"{\"projectId\":\"blog-ca662\",\"storageBucket\":\"blog-ca662.appspot.com\",\"locationId\":\"us-central\"}","GCLOUD_PROJECT":"blog-ca662","EVENTARC_CLOUD_EVENT_SOURCE":"projects/blog-ca662/locations/us-central1/services/ssrblogca662","FUNCTION_TARGET":"ssrblogca662","LOG_EXECUTION_ID":"true"},"ingressSettings":"ALLOW_ALL","uri":"https://ssrblogca662-jfo7awey6a-uc.a.run.app","serviceAccountEmail":"284614412812-compute@developer.gserviceaccount.com","availableMemory":"256Mi","allTrafficOnLatestRevision":true,"revision":"ssrblogca662-00049-jak","maxInstanceRequestConcurrency":80,"availableCpu":"1"},"state":"ACTIVE","labels":{"deployment-tool":"cli-firebase","firebase-functions-codebase":"firebase-frameworks-blog-ca662","firebase-functions-hash":"1b42201b5372afe494ff349e0d6b8d26a576f473"},"environment":"GEN_2","url":"https://us-central1-blog-ca662.cloudfunctions.net/ssrblogca662","satisfiesPzi":true},"stages":[{"name":"BUILD","message":"Build in progress","state":"IN_PROGRESS","resource":"projects/284614412812/locations/us-central1/builds/b1558936-282e-480a-bb0a-1d7267ed1a9d","resourceUri":"https://console.cloud.google.com/cloud-build/builds;region=us-central1/b1558936-282e-480a-bb0a-1d7267ed1a9d?project=284614412812"},{"name":"SERVICE","state":"NOT_STARTED"}],"operationType":"UPDATE_FUNCTION","buildName":"projects/284614412812/locations/us-central1/builds/b1558936-282e-480a-bb0a-1d7267ed1a9d"},"done":false}
[debug] [2026-01-08T21:35:30.797Z] [update-firebase-frameworks-blog-ca662-us-central1-ssrblogca662] Retrying task index 0
[debug] [2026-01-08T21:35:30.797Z] Checked if tokens are valid: true, expires at: 1767910446517
[debug] [2026-01-08T21:35:30.797Z] Checked if tokens are valid: true, expires at: 1767910446517
[debug] [2026-01-08T21:35:30.798Z] >>> [apiv2][query] GET https://cloudfunctions.googleapis.com/v2/projects/blog-ca662/locations/us-central1/operations/operation-1767908021934-647e729a498c6-ece173c0-f82027ac [none]
[debug] [2026-01-08T21:35:31.694Z] <<< [apiv2][status] GET https://cloudfunctions.googleapis.com/v2/projects/blog-ca662/locations/us-central1/operations/operation-1767908021934-647e729a498c6-ece173c0-f82027ac 200
[debug] [2026-01-08T21:35:31.694Z] <<< [apiv2][body] GET https://cloudfunctions.googleapis.com/v2/projects/blog-ca662/locations/us-central1/operations/operation-1767908021934-647e729a498c6-ece173c0-f82027ac {"name":"projects/blog-ca662/locations/us-central1/operations/operation-1767908021934-647e729a498c6-ece173c0-f82027ac","metadata":{"@type":"type.googleapis.com/google.cloud.functions.v2.OperationMetadata","createTime":"2026-01-08T21:33:43.105317008Z","target":"projects/blog-ca662/locations/us-central1/functions/ssrblogca662","verb":"update","cancelRequested":false,"apiVersion":"v2","requestResource":{"@type":"type.googleapis.com/google.cloud.functions.v2.Function","name":"projects/blog-ca662/locations/us-central1/functions/ssrblogca662","buildConfig":{"runtime":"nodejs20","entryPoint":"ssrblogca662","source":{"storageSource":{"bucket":"gcf-v2-sources-284614412812-us-central1","object":"ssrblogca662/function-source.zip","generation":"1767908023010770"}},"environmentVariables":{"GOOGLE_NODE_RUN_SCRIPTS":""},"dockerRepository":"projects/blog-ca662/locations/us-central1/repositories/gcf-artifacts","sourceProvenance":{"resolvedStorageSource":{"bucket":"gcf-v2-sources-284614412812-us-central1","object":"ssrblogca662/function-source.zip","generation":"1736828886967681"}},"dockerRegistry":"ARTIFACT_REGISTRY","serviceAccount":"projects/blog-ca662/serviceAccounts/284614412812-compute@developer.gserviceaccount.com","automaticUpdatePolicy":{}},"serviceConfig":{"service":"projects/blog-ca662/locations/us-central1/services/ssrblogca662","timeoutSeconds":60,"environmentVariables":{"VERCEL_URL":"blog-ca662.web.app","__FIREBASE_FRAMEWORKS_ENTRY__":"next.js","__FIREBASE_DEFAULTS__":"{\"config\":{\"projectId\":\"blog-ca662\",\"appId\":\"1:284614412812:web:1c1ccb42f7e0870875fc29\",\"storageBucket\":\"blog-ca662.appspot.com\",\"locationId\":\"us-central\",\"apiKey\":\"AIzaSyAvvbq7egmHbW1z6wy8N-0aNeKOUg1a0Q8\",\"authDomain\":\"blog-ca662.firebaseapp.com\",\"messagingSenderId\":\"284614412812\",\"measurementId\":\"G-R62489Y36G\",\"projectNumber\":\"284614412812\",\"version\":\"2\"},\"_authTokenSyncURL\":\"/__session\"}","FIREBASE_CONFIG":"{\"projectId\":\"blog-ca662\",\"storageBucket\":\"blog-ca662.appspot.com\",\"locationId\":\"us-central\"}","GCLOUD_PROJECT":"blog-ca662","EVENTARC_CLOUD_EVENT_SOURCE":"projects/blog-ca662/locations/us-central1/services/ssrblogca662","FUNCTION_TARGET":"ssrblogca662","LOG_EXECUTION_ID":"true"},"ingressSettings":"ALLOW_ALL","uri":"https://ssrblogca662-jfo7awey6a-uc.a.run.app","serviceAccountEmail":"284614412812-compute@developer.gserviceaccount.com","availableMemory":"256Mi","allTrafficOnLatestRevision":true,"revision":"ssrblogca662-00049-jak","maxInstanceRequestConcurrency":80,"availableCpu":"1"},"state":"ACTIVE","labels":{"deployment-tool":"cli-firebase","firebase-functions-codebase":"firebase-frameworks-blog-ca662","firebase-functions-hash":"1b42201b5372afe494ff349e0d6b8d26a576f473"},"environment":"GEN_2","url":"https://us-central1-blog-ca662.cloudfunctions.net/ssrblogca662","satisfiesPzi":true},"stages":[{"name":"BUILD","message":"Build in progress","state":"IN_PROGRESS","resource":"projects/284614412812/locations/us-central1/builds/b1558936-282e-480a-bb0a-1d7267ed1a9d","resourceUri":"https://console.cloud.google.com/cloud-build/builds;region=us-central1/b1558936-282e-480a-bb0a-1d7267ed1a9d?project=284614412812"},{"name":"SERVICE","state":"NOT_STARTED"}],"operationType":"UPDATE_FUNCTION","buildName":"projects/284614412812/locations/us-central1/builds/b1558936-282e-480a-bb0a-1d7267ed1a9d"},"done":false}
[debug] [2026-01-08T21:35:41.709Z] [update-firebase-frameworks-blog-ca662-us-central1-ssrblogca662] Retrying task index 0
[debug] [2026-01-08T21:35:41.709Z] Checked if tokens are valid: true, expires at: 1767910446517
[debug] [2026-01-08T21:35:41.710Z] Checked if tokens are valid: true, expires at: 1767910446517
[debug] [2026-01-08T21:35:41.710Z] >>> [apiv2][query] GET https://cloudfunctions.googleapis.com/v2/projects/blog-ca662/locations/us-central1/operations/operation-1767908021934-647e729a498c6-ece173c0-f82027ac [none]
[debug] [2026-01-08T21:35:42.393Z] <<< [apiv2][status] GET https://cloudfunctions.googleapis.com/v2/projects/blog-ca662/locations/us-central1/operations/operation-1767908021934-647e729a498c6-ece173c0-f82027ac 200
[debug] [2026-01-08T21:35:42.393Z] <<< [apiv2][body] GET https://cloudfunctions.googleapis.com/v2/projects/blog-ca662/locations/us-central1/operations/operation-1767908021934-647e729a498c6-ece173c0-f82027ac {"name":"projects/blog-ca662/locations/us-central1/operations/operation-1767908021934-647e729a498c6-ece173c0-f82027ac","metadata":{"@type":"type.googleapis.com/google.cloud.functions.v2.OperationMetadata","createTime":"2026-01-08T21:33:43.105317008Z","target":"projects/blog-ca662/locations/us-central1/functions/ssrblogca662","verb":"update","cancelRequested":false,"apiVersion":"v2","requestResource":{"@type":"type.googleapis.com/google.cloud.functions.v2.Function","name":"projects/blog-ca662/locations/us-central1/functions/ssrblogca662","buildConfig":{"runtime":"nodejs20","entryPoint":"ssrblogca662","source":{"storageSource":{"bucket":"gcf-v2-sources-284614412812-us-central1","object":"ssrblogca662/function-source.zip","generation":"1767908023010770"}},"environmentVariables":{"GOOGLE_NODE_RUN_SCRIPTS":""},"dockerRepository":"projects/blog-ca662/locations/us-central1/repositories/gcf-artifacts","sourceProvenance":{"resolvedStorageSource":{"bucket":"gcf-v2-sources-284614412812-us-central1","object":"ssrblogca662/function-source.zip","generation":"1736828886967681"}},"dockerRegistry":"ARTIFACT_REGISTRY","serviceAccount":"projects/blog-ca662/serviceAccounts/284614412812-compute@developer.gserviceaccount.com","automaticUpdatePolicy":{}},"serviceConfig":{"service":"projects/blog-ca662/locations/us-central1/services/ssrblogca662","timeoutSeconds":60,"environmentVariables":{"VERCEL_URL":"blog-ca662.web.app","__FIREBASE_FRAMEWORKS_ENTRY__":"next.js","__FIREBASE_DEFAULTS__":"{\"config\":{\"projectId\":\"blog-ca662\",\"appId\":\"1:284614412812:web:1c1ccb42f7e0870875fc29\",\"storageBucket\":\"blog-ca662.appspot.com\",\"locationId\":\"us-central\",\"apiKey\":\"AIzaSyAvvbq7egmHbW1z6wy8N-0aNeKOUg1a0Q8\",\"authDomain\":\"blog-ca662.firebaseapp.com\",\"messagingSenderId\":\"284614412812\",\"measurementId\":\"G-R62489Y36G\",\"projectNumber\":\"284614412812\",\"version\":\"2\"},\"_authTokenSyncURL\":\"/__session\"}","FIREBASE_CONFIG":"{\"projectId\":\"blog-ca662\",\"storageBucket\":\"blog-ca662.appspot.com\",\"locationId\":\"us-central\"}","GCLOUD_PROJECT":"blog-ca662","EVENTARC_CLOUD_EVENT_SOURCE":"projects/blog-ca662/locations/us-central1/services/ssrblogca662","FUNCTION_TARGET":"ssrblogca662","LOG_EXECUTION_ID":"true"},"ingressSettings":"ALLOW_ALL","uri":"https://ssrblogca662-jfo7awey6a-uc.a.run.app","serviceAccountEmail":"284614412812-compute@developer.gserviceaccount.com","availableMemory":"256Mi","allTrafficOnLatestRevision":true,"revision":"ssrblogca662-00049-jak","maxInstanceRequestConcurrency":80,"availableCpu":"1"},"state":"ACTIVE","labels":{"deployment-tool":"cli-firebase","firebase-functions-codebase":"firebase-frameworks-blog-ca662","firebase-functions-hash":"1b42201b5372afe494ff349e0d6b8d26a576f473"},"environment":"GEN_2","url":"https://us-central1-blog-ca662.cloudfunctions.net/ssrblogca662","satisfiesPzi":true},"stages":[{"name":"BUILD","message":"Build in progress","state":"IN_PROGRESS","resource":"projects/284614412812/locations/us-central1/builds/b1558936-282e-480a-bb0a-1d7267ed1a9d","resourceUri":"https://console.cloud.google.com/cloud-build/builds;region=us-central1/b1558936-282e-480a-bb0a-1d7267ed1a9d?project=284614412812"},{"name":"SERVICE","state":"NOT_STARTED"}],"operationType":"UPDATE_FUNCTION","buildName":"projects/284614412812/locations/us-central1/builds/b1558936-282e-480a-bb0a-1d7267ed1a9d"},"done":false}
[debug] [2026-01-08T21:35:52.401Z] [update-firebase-frameworks-blog-ca662-us-central1-ssrblogca662] Retrying task index 0
[debug] [2026-01-08T21:35:52.401Z] Checked if tokens are valid: true, expires at: 1767910446517
[debug] [2026-01-08T21:35:52.401Z] Checked if tokens are valid: true, expires at: 1767910446517
[debug] [2026-01-08T21:35:52.401Z] >>> [apiv2][query] GET https://cloudfunctions.googleapis.com/v2/projects/blog-ca662/locations/us-central1/operations/operation-1767908021934-647e729a498c6-ece173c0-f82027ac [none]
[debug] [2026-01-08T21:35:52.898Z] <<< [apiv2][status] GET https://cloudfunctions.googleapis.com/v2/projects/blog-ca662/locations/us-central1/operations/operation-1767908021934-647e729a498c6-ece173c0-f82027ac 200
[debug] [2026-01-08T21:35:52.898Z] <<< [apiv2][body] GET https://cloudfunctions.googleapis.com/v2/projects/blog-ca662/locations/us-central1/operations/operation-1767908021934-647e729a498c6-ece173c0-f82027ac {"name":"projects/blog-ca662/locations/us-central1/operations/operation-1767908021934-647e729a498c6-ece173c0-f82027ac","metadata":{"@type":"type.googleapis.com/google.cloud.functions.v2.OperationMetadata","createTime":"2026-01-08T21:33:43.105317008Z","target":"projects/blog-ca662/locations/us-central1/functions/ssrblogca662","verb":"update","cancelRequested":false,"apiVersion":"v2","requestResource":{"@type":"type.googleapis.com/google.cloud.functions.v2.Function","name":"projects/blog-ca662/locations/us-central1/functions/ssrblogca662","buildConfig":{"runtime":"nodejs20","entryPoint":"ssrblogca662","source":{"storageSource":{"bucket":"gcf-v2-sources-284614412812-us-central1","object":"ssrblogca662/function-source.zip","generation":"1767908023010770"}},"environmentVariables":{"GOOGLE_NODE_RUN_SCRIPTS":""},"dockerRepository":"projects/blog-ca662/locations/us-central1/repositories/gcf-artifacts","sourceProvenance":{"resolvedStorageSource":{"bucket":"gcf-v2-sources-284614412812-us-central1","object":"ssrblogca662/function-source.zip","generation":"1736828886967681"}},"dockerRegistry":"ARTIFACT_REGISTRY","serviceAccount":"projects/blog-ca662/serviceAccounts/284614412812-compute@developer.gserviceaccount.com","automaticUpdatePolicy":{}},"serviceConfig":{"service":"projects/blog-ca662/locations/us-central1/services/ssrblogca662","timeoutSeconds":60,"environmentVariables":{"VERCEL_URL":"blog-ca662.web.app","__FIREBASE_FRAMEWORKS_ENTRY__":"next.js","__FIREBASE_DEFAULTS__":"{\"config\":{\"projectId\":\"blog-ca662\",\"appId\":\"1:284614412812:web:1c1ccb42f7e0870875fc29\",\"storageBucket\":\"blog-ca662.appspot.com\",\"locationId\":\"us-central\",\"apiKey\":\"AIzaSyAvvbq7egmHbW1z6wy8N-0aNeKOUg1a0Q8\",\"authDomain\":\"blog-ca662.firebaseapp.com\",\"messagingSenderId\":\"284614412812\",\"measurementId\":\"G-R62489Y36G\",\"projectNumber\":\"284614412812\",\"version\":\"2\"},\"_authTokenSyncURL\":\"/__session\"}","FIREBASE_CONFIG":"{\"projectId\":\"blog-ca662\",\"storageBucket\":\"blog-ca662.appspot.com\",\"locationId\":\"us-central\"}","GCLOUD_PROJECT":"blog-ca662","EVENTARC_CLOUD_EVENT_SOURCE":"projects/blog-ca662/locations/us-central1/services/ssrblogca662","FUNCTION_TARGET":"ssrblogca662","LOG_EXECUTION_ID":"true"},"ingressSettings":"ALLOW_ALL","uri":"https://ssrblogca662-jfo7awey6a-uc.a.run.app","serviceAccountEmail":"284614412812-compute@developer.gserviceaccount.com","availableMemory":"256Mi","allTrafficOnLatestRevision":true,"revision":"ssrblogca662-00049-jak","maxInstanceRequestConcurrency":80,"availableCpu":"1"},"state":"ACTIVE","labels":{"deployment-tool":"cli-firebase","firebase-functions-codebase":"firebase-frameworks-blog-ca662","firebase-functions-hash":"1b42201b5372afe494ff349e0d6b8d26a576f473"},"environment":"GEN_2","url":"https://us-central1-blog-ca662.cloudfunctions.net/ssrblogca662","satisfiesPzi":true},"stages":[{"name":"BUILD","message":"Build in progress","state":"IN_PROGRESS","resource":"projects/284614412812/locations/us-central1/builds/b1558936-282e-480a-bb0a-1d7267ed1a9d","resourceUri":"https://console.cloud.google.com/cloud-build/builds;region=us-central1/b1558936-282e-480a-bb0a-1d7267ed1a9d?project=284614412812"},{"name":"SERVICE","state":"NOT_STARTED"}],"operationType":"UPDATE_FUNCTION","buildName":"projects/284614412812/locations/us-central1/builds/b1558936-282e-480a-bb0a-1d7267ed1a9d"},"done":false}
[debug] [2026-01-08T21:36:02.910Z] [update-firebase-frameworks-blog-ca662-us-central1-ssrblogca662] Retrying task index 0
[debug] [2026-01-08T21:36:02.910Z] Checked if tokens are valid: true, expires at: 1767910446517
[debug] [2026-01-08T21:36:02.910Z] Checked if tokens are valid: true, expires at: 1767910446517
[debug] [2026-01-08T21:36:02.911Z] >>> [apiv2][query] GET https://cloudfunctions.googleapis.com/v2/projects/blog-ca662/locations/us-central1/operations/operation-1767908021934-647e729a498c6-ece173c0-f82027ac [none]
[debug] [2026-01-08T21:36:03.426Z] <<< [apiv2][status] GET https://cloudfunctions.googleapis.com/v2/projects/blog-ca662/locations/us-central1/operations/operation-1767908021934-647e729a498c6-ece173c0-f82027ac 200
[debug] [2026-01-08T21:36:03.426Z] <<< [apiv2][body] GET https://cloudfunctions.googleapis.com/v2/projects/blog-ca662/locations/us-central1/operations/operation-1767908021934-647e729a498c6-ece173c0-f82027ac {"name":"projects/blog-ca662/locations/us-central1/operations/operation-1767908021934-647e729a498c6-ece173c0-f82027ac","metadata":{"@type":"type.googleapis.com/google.cloud.functions.v2.OperationMetadata","createTime":"2026-01-08T21:33:43.105317008Z","target":"projects/blog-ca662/locations/us-central1/functions/ssrblogca662","verb":"update","cancelRequested":false,"apiVersion":"v2","requestResource":{"@type":"type.googleapis.com/google.cloud.functions.v2.Function","name":"projects/blog-ca662/locations/us-central1/functions/ssrblogca662","buildConfig":{"runtime":"nodejs20","entryPoint":"ssrblogca662","source":{"storageSource":{"bucket":"gcf-v2-sources-284614412812-us-central1","object":"ssrblogca662/function-source.zip","generation":"1767908023010770"}},"environmentVariables":{"GOOGLE_NODE_RUN_SCRIPTS":""},"dockerRepository":"projects/blog-ca662/locations/us-central1/repositories/gcf-artifacts","sourceProvenance":{"resolvedStorageSource":{"bucket":"gcf-v2-sources-284614412812-us-central1","object":"ssrblogca662/function-source.zip","generation":"1736828886967681"}},"dockerRegistry":"ARTIFACT_REGISTRY","serviceAccount":"projects/blog-ca662/serviceAccounts/284614412812-compute@developer.gserviceaccount.com","automaticUpdatePolicy":{}},"serviceConfig":{"service":"projects/blog-ca662/locations/us-central1/services/ssrblogca662","timeoutSeconds":60,"environmentVariables":{"VERCEL_URL":"blog-ca662.web.app","__FIREBASE_FRAMEWORKS_ENTRY__":"next.js","__FIREBASE_DEFAULTS__":"{\"config\":{\"projectId\":\"blog-ca662\",\"appId\":\"1:284614412812:web:1c1ccb42f7e0870875fc29\",\"storageBucket\":\"blog-ca662.appspot.com\",\"locationId\":\"us-central\",\"apiKey\":\"AIzaSyAvvbq7egmHbW1z6wy8N-0aNeKOUg1a0Q8\",\"authDomain\":\"blog-ca662.firebaseapp.com\",\"messagingSenderId\":\"284614412812\",\"measurementId\":\"G-R62489Y36G\",\"projectNumber\":\"284614412812\",\"version\":\"2\"},\"_authTokenSyncURL\":\"/__session\"}","FIREBASE_CONFIG":"{\"projectId\":\"blog-ca662\",\"storageBucket\":\"blog-ca662.appspot.com\",\"locationId\":\"us-central\"}","GCLOUD_PROJECT":"blog-ca662","EVENTARC_CLOUD_EVENT_SOURCE":"projects/blog-ca662/locations/us-central1/services/ssrblogca662","FUNCTION_TARGET":"ssrblogca662","LOG_EXECUTION_ID":"true"},"ingressSettings":"ALLOW_ALL","uri":"https://ssrblogca662-jfo7awey6a-uc.a.run.app","serviceAccountEmail":"284614412812-compute@developer.gserviceaccount.com","availableMemory":"256Mi","allTrafficOnLatestRevision":true,"revision":"ssrblogca662-00049-jak","maxInstanceRequestConcurrency":80,"availableCpu":"1"},"state":"ACTIVE","labels":{"deployment-tool":"cli-firebase","firebase-functions-codebase":"firebase-frameworks-blog-ca662","firebase-functions-hash":"1b42201b5372afe494ff349e0d6b8d26a576f473"},"environment":"GEN_2","url":"https://us-central1-blog-ca662.cloudfunctions.net/ssrblogca662","satisfiesPzi":true},"stages":[{"name":"BUILD","message":"Build in progress","state":"IN_PROGRESS","resource":"projects/284614412812/locations/us-central1/builds/b1558936-282e-480a-bb0a-1d7267ed1a9d","resourceUri":"https://console.cloud.google.com/cloud-build/builds;region=us-central1/b1558936-282e-480a-bb0a-1d7267ed1a9d?project=284614412812"},{"name":"SERVICE","state":"NOT_STARTED"}],"operationType":"UPDATE_FUNCTION","buildName":"projects/284614412812/locations/us-central1/builds/b1558936-282e-480a-bb0a-1d7267ed1a9d"},"done":false}
[debug] [2026-01-08T21:36:13.430Z] [update-firebase-frameworks-blog-ca662-us-central1-ssrblogca662] Retrying task index 0
[debug] [2026-01-08T21:36:13.431Z] Checked if tokens are valid: true, expires at: 1767910446517
[debug] [2026-01-08T21:36:13.431Z] Checked if tokens are valid: true, expires at: 1767910446517
[debug] [2026-01-08T21:36:13.431Z] >>> [apiv2][query] GET https://cloudfunctions.googleapis.com/v2/projects/blog-ca662/locations/us-central1/operations/operation-1767908021934-647e729a498c6-ece173c0-f82027ac [none]
[debug] [2026-01-08T21:36:13.912Z] <<< [apiv2][status] GET https://cloudfunctions.googleapis.com/v2/projects/blog-ca662/locations/us-central1/operations/operation-1767908021934-647e729a498c6-ece173c0-f82027ac 200
[debug] [2026-01-08T21:36:13.912Z] <<< [apiv2][body] GET https://cloudfunctions.googleapis.com/v2/projects/blog-ca662/locations/us-central1/operations/operation-1767908021934-647e729a498c6-ece173c0-f82027ac {"name":"projects/blog-ca662/locations/us-central1/operations/operation-1767908021934-647e729a498c6-ece173c0-f82027ac","metadata":{"@type":"type.googleapis.com/google.cloud.functions.v2.OperationMetadata","createTime":"2026-01-08T21:33:43.105317008Z","endTime":"2026-01-08T21:36:09.161156098Z","target":"projects/blog-ca662/locations/us-central1/functions/ssrblogca662","verb":"update","cancelRequested":false,"apiVersion":"v2","requestResource":{"@type":"type.googleapis.com/google.cloud.functions.v2.Function","name":"projects/blog-ca662/locations/us-central1/functions/ssrblogca662","buildConfig":{"runtime":"nodejs20","entryPoint":"ssrblogca662","source":{"storageSource":{"bucket":"gcf-v2-sources-284614412812-us-central1","object":"ssrblogca662/function-source.zip","generation":"1767908023010770"}},"environmentVariables":{"GOOGLE_NODE_RUN_SCRIPTS":""},"dockerRepository":"projects/blog-ca662/locations/us-central1/repositories/gcf-artifacts","sourceProvenance":{"resolvedStorageSource":{"bucket":"gcf-v2-sources-284614412812-us-central1","object":"ssrblogca662/function-source.zip","generation":"1736828886967681"}},"dockerRegistry":"ARTIFACT_REGISTRY","serviceAccount":"projects/blog-ca662/serviceAccounts/284614412812-compute@developer.gserviceaccount.com","automaticUpdatePolicy":{}},"serviceConfig":{"service":"projects/blog-ca662/locations/us-central1/services/ssrblogca662","timeoutSeconds":60,"environmentVariables":{"VERCEL_URL":"blog-ca662.web.app","__FIREBASE_FRAMEWORKS_ENTRY__":"next.js","__FIREBASE_DEFAULTS__":"{\"config\":{\"projectId\":\"blog-ca662\",\"appId\":\"1:284614412812:web:1c1ccb42f7e0870875fc29\",\"storageBucket\":\"blog-ca662.appspot.com\",\"locationId\":\"us-central\",\"apiKey\":\"AIzaSyAvvbq7egmHbW1z6wy8N-0aNeKOUg1a0Q8\",\"authDomain\":\"blog-ca662.firebaseapp.com\",\"messagingSenderId\":\"284614412812\",\"measurementId\":\"G-R62489Y36G\",\"projectNumber\":\"284614412812\",\"version\":\"2\"},\"_authTokenSyncURL\":\"/__session\"}","FIREBASE_CONFIG":"{\"projectId\":\"blog-ca662\",\"storageBucket\":\"blog-ca662.appspot.com\",\"locationId\":\"us-central\"}","GCLOUD_PROJECT":"blog-ca662","EVENTARC_CLOUD_EVENT_SOURCE":"projects/blog-ca662/locations/us-central1/services/ssrblogca662","FUNCTION_TARGET":"ssrblogca662","LOG_EXECUTION_ID":"true"},"ingressSettings":"ALLOW_ALL","uri":"https://ssrblogca662-jfo7awey6a-uc.a.run.app","serviceAccountEmail":"284614412812-compute@developer.gserviceaccount.com","availableMemory":"256Mi","allTrafficOnLatestRevision":true,"revision":"ssrblogca662-00049-jak","maxInstanceRequestConcurrency":80,"availableCpu":"1"},"state":"ACTIVE","labels":{"deployment-tool":"cli-firebase","firebase-functions-codebase":"firebase-frameworks-blog-ca662","firebase-functions-hash":"1b42201b5372afe494ff349e0d6b8d26a576f473"},"environment":"GEN_2","url":"https://us-central1-blog-ca662.cloudfunctions.net/ssrblogca662","satisfiesPzi":true},"stages":[{"name":"SERVICE","state":"NOT_STARTED"}],"operationType":"UPDATE_FUNCTION"},"done":true,"error":{"code":3,"message":"Build failed with status: FAILURE and message: npm warn ERESOLVE overriding peer dependency\nnpm warn While resolving: @sanity/insert-menu@1.1.13\nnpm warn Found: react-is@18.2.0\nnpm warn node_modules/react-is\nnpm warn   peer react-is@\"^18\" from @sanity/ui@1.9.3\nnpm warn   node_modules/@sanity/code-input/node_modules/@sanity/ui\nnpm warn     @sanity/ui@\"^1.0.0\" from @sanity/code-input@4.1.4\nnpm warn     node_modules/@sanity/code-input\nnpm warn   3 more (@sanity/ui, sanity, @sanity/ui)\nnpm warn\nnpm warn Could not resolve dependency:\nnpm warn peer react-is@\"^18.3 || >=19.0.0-rc\" from @sanity/insert-menu@1.1.13\nnpm warn node_modules/@sanity/insert-menu\nnpm warn   @sanity/insert-menu@\"^1.1.12\" from sanity@3.99.0\nnpm warn   node_modules/sanity\nnpm warn\nnpm warn Conflicting peer dependency: react-is@19.2.3\nnpm warn node_modules/react-is\nnpm warn   peer react-is@\"^18.3 || >=19.0.0-rc\" from @sanity/insert-menu@1.1.13\nnpm warn   node_modules/@sanity/insert-menu\nnpm warn     @sanity/insert-menu@\"^1.1.12\" from sanity@3.99.0\nnpm warn     node_modules/sanity\nnpm warn ERESOLVE overriding peer dependency\nnpm warn While resolving: @sanity/preview-url-secret@2.1.16\nnpm warn Found: @sanity/client@6.29.1\nnpm warn node_modules/@sanity/client\nnpm warn   @sanity/client@\"^6.29.1\" from the root project\nnpm warn   7 more (@sanity/export, @sanity/types, @sanity/util, ...)\nnpm warn\nnpm warn Could not resolve dependency:\nnpm warn peer @sanity/client@\"^7.12.0\" from @sanity/preview-url-secret@2.1.16\nnpm warn node_modules/@sanity/preview-url-secret\nnpm warn   @sanity/preview-url-secret@\"^2.1.11\" from sanity@3.99.0\nnpm warn\nnpm warn Conflicting peer dependency: @sanity/client@7.14.0\nnpm warn node_modules/@sanity/client\nnpm warn   peer @sanity/client@\"^7.12.0\" from @sanity/preview-url-secret@2.1.16\nnpm warn   node_modules/@sanity/preview-url-secret\nnpm warn     @sanity/preview-url-secret@\"^2.1.11\" from sanity@3.99.0\nnpm warn ERESOLVE overriding peer dependency\nnpm warn While resolving: @sanity/visual-editing-types@1.1.8\nnpm warn Found: @sanity/client@6.29.1\nnpm warn node_modules/@sanity/client\nnpm warn   @sanity/client@\"^6.29.1\" from the root project\nnpm warn   7 more (@sanity/export, @sanity/types, @sanity/util, ...)\nnpm warn\nnpm warn Could not resolve dependency:\nnpm warn peer @sanity/client@\"^7.11.2\" from @sanity/visual-editing-types@1.1.8\nnpm warn node_modules/@sanity/visual-editing-types\nnpm warn   @sanity/visual-editing-types@\"^1.1.6\" from @sanity/presentation-comlink@1.0.33\nnpm warn   node_modules/@sanity/presentation-comlink\nnpm warn\nnpm warn Conflicting peer dependency: @sanity/client@7.14.0\nnpm warn node_modules/@sanity/client\nnpm warn   peer @sanity/client@\"^7.11.2\" from @sanity/visual-editing-types@1.1.8\nnpm warn   node_modules/@sanity/visual-editing-types\nnpm warn     @sanity/visual-editing-types@\"^1.1.6\" from @sanity/presentation-comlink@1.0.33\nnpm warn     node_modules/@sanity/presentation-comlink\nnpm error code ERESOLVE\nnpm error ERESOLVE could not resolve\nnpm error\nnpm error While resolving: next-sanity@7.0.12\nnpm error Found: next@15.5.9\nnpm error node_modules/next\nnpm error   next@\"^15.1.6\" from the root project\nnpm error   peer next@\"^8.1.1-canary.54 || >=9.0.0\" from next-seo@6.8.0\nnpm error   node_modules/next-seo\nnpm error     next-seo@\"^6.4.0\" from the root project\nnpm error   2 more (next-sitemap, next-themes)\nnpm error\nnpm error Could not resolve dependency:\nnpm error peer next@\"^14.1\" from next-sanity@7.0.12\nnpm error node_modules/next-sanity\nnpm error   next-sanity@\"^7.0.12\" from the root project\nnpm error\nnpm error Conflicting peer dependency: next@14.2.35\nnpm error node_modules/next\nnpm error   peer next@\"^14.1\" from next-sanity@7.0.12\nnpm error   node_modules/next-sanity\nnpm error     next-sanity@\"^7.0.12\" from the root project\nnpm error\nnpm error Fix the upstream dependency conflict, or retry\nnpm error this command with --force or --legacy-peer-deps\nnpm error to accept an incorrect (and potentially broken) dependency resolution.\nnpm error\nnpm error\nnpm error For a full report see:\nnpm error /www-data-home/.npm/_logs/2026-01-08T21_35_37_054Z-eresolve-report.txt\nnpm error A complete log of this run can be found in: /www-data-home/.npm/_logs/2026-01-08T21_35_37_054Z-debug-0.log. For more details see the logs at https://console.cloud.google.com/cloud-build/builds;region=us-central1/b1558936-282e-480a-bb0a-1d7267ed1a9d?project=284614412812."}}
[debug] [2026-01-08T21:36:13.912Z] Got source token undefined for region us-central1
[error] Build failed with status: FAILURE and message: npm warn ERESOLVE overriding peer dependency
npm warn While resolving: @sanity/insert-menu@1.1.13
npm warn Found: react-is@18.2.0
npm warn node_modules/react-is
npm warn   peer react-is@"^18" from @sanity/ui@1.9.3
npm warn   node_modules/@sanity/code-input/node_modules/@sanity/ui
npm warn     @sanity/ui@"^1.0.0" from @sanity/code-input@4.1.4
npm warn     node_modules/@sanity/code-input
npm warn   3 more (@sanity/ui, sanity, @sanity/ui)
npm warn
npm warn Could not resolve dependency:
npm warn peer react-is@"^18.3 || >=19.0.0-rc" from @sanity/insert-menu@1.1.13
npm warn node_modules/@sanity/insert-menu
npm warn   @sanity/insert-menu@"^1.1.12" from sanity@3.99.0
npm warn   node_modules/sanity
npm warn
npm warn Conflicting peer dependency: react-is@19.2.3
npm warn node_modules/react-is
npm warn   peer react-is@"^18.3 || >=19.0.0-rc" from @sanity/insert-menu@1.1.13
npm warn   node_modules/@sanity/insert-menu
npm warn     @sanity/insert-menu@"^1.1.12" from sanity@3.99.0
npm warn     node_modules/sanity
npm warn ERESOLVE overriding peer dependency
npm warn While resolving: @sanity/preview-url-secret@2.1.16
npm warn Found: @sanity/client@6.29.1
npm warn node_modules/@sanity/client
npm warn   @sanity/client@"^6.29.1" from the root project
npm warn   7 more (@sanity/export, @sanity/types, @sanity/util, ...)
npm warn
npm warn Could not resolve dependency:
npm warn peer @sanity/client@"^7.12.0" from @sanity/preview-url-secret@2.1.16
npm warn node_modules/@sanity/preview-url-secret
npm warn   @sanity/preview-url-secret@"^2.1.11" from sanity@3.99.0
npm warn
npm warn Conflicting peer dependency: @sanity/client@7.14.0
npm warn node_modules/@sanity/client
npm warn   peer @sanity/client@"^7.12.0" from @sanity/preview-url-secret@2.1.16
npm warn   node_modules/@sanity/preview-url-secret
npm warn     @sanity/preview-url-secret@"^2.1.11" from sanity@3.99.0
npm warn ERESOLVE overriding peer dependency
npm warn While resolving: @sanity/visual-editing-types@1.1.8
npm warn Found: @sanity/client@6.29.1
npm warn node_modules/@sanity/client
npm warn   @sanity/client@"^6.29.1" from the root project
npm warn   7 more (@sanity/export, @sanity/types, @sanity/util, ...)
npm warn
npm warn Could not resolve dependency:
npm warn peer @sanity/client@"^7.11.2" from @sanity/visual-editing-types@1.1.8
npm warn node_modules/@sanity/visual-editing-types
npm warn   @sanity/visual-editing-types@"^1.1.6" from @sanity/presentation-comlink@1.0.33
npm warn   node_modules/@sanity/presentation-comlink
npm warn
npm warn Conflicting peer dependency: @sanity/client@7.14.0
npm warn node_modules/@sanity/client
npm warn   peer @sanity/client@"^7.11.2" from @sanity/visual-editing-types@1.1.8
npm warn   node_modules/@sanity/visual-editing-types
npm warn     @sanity/visual-editing-types@"^1.1.6" from @sanity/presentation-comlink@1.0.33
npm warn     node_modules/@sanity/presentation-comlink
npm error code ERESOLVE
npm error ERESOLVE could not resolve
npm error
npm error While resolving: next-sanity@7.0.12
npm error Found: next@15.5.9
npm error node_modules/next
npm error   next@"^15.1.6" from the root project
npm error   peer next@"^8.1.1-canary.54 || >=9.0.0" from next-seo@6.8.0
npm error   node_modules/next-seo
npm error     next-seo@"^6.4.0" from the root project
npm error   2 more (next-sitemap, next-themes)
npm error
npm error Could not resolve dependency:
npm error peer next@"^14.1" from next-sanity@7.0.12
npm error node_modules/next-sanity
npm error   next-sanity@"^7.0.12" from the root project
npm error
npm error Conflicting peer dependency: next@14.2.35
npm error node_modules/next
npm error   peer next@"^14.1" from next-sanity@7.0.12
npm error   node_modules/next-sanity
npm error     next-sanity@"^7.0.12" from the root project
npm error
npm error Fix the upstream dependency conflict, or retry
npm error this command with --force or --legacy-peer-deps
npm error to accept an incorrect (and potentially broken) dependency resolution.
npm error
npm error
npm error For a full report see:
npm error /www-data-home/.npm/_logs/2026-01-08T21_35_37_054Z-eresolve-report.txt
npm error A complete log of this run can be found in: /www-data-home/.npm/_logs/2026-01-08T21_35_37_054Z-debug-0.log. For more details see the logs at https://console.cloud.google.com/cloud-build/builds;region=us-central1/b1558936-282e-480a-bb0a-1d7267ed1a9d?project=284614412812.
[debug] [2026-01-08T21:36:13.925Z] Total Function Deployment time: 156900
[debug] [2026-01-08T21:36:13.925Z] 1 Functions Deployed
[debug] [2026-01-08T21:36:13.925Z] 1 Functions Errored
[debug] [2026-01-08T21:36:13.925Z] 0 Function Deployments Aborted
[debug] [2026-01-08T21:36:13.925Z] Average Function Deployment time: 156899
[info] 
[info] Functions deploy had errors with the following functions:
	firebase-frameworks-blog-ca662:ssrblogca662(us-central1)
[debug] [2026-01-08T21:36:14.332Z] Not printing URL for HTTPS function. Typically this means it didn't match a filter or we failed deployment
[info] i  functions: cleaning up build files... 
[debug] [2026-01-08T21:36:14.333Z] Checked if tokens are valid: true, expires at: 1767910446517
[debug] [2026-01-08T21:36:14.333Z] Checked if tokens are valid: true, expires at: 1767910446517
[debug] [2026-01-08T21:36:14.335Z] Checked if tokens are valid: true, expires at: 1767910446517
[debug] [2026-01-08T21:36:14.335Z] Checked if tokens are valid: true, expires at: 1767910446517
[debug] [2026-01-08T21:36:14.336Z] >>> [apiv2][query] DELETE https://artifactregistry.googleapis.com/v1beta2/projects/blog-ca662/locations/us-central1/repositories/gcf-artifacts/packages/ssrblogca662 [none]
[debug] [2026-01-08T21:36:14.340Z] >>> [apiv2][query] GET https://us.gcr.io/v2/blog-ca662/gcf/us-central1/tags/list [none]
[debug] [2026-01-08T21:36:15.029Z] <<< [apiv2][status] GET https://us.gcr.io/v2/blog-ca662/gcf/us-central1/tags/list 404
[debug] [2026-01-08T21:36:15.029Z] <<< [apiv2][body] GET https://us.gcr.io/v2/blog-ca662/gcf/us-central1/tags/list {"errors":[{"code":"NAME_UNKNOWN","message":"Repository \"us.gcr.io\" not found"}]}
[debug] [2026-01-08T21:36:15.029Z] Failed docker command with error  Request to https://us.gcr.io/v2/blog-ca662/gcf/us-central1/tags/list had HTTP Error: 404, Not Found {"name":"FirebaseError","children":[],"context":{"body":{"errors":[{"code":"NAME_UNKNOWN","message":"Repository \"us.gcr.io\" not found"}],"error":{"message":"Not Found"}},"response":{"statusCode":404}},"exit":1,"message":"Request to https://us.gcr.io/v2/blog-ca662/gcf/us-central1/tags/list had HTTP Error: 404, Not Found","status":404}
[debug] [2026-01-08T21:36:15.038Z] Checked if tokens are valid: true, expires at: 1767910446517
[debug] [2026-01-08T21:36:15.038Z] Checked if tokens are valid: true, expires at: 1767910446517
[debug] [2026-01-08T21:36:15.038Z] >>> [apiv2][query] GET https://us.gcr.io/v2/blog-ca662/gcf/us-central1/tags/list [none]
[debug] [2026-01-08T21:36:15.148Z] <<< [apiv2][status] DELETE https://artifactregistry.googleapis.com/v1beta2/projects/blog-ca662/locations/us-central1/repositories/gcf-artifacts/packages/ssrblogca662 404
[debug] [2026-01-08T21:36:15.148Z] <<< [apiv2][body] DELETE https://artifactregistry.googleapis.com/v1beta2/projects/blog-ca662/locations/us-central1/repositories/gcf-artifacts/packages/ssrblogca662 {"error":{"code":404,"message":"Package \"projects/blog-ca662/locations/us-central1/repositories/gcf-artifacts/packages/ssrblogca662\" was not found.","status":"NOT_FOUND"}}
[debug] [2026-01-08T21:36:15.206Z] <<< [apiv2][status] GET https://us.gcr.io/v2/blog-ca662/gcf/us-central1/tags/list 404
[debug] [2026-01-08T21:36:15.206Z] <<< [apiv2][body] GET https://us.gcr.io/v2/blog-ca662/gcf/us-central1/tags/list {"errors":[{"code":"NAME_UNKNOWN","message":"Repository \"us.gcr.io\" not found"}]}
[debug] [2026-01-08T21:36:15.207Z] Failed docker command with error  Request to https://us.gcr.io/v2/blog-ca662/gcf/us-central1/tags/list had HTTP Error: 404, Not Found {"name":"FirebaseError","children":[],"context":{"body":{"errors":[{"code":"NAME_UNKNOWN","message":"Repository \"us.gcr.io\" not found"}],"error":{"message":"Not Found"}},"response":{"statusCode":404}},"exit":1,"message":"Request to https://us.gcr.io/v2/blog-ca662/gcf/us-central1/tags/list had HTTP Error: 404, Not Found","status":404}
[debug] [2026-01-08T21:36:15.322Z] Checked if tokens are valid: true, expires at: 1767910446517
[debug] [2026-01-08T21:36:15.322Z] Checked if tokens are valid: true, expires at: 1767910446517
[debug] [2026-01-08T21:36:15.323Z] >>> [apiv2][query] GET https://us.gcr.io/v2/blog-ca662/gcf/us-central1/tags/list [none]
[debug] [2026-01-08T21:36:16.114Z] <<< [apiv2][status] GET https://us.gcr.io/v2/blog-ca662/gcf/us-central1/tags/list 404
[debug] [2026-01-08T21:36:16.114Z] <<< [apiv2][body] GET https://us.gcr.io/v2/blog-ca662/gcf/us-central1/tags/list {"errors":[{"code":"NAME_UNKNOWN","message":"Repository \"us.gcr.io\" not found"}]}
[debug] [2026-01-08T21:36:16.114Z] Failed docker command with error  Request to https://us.gcr.io/v2/blog-ca662/gcf/us-central1/tags/list had HTTP Error: 404, Not Found {"name":"FirebaseError","children":[],"context":{"body":{"errors":[{"code":"NAME_UNKNOWN","message":"Repository \"us.gcr.io\" not found"}],"error":{"message":"Not Found"}},"response":{"statusCode":404}},"exit":1,"message":"Request to https://us.gcr.io/v2/blog-ca662/gcf/us-central1/tags/list had HTTP Error: 404, Not Found","status":404}
[warn] !  functions: Unhandled error cleaning up build images. This could result in a small monthly bill if not corrected. You can attempt to delete these images by redeploying or you can delete them manually at https://console.cloud.google.com/gcr/images/blog-ca662/us/gcf 
[debug] [2026-01-08T21:36:16.115Z] Functions deploy failed.
[debug] [2026-01-08T21:36:16.115Z] {
  "endpoint": {
    "id": "ssrblogca662",
    "project": "blog-ca662",
    "region": "us-central1",
    "entryPoint": "ssrblogca662",
    "platform": "gcfv2",
    "runtime": "nodejs20",
    "httpsTrigger": {},
    "labels": {
      "deployment-tool": "cli-firebase"
    },
    "ingressSettings": null,
    "availableMemoryMb": null,
    "serviceAccount": null,
    "timeoutSeconds": null,
    "maxInstances": null,
    "minInstances": null,
    "concurrency": 80,
    "vpc": null,
    "environmentVariables": {
      "VERCEL_URL": "blog-ca662.web.app",
      "__FIREBASE_FRAMEWORKS_ENTRY__": "next.js",
      "__FIREBASE_DEFAULTS__": "{\"config\":{\"projectId\":\"blog-ca662\",\"appId\":\"1:284614412812:web:1c1ccb42f7e0870875fc29\",\"storageBucket\":\"blog-ca662.appspot.com\",\"locationId\":\"us-central\",\"apiKey\":\"AIzaSyAvvbq7egmHbW1z6wy8N-0aNeKOUg1a0Q8\",\"authDomain\":\"blog-ca662.firebaseapp.com\",\"messagingSenderId\":\"284614412812\",\"measurementId\":\"G-R62489Y36G\",\"projectNumber\":\"284614412812\",\"version\":\"2\"},\"_authTokenSyncURL\":\"/__session\"}",
      "FIREBASE_CONFIG": "{\"projectId\":\"blog-ca662\",\"storageBucket\":\"blog-ca662.appspot.com\",\"locationId\":\"us-central\"}",
      "GCLOUD_PROJECT": "blog-ca662",
      "EVENTARC_CLOUD_EVENT_SOURCE": "projects/blog-ca662/locations/us-central1/services/ssrblogca662"
    },
    "codebase": "firebase-frameworks-blog-ca662",
    "runServiceId": "ssrblogca662",
    "cpu": 1,
    "securityLevel": "SECURE_ALWAYS",
    "targetedByOnly": false,
    "hash": "1b42201b5372afe494ff349e0d6b8d26a576f473"
  },
  "op": "update",
  "original": {
    "name": "FirebaseError",
    "children": [],
    "exit": 1,
    "message": "Build failed with status: FAILURE and message: npm warn ERESOLVE overriding peer dependency\nnpm warn While resolving: @sanity/insert-menu@1.1.13\nnpm warn Found: react-is@18.2.0\nnpm warn node_modules/react-is\nnpm warn   peer react-is@\"^18\" from @sanity/ui@1.9.3\nnpm warn   node_modules/@sanity/code-input/node_modules/@sanity/ui\nnpm warn     @sanity/ui@\"^1.0.0\" from @sanity/code-input@4.1.4\nnpm warn     node_modules/@sanity/code-input\nnpm warn   3 more (@sanity/ui, sanity, @sanity/ui)\nnpm warn\nnpm warn Could not resolve dependency:\nnpm warn peer react-is@\"^18.3 || >=19.0.0-rc\" from @sanity/insert-menu@1.1.13\nnpm warn node_modules/@sanity/insert-menu\nnpm warn   @sanity/insert-menu@\"^1.1.12\" from sanity@3.99.0\nnpm warn   node_modules/sanity\nnpm warn\nnpm warn Conflicting peer dependency: react-is@19.2.3\nnpm warn node_modules/react-is\nnpm warn   peer react-is@\"^18.3 || >=19.0.0-rc\" from @sanity/insert-menu@1.1.13\nnpm warn   node_modules/@sanity/insert-menu\nnpm warn     @sanity/insert-menu@\"^1.1.12\" from sanity@3.99.0\nnpm warn     node_modules/sanity\nnpm warn ERESOLVE overriding peer dependency\nnpm warn While resolving: @sanity/preview-url-secret@2.1.16\nnpm warn Found: @sanity/client@6.29.1\nnpm warn node_modules/@sanity/client\nnpm warn   @sanity/client@\"^6.29.1\" from the root project\nnpm warn   7 more (@sanity/export, @sanity/types, @sanity/util, ...)\nnpm warn\nnpm warn Could not resolve dependency:\nnpm warn peer @sanity/client@\"^7.12.0\" from @sanity/preview-url-secret@2.1.16\nnpm warn node_modules/@sanity/preview-url-secret\nnpm warn   @sanity/preview-url-secret@\"^2.1.11\" from sanity@3.99.0\nnpm warn\nnpm warn Conflicting peer dependency: @sanity/client@7.14.0\nnpm warn node_modules/@sanity/client\nnpm warn   peer @sanity/client@\"^7.12.0\" from @sanity/preview-url-secret@2.1.16\nnpm warn   node_modules/@sanity/preview-url-secret\nnpm warn     @sanity/preview-url-secret@\"^2.1.11\" from sanity@3.99.0\nnpm warn ERESOLVE overriding peer dependency\nnpm warn While resolving: @sanity/visual-editing-types@1.1.8\nnpm warn Found: @sanity/client@6.29.1\nnpm warn node_modules/@sanity/client\nnpm warn   @sanity/client@\"^6.29.1\" from the root project\nnpm warn   7 more (@sanity/export, @sanity/types, @sanity/util, ...)\nnpm warn\nnpm warn Could not resolve dependency:\nnpm warn peer @sanity/client@\"^7.11.2\" from @sanity/visual-editing-types@1.1.8\nnpm warn node_modules/@sanity/visual-editing-types\nnpm warn   @sanity/visual-editing-types@\"^1.1.6\" from @sanity/presentation-comlink@1.0.33\nnpm warn   node_modules/@sanity/presentation-comlink\nnpm warn\nnpm warn Conflicting peer dependency: @sanity/client@7.14.0\nnpm warn node_modules/@sanity/client\nnpm warn   peer @sanity/client@\"^7.11.2\" from @sanity/visual-editing-types@1.1.8\nnpm warn   node_modules/@sanity/visual-editing-types\nnpm warn     @sanity/visual-editing-types@\"^1.1.6\" from @sanity/presentation-comlink@1.0.33\nnpm warn     node_modules/@sanity/presentation-comlink\nnpm error code ERESOLVE\nnpm error ERESOLVE could not resolve\nnpm error\nnpm error While resolving: next-sanity@7.0.12\nnpm error Found: next@15.5.9\nnpm error node_modules/next\nnpm error   next@\"^15.1.6\" from the root project\nnpm error   peer next@\"^8.1.1-canary.54 || >=9.0.0\" from next-seo@6.8.0\nnpm error   node_modules/next-seo\nnpm error     next-seo@\"^6.4.0\" from the root project\nnpm error   2 more (next-sitemap, next-themes)\nnpm error\nnpm error Could not resolve dependency:\nnpm error peer next@\"^14.1\" from next-sanity@7.0.12\nnpm error node_modules/next-sanity\nnpm error   next-sanity@\"^7.0.12\" from the root project\nnpm error\nnpm error Conflicting peer dependency: next@14.2.35\nnpm error node_modules/next\nnpm error   peer next@\"^14.1\" from next-sanity@7.0.12\nnpm error   node_modules/next-sanity\nnpm error     next-sanity@\"^7.0.12\" from the root project\nnpm error\nnpm error Fix the upstream dependency conflict, or retry\nnpm error this command with --force or --legacy-peer-deps\nnpm error to accept an incorrect (and potentially broken) dependency resolution.\nnpm error\nnpm error\nnpm error For a full report see:\nnpm error /www-data-home/.npm/_logs/2026-01-08T21_35_37_054Z-eresolve-report.txt\nnpm error A complete log of this run can be found in: /www-data-home/.npm/_logs/2026-01-08T21_35_37_054Z-debug-0.log. For more details see the logs at https://console.cloud.google.com/cloud-build/builds;region=us-central1/b1558936-282e-480a-bb0a-1d7267ed1a9d?project=284614412812.",
    "original": {
      "code": 3,
      "message": "Build failed with status: FAILURE and message: npm warn ERESOLVE overriding peer dependency\nnpm warn While resolving: @sanity/insert-menu@1.1.13\nnpm warn Found: react-is@18.2.0\nnpm warn node_modules/react-is\nnpm warn   peer react-is@\"^18\" from @sanity/ui@1.9.3\nnpm warn   node_modules/@sanity/code-input/node_modules/@sanity/ui\nnpm warn     @sanity/ui@\"^1.0.0\" from @sanity/code-input@4.1.4\nnpm warn     node_modules/@sanity/code-input\nnpm warn   3 more (@sanity/ui, sanity, @sanity/ui)\nnpm warn\nnpm warn Could not resolve dependency:\nnpm warn peer react-is@\"^18.3 || >=19.0.0-rc\" from @sanity/insert-menu@1.1.13\nnpm warn node_modules/@sanity/insert-menu\nnpm warn   @sanity/insert-menu@\"^1.1.12\" from sanity@3.99.0\nnpm warn   node_modules/sanity\nnpm warn\nnpm warn Conflicting peer dependency: react-is@19.2.3\nnpm warn node_modules/react-is\nnpm warn   peer react-is@\"^18.3 || >=19.0.0-rc\" from @sanity/insert-menu@1.1.13\nnpm warn   node_modules/@sanity/insert-menu\nnpm warn     @sanity/insert-menu@\"^1.1.12\" from sanity@3.99.0\nnpm warn     node_modules/sanity\nnpm warn ERESOLVE overriding peer dependency\nnpm warn While resolving: @sanity/preview-url-secret@2.1.16\nnpm warn Found: @sanity/client@6.29.1\nnpm warn node_modules/@sanity/client\nnpm warn   @sanity/client@\"^6.29.1\" from the root project\nnpm warn   7 more (@sanity/export, @sanity/types, @sanity/util, ...)\nnpm warn\nnpm warn Could not resolve dependency:\nnpm warn peer @sanity/client@\"^7.12.0\" from @sanity/preview-url-secret@2.1.16\nnpm warn node_modules/@sanity/preview-url-secret\nnpm warn   @sanity/preview-url-secret@\"^2.1.11\" from sanity@3.99.0\nnpm warn\nnpm warn Conflicting peer dependency: @sanity/client@7.14.0\nnpm warn node_modules/@sanity/client\nnpm warn   peer @sanity/client@\"^7.12.0\" from @sanity/preview-url-secret@2.1.16\nnpm warn   node_modules/@sanity/preview-url-secret\nnpm warn     @sanity/preview-url-secret@\"^2.1.11\" from sanity@3.99.0\nnpm warn ERESOLVE overriding peer dependency\nnpm warn While resolving: @sanity/visual-editing-types@1.1.8\nnpm warn Found: @sanity/client@6.29.1\nnpm warn node_modules/@sanity/client\nnpm warn   @sanity/client@\"^6.29.1\" from the root project\nnpm warn   7 more (@sanity/export, @sanity/types, @sanity/util, ...)\nnpm warn\nnpm warn Could not resolve dependency:\nnpm warn peer @sanity/client@\"^7.11.2\" from @sanity/visual-editing-types@1.1.8\nnpm warn node_modules/@sanity/visual-editing-types\nnpm warn   @sanity/visual-editing-types@\"^1.1.6\" from @sanity/presentation-comlink@1.0.33\nnpm warn   node_modules/@sanity/presentation-comlink\nnpm warn\nnpm warn Conflicting peer dependency: @sanity/client@7.14.0\nnpm warn node_modules/@sanity/client\nnpm warn   peer @sanity/client@\"^7.11.2\" from @sanity/visual-editing-types@1.1.8\nnpm warn   node_modules/@sanity/visual-editing-types\nnpm warn     @sanity/visual-editing-types@\"^1.1.6\" from @sanity/presentation-comlink@1.0.33\nnpm warn     node_modules/@sanity/presentation-comlink\nnpm error code ERESOLVE\nnpm error ERESOLVE could not resolve\nnpm error\nnpm error While resolving: next-sanity@7.0.12\nnpm error Found: next@15.5.9\nnpm error node_modules/next\nnpm error   next@\"^15.1.6\" from the root project\nnpm error   peer next@\"^8.1.1-canary.54 || >=9.0.0\" from next-seo@6.8.0\nnpm error   node_modules/next-seo\nnpm error     next-seo@\"^6.4.0\" from the root project\nnpm error   2 more (next-sitemap, next-themes)\nnpm error\nnpm error Could not resolve dependency:\nnpm error peer next@\"^14.1\" from next-sanity@7.0.12\nnpm error node_modules/next-sanity\nnpm error   next-sanity@\"^7.0.12\" from the root project\nnpm error\nnpm error Conflicting peer dependency: next@14.2.35\nnpm error node_modules/next\nnpm error   peer next@\"^14.1\" from next-sanity@7.0.12\nnpm error   node_modules/next-sanity\nnpm error     next-sanity@\"^7.0.12\" from the root project\nnpm error\nnpm error Fix the upstream dependency conflict, or retry\nnpm error this command with --force or --legacy-peer-deps\nnpm error to accept an incorrect (and potentially broken) dependency resolution.\nnpm error\nnpm error\nnpm error For a full report see:\nnpm error /www-data-home/.npm/_logs/2026-01-08T21_35_37_054Z-eresolve-report.txt\nnpm error A complete log of this run can be found in: /www-data-home/.npm/_logs/2026-01-08T21_35_37_054Z-debug-0.log. For more details see the logs at https://console.cloud.google.com/cloud-build/builds;region=us-central1/b1558936-282e-480a-bb0a-1d7267ed1a9d?project=284614412812."
    },
    "status": 3,
    "code": 3
  }
}
[debug] [2026-01-08T21:36:16.211Z] Error: Failed to update function ssrblogca662 in region us-central1
    at C:\Users\rodri\AppData\Roaming\npm\node_modules\firebase-tools\lib\deploy\functions\release\fabricator.js:399:19
    at process.processTicksAndRejections (node:internal/process/task_queues:95:5)
    at async Fabricator.updateV2Function (C:\Users\rodri\AppData\Roaming\npm\node_modules\firebase-tools\lib\deploy\functions\release\fabricator.js:388:32)
    at async Fabricator.updateEndpoint (C:\Users\rodri\AppData\Roaming\npm\node_modules\firebase-tools\lib\deploy\functions\release\fabricator.js:155:13)
    at async handle (C:\Users\rodri\AppData\Roaming\npm\node_modules\firebase-tools\lib\deploy\functions\release\fabricator.js:89:17)
[error] 
[error] Error: There was an error deploying functions
[debug] [2026-01-08T21:37:15.900Z] ----------------------------------------------------------------------
[debug] [2026-01-08T21:37:15.903Z] Command:       C:\nvm4w\nodejs\node.exe C:\Users\rodri\AppData\Roaming\npm\node_modules\firebase-tools\lib\bin\firebase.js deploy
[debug] [2026-01-08T21:37:15.904Z] CLI Version:   13.34.0
[debug] [2026-01-08T21:37:15.904Z] Platform:      win32
[debug] [2026-01-08T21:37:15.904Z] Node Version:  v20.12.2
[debug] [2026-01-08T21:37:15.904Z] Time:          Thu Jan 08 2026 15:37:15 GMT-0600 (hora estándar central)
[debug] [2026-01-08T21:37:15.904Z] ----------------------------------------------------------------------
[debug] 
[debug] [2026-01-08T21:37:16.173Z] > command requires scopes: ["email","openid","https://www.googleapis.com/auth/cloudplatformprojects.readonly","https://www.googleapis.com/auth/firebase","https://www.googleapis.com/auth/cloud-platform"]
[debug] [2026-01-08T21:37:16.174Z] > authorizing via signed-in user (revelacionesdecaroweb@gmail.com)
[debug] [2026-01-08T21:37:16.174Z] [iam] checking project blog-ca662 for permissions ["datastore.indexes.create","datastore.indexes.delete","datastore.indexes.list","datastore.indexes.update","firebase.projects.get","firebasehosting.sites.update","firebaserules.releases.create","firebaserules.releases.update","firebaserules.rulesets.create"]
[debug] [2026-01-08T21:37:16.176Z] Checked if tokens are valid: true, expires at: 1767910446517
[debug] [2026-01-08T21:37:16.176Z] Checked if tokens are valid: true, expires at: 1767910446517
[debug] [2026-01-08T21:37:16.177Z] >>> [apiv2][query] POST https://cloudresourcemanager.googleapis.com/v1/projects/blog-ca662:testIamPermissions [none]
[debug] [2026-01-08T21:37:16.177Z] >>> [apiv2][(partial)header] POST https://cloudresourcemanager.googleapis.com/v1/projects/blog-ca662:testIamPermissions x-goog-quota-user=projects/blog-ca662
[debug] [2026-01-08T21:37:16.177Z] >>> [apiv2][body] POST https://cloudresourcemanager.googleapis.com/v1/projects/blog-ca662:testIamPermissions {"permissions":["datastore.indexes.create","datastore.indexes.delete","datastore.indexes.list","datastore.indexes.update","firebase.projects.get","firebasehosting.sites.update","firebaserules.releases.create","firebaserules.releases.update","firebaserules.rulesets.create"]}
[debug] [2026-01-08T21:37:16.611Z] <<< [apiv2][status] POST https://cloudresourcemanager.googleapis.com/v1/projects/blog-ca662:testIamPermissions 200
[debug] [2026-01-08T21:37:16.612Z] <<< [apiv2][body] POST https://cloudresourcemanager.googleapis.com/v1/projects/blog-ca662:testIamPermissions {"permissions":["datastore.indexes.create","datastore.indexes.delete","datastore.indexes.list","datastore.indexes.update","firebase.projects.get","firebasehosting.sites.update","firebaserules.releases.create","firebaserules.releases.update","firebaserules.rulesets.create"]}
[debug] [2026-01-08T21:37:16.612Z] Checked if tokens are valid: true, expires at: 1767910446517
[debug] [2026-01-08T21:37:16.613Z] Checked if tokens are valid: true, expires at: 1767910446517
[debug] [2026-01-08T21:37:16.613Z] >>> [apiv2][query] GET https://firebase.googleapis.com/v1beta1/projects/blog-ca662 [none]
[debug] [2026-01-08T21:37:17.071Z] <<< [apiv2][status] GET https://firebase.googleapis.com/v1beta1/projects/blog-ca662 200
[debug] [2026-01-08T21:37:17.071Z] <<< [apiv2][body] GET https://firebase.googleapis.com/v1beta1/projects/blog-ca662 {"projectId":"blog-ca662","projectNumber":"284614412812","displayName":"blog","name":"projects/blog-ca662","resources":{"hostingSite":"blog-ca662","locationId":"us-central"},"state":"ACTIVE","etag":"1_8fee3b47-4e60-4f8b-bf6a-c3efe9b505a6"}
[debug] [2026-01-08T21:37:23.298Z] Checked if tokens are valid: true, expires at: 1767910446517
[debug] [2026-01-08T21:37:23.298Z] Checked if tokens are valid: true, expires at: 1767910446517
[debug] [2026-01-08T21:37:23.299Z] >>> [apiv2][query] GET https://firebasehosting.googleapis.com/v1beta1/projects/blog-ca662/sites pageToken=&pageSize=10
[debug] [2026-01-08T21:37:23.943Z] <<< [apiv2][status] GET https://firebasehosting.googleapis.com/v1beta1/projects/blog-ca662/sites 200
[debug] [2026-01-08T21:37:23.943Z] <<< [apiv2][body] GET https://firebasehosting.googleapis.com/v1beta1/projects/blog-ca662/sites {"sites":[{"name":"projects/blog-ca662/sites/blog-ca662","defaultUrl":"https://blog-ca662.web.app","appId":"1:284614412812:web:1c1ccb42f7e0870875fc29","type":"DEFAULT_SITE"}]}
[debug] [2026-01-08T21:37:23.944Z] Checked if tokens are valid: true, expires at: 1767910446517
[debug] [2026-01-08T21:37:23.944Z] Checked if tokens are valid: true, expires at: 1767910446517
[debug] [2026-01-08T21:37:23.944Z] >>> [apiv2][query] GET https://firebase.googleapis.com/v1beta1/projects/-/webApps/1:284614412812:web:1c1ccb42f7e0870875fc29/config [none]
[debug] [2026-01-08T21:37:24.491Z] <<< [apiv2][status] GET https://firebase.googleapis.com/v1beta1/projects/-/webApps/1:284614412812:web:1c1ccb42f7e0870875fc29/config 200
[debug] [2026-01-08T21:37:24.491Z] <<< [apiv2][body] GET https://firebase.googleapis.com/v1beta1/projects/-/webApps/1:284614412812:web:1c1ccb42f7e0870875fc29/config {"projectId":"blog-ca662","appId":"1:284614412812:web:1c1ccb42f7e0870875fc29","storageBucket":"blog-ca662.appspot.com","locationId":"us-central","apiKey":"AIzaSyAvvbq7egmHbW1z6wy8N-0aNeKOUg1a0Q8","authDomain":"blog-ca662.firebaseapp.com","messagingSenderId":"284614412812","measurementId":"G-R62489Y36G","projectNumber":"284614412812","version":"2"}
[info] 
   Thank you for trying our early preview of Next.js support on Firebase Hosting.
   During the preview, support is best-effort and breaking changes can be expected. Proceed with caution.
   The integration is known to work with Next.js version 12 - 15.0. You may encounter errors.

   Documentation: https://firebase.google.com/docs/hosting/frameworks/nextjs
   File a bug: https://github.com/firebase/firebase-tools/issues/new?template=bug_report.md
   Submit a feature request: https://github.com/firebase/firebase-tools/issues/new?template=feature_request.md

   We'd love to learn from you. Express your interest in helping us shape the future of Firebase Hosting: https://goo.gle/41enW5X

[debug] [2026-01-08T21:37:37.216Z] Checked if tokens are valid: true, expires at: 1767910446517
[debug] [2026-01-08T21:37:37.216Z] Checked if tokens are valid: true, expires at: 1767910446517
[debug] [2026-01-08T21:37:37.216Z] >>> [apiv2][query] GET https://firebasehosting.googleapis.com/v1beta1/projects/blog-ca662/sites/blog-ca662 [none]
[debug] [2026-01-08T21:37:37.739Z] <<< [apiv2][status] GET https://firebasehosting.googleapis.com/v1beta1/projects/blog-ca662/sites/blog-ca662 200
[debug] [2026-01-08T21:37:37.740Z] <<< [apiv2][body] GET https://firebasehosting.googleapis.com/v1beta1/projects/blog-ca662/sites/blog-ca662 {"name":"projects/blog-ca662/sites/blog-ca662","defaultUrl":"https://blog-ca662.web.app","appId":"1:284614412812:web:1c1ccb42f7e0870875fc29","type":"DEFAULT_SITE"}
[info] ⚠ `images.domains` is deprecated in favor of `images.remotePatterns`. Please update next.config.js to protect your application from malicious users.

[info] ▲ Next.js 16.1.1 (Turbopack)

[info] 

[info]   Creating an optimized production build ...

[info] ✓ Compiled successfully in 77s

[info]   Running TypeScript ...

[info]   Collecting page data using 3 workers ...

[info] The Sanity Project ID is not set. Check your environment variables.

[info] The Sanity Project ID is not set. Check your environment variables.

[info] The Sanity Project ID is not set. Check your environment variables.

[info] The Sanity Project ID is not set. Check your environment variables.

[info] ⚠ Using edge runtime on a page currently disables static generation for that page

[info]   Generating static pages using 3 workers (0/7) ...

[info]   Generating static pages using 3 workers (1/7) 

[info]   Generating static pages using 3 workers (3/7) 

[info]   Generating static pages using 3 workers (5/7) 
✓ Generating static pages using 3 workers (7/7) in 564.1ms
  Finalizing page optimization ...

[info] 

[info] Route (app)
┌ ○ /
├ ○ /_not-found
├ ƒ /api/hello
├ ƒ /archive
├ ○ /contacto
├ ƒ /post/[slug]
├ ○ /sobremi
└ ○ /studio/[[...index]]


○  (Static)   prerendered as static content
ƒ  (Dynamic)  server-rendered on demand


[info] Building a Cloud Function to run this application. This is needed due to:
[info]  • use of fallback /studio/[[...index]]
[info]  • non-static component /(website)/post/[slug]/page
[info]  • non-static component /api/hello/route
[info] 
[debug] [2026-01-08T21:39:39.149Z] Checked if tokens are valid: true, expires at: 1767910446517
[debug] [2026-01-08T21:39:39.149Z] Checked if tokens are valid: true, expires at: 1767910446517
[debug] [2026-01-08T21:39:39.149Z] >>> [apiv2][query] GET https://firebasehosting.googleapis.com/v1beta1/projects/blog-ca662/sites/blog-ca662 [none]
[debug] [2026-01-08T21:39:39.714Z] <<< [apiv2][status] GET https://firebasehosting.googleapis.com/v1beta1/projects/blog-ca662/sites/blog-ca662 200
[debug] [2026-01-08T21:39:39.715Z] <<< [apiv2][body] GET https://firebasehosting.googleapis.com/v1beta1/projects/blog-ca662/sites/blog-ca662 {"name":"projects/blog-ca662/sites/blog-ca662","defaultUrl":"https://blog-ca662.web.app","appId":"1:284614412812:web:1c1ccb42f7e0870875fc29","type":"DEFAULT_SITE"}
[debug] [2026-01-08T21:40:25.027Z] [web frameworks] effective firebase.json:  {
  "hosting": [
    {
      "source": ".",
      "ignore": [
        "firebase.json",
        "**/.*",
        "**/node_modules/**"
      ],
      "frameworksBackend": {
        "region": "us-central1"
      },
      "site": "blog-ca662",
      "rewrites": [
        {
          "source": "**",
          "function": {
            "functionId": "ssrblogca662",
            "region": "us-central1",
            "pinTag": true
          }
        }
      ],
      "redirects": [],
      "headers": [
        {
          "source": "/_global-error",
          "headers": [
            {
              "key": "x-nextjs-stale-time",
              "value": "300"
            },
            {
              "key": "x-nextjs-prerender",
              "value": "1"
            },
            {
              "key": "x-next-cache-tags",
              "value": "_N_T_/layout,_N_T_/_global-error/layout,_N_T_/_global-error/page,_N_T_/_global-error"
            }
          ]
        },
        {
          "source": "/_not-found",
          "headers": [
            {
              "key": "x-nextjs-stale-time",
              "value": "300"
            },
            {
              "key": "x-nextjs-prerender",
              "value": "1"
            },
            {
              "key": "x-next-cache-tags",
              "value": "_N_T_/layout,_N_T_/_not-found/layout,_N_T_/_not-found/page,_N_T_/_not-found"
            }
          ]
        },
        {
          "source": "/favicon.ico",
          "headers": [
            {
              "key": "cache-control",
              "value": "public, max-age=0, must-revalidate"
            },
            {
              "key": "content-type",
              "value": "image/x-icon"
            },
            {
              "key": "x-next-cache-tags",
              "value": "_N_T_/layout,_N_T_/favicon.ico/layout,_N_T_/favicon.ico/route,_N_T_/favicon.ico"
            }
          ]
        },
        {
          "source": "**/*.[jt]s",
          "headers": [
            {
              "key": "Set-Cookie",
              "value": "__FIREBASE_DEFAULTS__=eyJjb25maWciOnsicHJvamVjdElkIjoiYmxvZy1jYTY2MiIsImFwcElkIjoiMToyODQ2MTQ0MTI4MTI6d2ViOjFjMWNjYjQyZjdlMDg3MDg3NWZjMjkiLCJzdG9yYWdlQnVja2V0IjoiYmxvZy1jYTY2Mi5hcHBzcG90LmNvbSIsImxvY2F0aW9uSWQiOiJ1cy1jZW50cmFsIiwiYXBpS2V5IjoiQUl6YVN5QXZ2YnE3ZWdtSGJXMXo2d3k4Ti0wYU5lS09VZzFhMFE4IiwiYXV0aERvbWFpbiI6ImJsb2ctY2E2NjIuZmlyZWJhc2VhcHAuY29tIiwibWVzc2FnaW5nU2VuZGVySWQiOiIyODQ2MTQ0MTI4MTIiLCJtZWFzdXJlbWVudElkIjoiRy1SNjI0ODlZMzZHIiwicHJvamVjdE51bWJlciI6IjI4NDYxNDQxMjgxMiIsInZlcnNpb24iOiIyIn0sIl9hdXRoVG9rZW5TeW5jVVJMIjoiL19fc2Vzc2lvbiJ9; SameSite=Strict; Expires=2027-12-04T08:20:25.027Z; Path=/;"
            }
          ]
        }
      ],
      "cleanUrls": true,
      "trailingSlash": false,
      "public": ".firebase\\blog-ca662\\hosting",
      "webFramework": "next_ssr"
    }
  ],
  "functions": [
    {
      "source": ".firebase\\blog-ca662\\functions",
      "codebase": "firebase-frameworks-blog-ca662"
    }
  ]
}
[debug] [2026-01-08T21:40:25.028Z] > command requires scopes: ["email","openid","https://www.googleapis.com/auth/cloudplatformprojects.readonly","https://www.googleapis.com/auth/firebase","https://www.googleapis.com/auth/cloud-platform"]
[debug] [2026-01-08T21:40:25.028Z] > authorizing via signed-in user (revelacionesdecaroweb@gmail.com)
[debug] [2026-01-08T21:40:25.029Z] [iam] checking project blog-ca662 for permissions ["cloudfunctions.functions.create","cloudfunctions.functions.delete","cloudfunctions.functions.get","cloudfunctions.functions.list","cloudfunctions.functions.update","cloudfunctions.operations.get","firebase.projects.get"]
[debug] [2026-01-08T21:40:25.029Z] Checked if tokens are valid: true, expires at: 1767910446517
[debug] [2026-01-08T21:40:25.029Z] Checked if tokens are valid: true, expires at: 1767910446517
[debug] [2026-01-08T21:40:25.029Z] >>> [apiv2][query] POST https://cloudresourcemanager.googleapis.com/v1/projects/blog-ca662:testIamPermissions [none]
[debug] [2026-01-08T21:40:25.029Z] >>> [apiv2][(partial)header] POST https://cloudresourcemanager.googleapis.com/v1/projects/blog-ca662:testIamPermissions x-goog-quota-user=projects/blog-ca662
[debug] [2026-01-08T21:40:25.029Z] >>> [apiv2][body] POST https://cloudresourcemanager.googleapis.com/v1/projects/blog-ca662:testIamPermissions {"permissions":["cloudfunctions.functions.create","cloudfunctions.functions.delete","cloudfunctions.functions.get","cloudfunctions.functions.list","cloudfunctions.functions.update","cloudfunctions.operations.get","firebase.projects.get"]}
[debug] [2026-01-08T21:40:25.306Z] <<< [apiv2][status] POST https://cloudresourcemanager.googleapis.com/v1/projects/blog-ca662:testIamPermissions 200
[debug] [2026-01-08T21:40:25.306Z] <<< [apiv2][body] POST https://cloudresourcemanager.googleapis.com/v1/projects/blog-ca662:testIamPermissions {"permissions":["cloudfunctions.functions.create","cloudfunctions.functions.delete","cloudfunctions.functions.get","cloudfunctions.functions.list","cloudfunctions.functions.update","cloudfunctions.operations.get","firebase.projects.get"]}
[info] 
[info] === Deploying to 'blog-ca662'...
[info] 
[info] i  deploying functions, storage, firestore, hosting 
[debug] [2026-01-08T21:40:25.310Z] Checked if tokens are valid: true, expires at: 1767910446517
[debug] [2026-01-08T21:40:25.310Z] Checked if tokens are valid: true, expires at: 1767910446517
[debug] [2026-01-08T21:40:25.310Z] >>> [apiv2][query] GET https://cloudresourcemanager.googleapis.com/v1/projects/blog-ca662 [none]
[debug] [2026-01-08T21:40:25.496Z] <<< [apiv2][status] GET https://cloudresourcemanager.googleapis.com/v1/projects/blog-ca662 200
[debug] [2026-01-08T21:40:25.497Z] <<< [apiv2][body] GET https://cloudresourcemanager.googleapis.com/v1/projects/blog-ca662 {"projectNumber":"284614412812","projectId":"blog-ca662","lifecycleState":"ACTIVE","name":"blog","labels":{"firebase":"enabled"},"createTime":"2023-10-30T19:50:24.822180Z"}
[info] i  functions: preparing codebase firebase-frameworks-blog-ca662 for deployment 
[info] i  functions: ensuring required API cloudfunctions.googleapis.com is enabled... 
[debug] [2026-01-08T21:40:25.498Z] Checked if tokens are valid: true, expires at: 1767910446517
[debug] [2026-01-08T21:40:25.498Z] Checked if tokens are valid: true, expires at: 1767910446517
[debug] [2026-01-08T21:40:25.499Z] Checked if tokens are valid: true, expires at: 1767910446517
[debug] [2026-01-08T21:40:25.499Z] Checked if tokens are valid: true, expires at: 1767910446517
[info] i  functions: ensuring required API cloudbuild.googleapis.com is enabled... 
[debug] [2026-01-08T21:40:25.499Z] Checked if tokens are valid: true, expires at: 1767910446517
[debug] [2026-01-08T21:40:25.499Z] Checked if tokens are valid: true, expires at: 1767910446517
[info] i  artifactregistry: ensuring required API artifactregistry.googleapis.com is enabled... 
[debug] [2026-01-08T21:40:25.500Z] Checked if tokens are valid: true, expires at: 1767910446517
[debug] [2026-01-08T21:40:25.500Z] Checked if tokens are valid: true, expires at: 1767910446517
[debug] [2026-01-08T21:40:25.500Z] >>> [apiv2][query] GET https://serviceusage.googleapis.com/v1/projects/blog-ca662/services/cloudfunctions.googleapis.com [none]
[debug] [2026-01-08T21:40:25.500Z] >>> [apiv2][(partial)header] GET https://serviceusage.googleapis.com/v1/projects/blog-ca662/services/cloudfunctions.googleapis.com x-goog-quota-user=projects/blog-ca662
[debug] [2026-01-08T21:40:25.502Z] >>> [apiv2][query] GET https://serviceusage.googleapis.com/v1/projects/blog-ca662/services/runtimeconfig.googleapis.com [none]
[debug] [2026-01-08T21:40:25.502Z] >>> [apiv2][(partial)header] GET https://serviceusage.googleapis.com/v1/projects/blog-ca662/services/runtimeconfig.googleapis.com x-goog-quota-user=projects/blog-ca662
[debug] [2026-01-08T21:40:25.503Z] >>> [apiv2][query] GET https://serviceusage.googleapis.com/v1/projects/blog-ca662/services/cloudbuild.googleapis.com [none]
[debug] [2026-01-08T21:40:25.504Z] >>> [apiv2][(partial)header] GET https://serviceusage.googleapis.com/v1/projects/blog-ca662/services/cloudbuild.googleapis.com x-goog-quota-user=projects/blog-ca662
[debug] [2026-01-08T21:40:25.505Z] >>> [apiv2][query] GET https://serviceusage.googleapis.com/v1/projects/blog-ca662/services/artifactregistry.googleapis.com [none]
[debug] [2026-01-08T21:40:25.505Z] >>> [apiv2][(partial)header] GET https://serviceusage.googleapis.com/v1/projects/blog-ca662/services/artifactregistry.googleapis.com x-goog-quota-user=projects/blog-ca662
[debug] [2026-01-08T21:40:26.215Z] <<< [apiv2][status] GET https://serviceusage.googleapis.com/v1/projects/blog-ca662/services/runtimeconfig.googleapis.com 200
[debug] [2026-01-08T21:40:26.215Z] <<< [apiv2][body] GET https://serviceusage.googleapis.com/v1/projects/blog-ca662/services/runtimeconfig.googleapis.com [omitted]
[debug] [2026-01-08T21:40:26.223Z] <<< [apiv2][status] GET https://serviceusage.googleapis.com/v1/projects/blog-ca662/services/cloudfunctions.googleapis.com 200
[debug] [2026-01-08T21:40:26.223Z] <<< [apiv2][body] GET https://serviceusage.googleapis.com/v1/projects/blog-ca662/services/cloudfunctions.googleapis.com [omitted]
[info] +  functions: required API cloudfunctions.googleapis.com is enabled 
[debug] [2026-01-08T21:40:26.225Z] <<< [apiv2][status] GET https://serviceusage.googleapis.com/v1/projects/blog-ca662/services/cloudbuild.googleapis.com 200
[debug] [2026-01-08T21:40:26.225Z] <<< [apiv2][body] GET https://serviceusage.googleapis.com/v1/projects/blog-ca662/services/cloudbuild.googleapis.com [omitted]
[info] +  functions: required API cloudbuild.googleapis.com is enabled 
[debug] [2026-01-08T21:40:26.228Z] <<< [apiv2][status] GET https://serviceusage.googleapis.com/v1/projects/blog-ca662/services/artifactregistry.googleapis.com 200
[debug] [2026-01-08T21:40:26.228Z] <<< [apiv2][body] GET https://serviceusage.googleapis.com/v1/projects/blog-ca662/services/artifactregistry.googleapis.com [omitted]
[info] +  artifactregistry: required API artifactregistry.googleapis.com is enabled 
[debug] [2026-01-08T21:40:26.229Z] Checked if tokens are valid: true, expires at: 1767910446517
[debug] [2026-01-08T21:40:26.229Z] Checked if tokens are valid: true, expires at: 1767910446517
[debug] [2026-01-08T21:40:26.229Z] >>> [apiv2][query] GET https://firebase.googleapis.com/v1beta1/projects/blog-ca662/adminSdkConfig [none]
[debug] [2026-01-08T21:40:26.736Z] <<< [apiv2][status] GET https://firebase.googleapis.com/v1beta1/projects/blog-ca662/adminSdkConfig 200
[debug] [2026-01-08T21:40:26.736Z] <<< [apiv2][body] GET https://firebase.googleapis.com/v1beta1/projects/blog-ca662/adminSdkConfig {"projectId":"blog-ca662","storageBucket":"blog-ca662.appspot.com","locationId":"us-central"}
[debug] [2026-01-08T21:40:26.736Z] Checked if tokens are valid: true, expires at: 1767910446517
[debug] [2026-01-08T21:40:26.737Z] Checked if tokens are valid: true, expires at: 1767910446517
[debug] [2026-01-08T21:40:26.737Z] >>> [apiv2][query] GET https://runtimeconfig.googleapis.com/v1beta1/projects/blog-ca662/configs [none]
[debug] [2026-01-08T21:40:27.356Z] <<< [apiv2][status] GET https://runtimeconfig.googleapis.com/v1beta1/projects/blog-ca662/configs 200
[debug] [2026-01-08T21:40:27.356Z] <<< [apiv2][body] GET https://runtimeconfig.googleapis.com/v1beta1/projects/blog-ca662/configs {}
[debug] [2026-01-08T21:40:27.359Z] Validating nodejs source
[warn] !  functions: package.json indicates an outdated version of firebase-functions. Please upgrade using npm install --save firebase-functions@latest in your functions directory. 
[warn] !  functions: Please note that there will be breaking changes when you upgrade. 
[debug] [2026-01-08T21:40:28.641Z] > [functions] package.json contents: {
  "name": "stablo-free",
  "version": "3.0.0",
  "private": true,
  "engines": {
    "node": "20"
  },
  "dependencies": {
    "@headlessui/react": "^1.7.18",
    "@heroicons/react": "^2.1.1",
    "@portabletext/react": "^3.0.11",
    "@sanity/client": "^6.29.1",
    "@sanity/code-input": "^4.1.2",
    "@sanity/icons": "^2.8.0",
    "@sanity/image-url": "^1.0.2",
    "@sanity/table": "^1.1.2",
    "@sanity/types": "^3.26.0",
    "@sanity/ui": "^2.0.1",
    "@sanity/vision": "^3.26.0",
    "@tailwindcss/typography": "^0.5.10",
    "@vercel/og": "^0.6.2",
    "@web3forms/react": "^1.1.3",
    "clsx": "^2.1.0",
    "date-fns": "^3.3.1",
    "emailjs-com": "^3.2.0",
    "firebase": "^10.12.4",
    "get-video-id": "^3.6.5",
    "lucide-react": "^0.395.0",
    "next": "^15.1.6",
    "next-sanity": "^7.0.12",
    "next-seo": "^6.4.0",
    "next-sitemap": "^4.2.3",
    "next-themes": "^0.2.1",
    "react": "^18.2.0",
    "react-dom": "^18.2.0",
    "react-hook-form": "^7.49.3",
    "react-iframe": "^1.8.5",
    "react-refractor": "^2.1.7",
    "sanity": "^3.26.0",
    "sanity-plugin-asset-source-unsplash": "^1.1.2",
    "styled-components": "^6.1.8",
    "swr": "^2.2.4",
    "typescript": "^5.3.3",
    "firebase-frameworks": "^0.11.0",
    "firebase-functions": "^6.0.1",
    "firebase-admin": "^11.11.1"
  },
  "main": "server.js"
}
[debug] [2026-01-08T21:40:28.641Z] Building nodejs source
[info] i  functions: Loading and analyzing source code for codebase firebase-frameworks-blog-ca662 to determine what to deploy 
[debug] [2026-01-08T21:40:28.642Z] Could not find functions.yaml. Must use http discovery
[debug] [2026-01-08T21:40:28.657Z] Found firebase-functions binary at 'E:\Rodri\proyectos\revelacionesdecaro-rediseño-nextsj\.firebase\blog-ca662\functions\node_modules\.bin\firebase-functions'
[info] Serving at port 8701

[debug] [2026-01-08T21:40:29.881Z] Got response from /__/functions.yaml {"endpoints":{"ssrblogca662":{"availableMemoryMb":null,"timeoutSeconds":null,"minInstances":null,"maxInstances":null,"ingressSettings":null,"concurrency":null,"serviceAccountEmail":null,"vpc":null,"platform":"gcfv2","region":["us-central1"],"labels":{},"httpsTrigger":{},"entryPoint":"ssrblogca662"}},"specVersion":"v1alpha1","requiredAPIs":[],"extensions":{}}
[info] i  extensions: ensuring required API firebaseextensions.googleapis.com is enabled... 
[debug] [2026-01-08T21:40:34.924Z] Checked if tokens are valid: true, expires at: 1767910446517
[debug] [2026-01-08T21:40:34.924Z] Checked if tokens are valid: true, expires at: 1767910446517
[debug] [2026-01-08T21:40:34.924Z] >>> [apiv2][query] GET https://serviceusage.googleapis.com/v1/projects/blog-ca662/services/firebaseextensions.googleapis.com [none]
[debug] [2026-01-08T21:40:34.925Z] >>> [apiv2][(partial)header] GET https://serviceusage.googleapis.com/v1/projects/blog-ca662/services/firebaseextensions.googleapis.com x-goog-quota-user=projects/blog-ca662
[debug] [2026-01-08T21:40:35.436Z] <<< [apiv2][status] GET https://serviceusage.googleapis.com/v1/projects/blog-ca662/services/firebaseextensions.googleapis.com 200
[debug] [2026-01-08T21:40:35.436Z] <<< [apiv2][body] GET https://serviceusage.googleapis.com/v1/projects/blog-ca662/services/firebaseextensions.googleapis.com [omitted]
[info] +  extensions: required API firebaseextensions.googleapis.com is enabled 
[debug] [2026-01-08T21:40:35.437Z] > command requires scopes: ["email","openid","https://www.googleapis.com/auth/cloudplatformprojects.readonly","https://www.googleapis.com/auth/firebase","https://www.googleapis.com/auth/cloud-platform"]
[debug] [2026-01-08T21:40:35.437Z] > authorizing via signed-in user (revelacionesdecaroweb@gmail.com)
[debug] [2026-01-08T21:40:35.437Z] [iam] checking project blog-ca662 for permissions ["firebase.projects.get","firebaseextensions.instances.list"]
[debug] [2026-01-08T21:40:35.437Z] Checked if tokens are valid: true, expires at: 1767910446517
[debug] [2026-01-08T21:40:35.437Z] Checked if tokens are valid: true, expires at: 1767910446517
[debug] [2026-01-08T21:40:35.438Z] >>> [apiv2][query] POST https://cloudresourcemanager.googleapis.com/v1/projects/blog-ca662:testIamPermissions [none]
[debug] [2026-01-08T21:40:35.438Z] >>> [apiv2][(partial)header] POST https://cloudresourcemanager.googleapis.com/v1/projects/blog-ca662:testIamPermissions x-goog-quota-user=projects/blog-ca662
[debug] [2026-01-08T21:40:35.438Z] >>> [apiv2][body] POST https://cloudresourcemanager.googleapis.com/v1/projects/blog-ca662:testIamPermissions {"permissions":["firebase.projects.get","firebaseextensions.instances.list"]}
[debug] [2026-01-08T21:40:35.711Z] <<< [apiv2][status] POST https://cloudresourcemanager.googleapis.com/v1/projects/blog-ca662:testIamPermissions 200
[debug] [2026-01-08T21:40:35.711Z] <<< [apiv2][body] POST https://cloudresourcemanager.googleapis.com/v1/projects/blog-ca662:testIamPermissions {"permissions":["firebase.projects.get","firebaseextensions.instances.list"]}
[debug] [2026-01-08T21:40:35.711Z] Checked if tokens are valid: true, expires at: 1767910446517
[debug] [2026-01-08T21:40:35.711Z] Checked if tokens are valid: true, expires at: 1767910446517
[debug] [2026-01-08T21:40:35.712Z] >>> [apiv2][query] GET https://firebaseextensions.googleapis.com/v1beta/projects/blog-ca662/instances pageSize=100&pageToken=
[debug] [2026-01-08T21:40:36.317Z] <<< [apiv2][status] GET https://firebaseextensions.googleapis.com/v1beta/projects/blog-ca662/instances 200
[debug] [2026-01-08T21:40:36.317Z] <<< [apiv2][body] GET https://firebaseextensions.googleapis.com/v1beta/projects/blog-ca662/instances {}
[info] i  functions: Loaded environment variables from .env. 
[info] i  functions: preparing .firebase\blog-ca662\functions directory for uploading... 
[info] i  functions: packaged E:\Rodri\proyectos\revelacionesdecaro-rediseño-nextsj\.firebase\blog-ca662\functions (442.85 MB) for uploading 
[debug] [2026-01-08T21:41:32.724Z] Checked if tokens are valid: true, expires at: 1767910446517
[debug] [2026-01-08T21:41:32.725Z] Checked if tokens are valid: true, expires at: 1767910446517
[debug] [2026-01-08T21:41:32.725Z] >>> [apiv2][query] GET https://cloudfunctions.googleapis.com/v1/projects/blog-ca662/locations/-/functions [none]
[debug] [2026-01-08T21:41:33.517Z] <<< [apiv2][status] GET https://cloudfunctions.googleapis.com/v1/projects/blog-ca662/locations/-/functions 200
[debug] [2026-01-08T21:41:33.517Z] <<< [apiv2][body] GET https://cloudfunctions.googleapis.com/v1/projects/blog-ca662/locations/-/functions {}
[debug] [2026-01-08T21:41:33.517Z] Checked if tokens are valid: true, expires at: 1767910446517
[debug] [2026-01-08T21:41:33.517Z] Checked if tokens are valid: true, expires at: 1767910446517
[debug] [2026-01-08T21:41:33.518Z] >>> [apiv2][query] GET https://cloudfunctions.googleapis.com/v2/projects/blog-ca662/locations/-/functions filter=environment%3D%22GEN_2%22
[debug] [2026-01-08T21:41:34.029Z] <<< [apiv2][status] GET https://cloudfunctions.googleapis.com/v2/projects/blog-ca662/locations/-/functions 200
[debug] [2026-01-08T21:41:34.029Z] <<< [apiv2][body] GET https://cloudfunctions.googleapis.com/v2/projects/blog-ca662/locations/-/functions {"functions":[{"name":"projects/blog-ca662/locations/us-central1/functions/ssrblogca662","buildConfig":{"build":"projects/284614412812/locations/us-central1/builds/6ded7672-021d-4bc1-8368-24aea5dfaced","runtime":"nodejs18","entryPoint":"ssrblogca662","source":{"storageSource":{"bucket":"gcf-v2-sources-284614412812-us-central1","object":"ssrblogca662/function-source.zip","generation":"1736828886967681"}},"environmentVariables":{"GOOGLE_NODE_RUN_SCRIPTS":""},"dockerRepository":"projects/blog-ca662/locations/us-central1/repositories/gcf-artifacts","sourceProvenance":{"resolvedStorageSource":{"bucket":"gcf-v2-sources-284614412812-us-central1","object":"ssrblogca662/function-source.zip","generation":"1736828886967681"}},"dockerRegistry":"ARTIFACT_REGISTRY","serviceAccount":"projects/blog-ca662/serviceAccounts/284614412812-compute@developer.gserviceaccount.com","automaticUpdatePolicy":{}},"serviceConfig":{"service":"projects/blog-ca662/locations/us-central1/services/ssrblogca662","timeoutSeconds":60,"environmentVariables":{"VERCEL_URL":"blog-ca662.web.app","__FIREBASE_FRAMEWORKS_ENTRY__":"next.js","__FIREBASE_DEFAULTS__":"{\"config\":{\"projectId\":\"blog-ca662\",\"appId\":\"1:284614412812:web:1c1ccb42f7e0870875fc29\",\"storageBucket\":\"blog-ca662.appspot.com\",\"locationId\":\"us-central\",\"apiKey\":\"AIzaSyAvvbq7egmHbW1z6wy8N-0aNeKOUg1a0Q8\",\"authDomain\":\"blog-ca662.firebaseapp.com\",\"messagingSenderId\":\"284614412812\",\"measurementId\":\"G-R62489Y36G\"},\"_authTokenSyncURL\":\"/__session\"}","FIREBASE_CONFIG":"{\"projectId\":\"blog-ca662\",\"storageBucket\":\"blog-ca662.appspot.com\",\"locationId\":\"us-central\"}","GCLOUD_PROJECT":"blog-ca662","EVENTARC_CLOUD_EVENT_SOURCE":"projects/blog-ca662/locations/us-central1/services/ssrblogca662","FUNCTION_TARGET":"ssrblogca662","LOG_EXECUTION_ID":"true"},"maxInstanceCount":3,"ingressSettings":"ALLOW_ALL","uri":"https://ssrblogca662-jfo7awey6a-uc.a.run.app","serviceAccountEmail":"284614412812-compute@developer.gserviceaccount.com","availableMemory":"256Mi","allTrafficOnLatestRevision":true,"revision":"ssrblogca662-00049-jak","maxInstanceRequestConcurrency":80,"availableCpu":"1"},"state":"ACTIVE","updateTime":"2026-01-08T21:36:09.167455368Z","labels":{"deployment-tool":"cli-firebase","firebase-functions-codebase":"firebase-frameworks-blog-ca662","firebase-functions-hash":"1b42201b5372afe494ff349e0d6b8d26a576f473"},"environment":"GEN_2","url":"https://us-central1-blog-ca662.cloudfunctions.net/ssrblogca662","createTime":"2024-06-21T22:38:53.450364029Z","satisfiesPzi":true}]}
[info] i  functions: ensuring required API run.googleapis.com is enabled... 
[debug] [2026-01-08T21:41:34.034Z] Checked if tokens are valid: true, expires at: 1767910446517
[debug] [2026-01-08T21:41:34.034Z] Checked if tokens are valid: true, expires at: 1767910446517
[info] i  functions: ensuring required API eventarc.googleapis.com is enabled... 
[debug] [2026-01-08T21:41:34.034Z] Checked if tokens are valid: true, expires at: 1767910446517
[debug] [2026-01-08T21:41:34.034Z] Checked if tokens are valid: true, expires at: 1767910446517
[info] i  functions: ensuring required API pubsub.googleapis.com is enabled... 
[debug] [2026-01-08T21:41:34.035Z] Checked if tokens are valid: true, expires at: 1767910446517
[debug] [2026-01-08T21:41:34.035Z] Checked if tokens are valid: true, expires at: 1767910446517
[info] i  functions: ensuring required API storage.googleapis.com is enabled... 
[debug] [2026-01-08T21:41:34.035Z] Checked if tokens are valid: true, expires at: 1767910446517
[debug] [2026-01-08T21:41:34.035Z] Checked if tokens are valid: true, expires at: 1767910446517
[debug] [2026-01-08T21:41:34.035Z] >>> [apiv2][query] GET https://serviceusage.googleapis.com/v1/projects/blog-ca662/services/run.googleapis.com [none]
[debug] [2026-01-08T21:41:34.035Z] >>> [apiv2][(partial)header] GET https://serviceusage.googleapis.com/v1/projects/blog-ca662/services/run.googleapis.com x-goog-quota-user=projects/blog-ca662
[debug] [2026-01-08T21:41:34.038Z] >>> [apiv2][query] GET https://serviceusage.googleapis.com/v1/projects/blog-ca662/services/eventarc.googleapis.com [none]
[debug] [2026-01-08T21:41:34.038Z] >>> [apiv2][(partial)header] GET https://serviceusage.googleapis.com/v1/projects/blog-ca662/services/eventarc.googleapis.com x-goog-quota-user=projects/blog-ca662
[debug] [2026-01-08T21:41:34.039Z] >>> [apiv2][query] GET https://serviceusage.googleapis.com/v1/projects/blog-ca662/services/pubsub.googleapis.com [none]
[debug] [2026-01-08T21:41:34.040Z] >>> [apiv2][(partial)header] GET https://serviceusage.googleapis.com/v1/projects/blog-ca662/services/pubsub.googleapis.com x-goog-quota-user=projects/blog-ca662
[debug] [2026-01-08T21:41:34.041Z] >>> [apiv2][query] GET https://serviceusage.googleapis.com/v1/projects/blog-ca662/services/storage.googleapis.com [none]
[debug] [2026-01-08T21:41:34.041Z] >>> [apiv2][(partial)header] GET https://serviceusage.googleapis.com/v1/projects/blog-ca662/services/storage.googleapis.com x-goog-quota-user=projects/blog-ca662
[debug] [2026-01-08T21:41:34.528Z] <<< [apiv2][status] GET https://serviceusage.googleapis.com/v1/projects/blog-ca662/services/run.googleapis.com 200
[debug] [2026-01-08T21:41:34.528Z] <<< [apiv2][body] GET https://serviceusage.googleapis.com/v1/projects/blog-ca662/services/run.googleapis.com [omitted]
[info] +  functions: required API run.googleapis.com is enabled 
[debug] [2026-01-08T21:41:34.544Z] <<< [apiv2][status] GET https://serviceusage.googleapis.com/v1/projects/blog-ca662/services/eventarc.googleapis.com 200
[debug] [2026-01-08T21:41:34.544Z] <<< [apiv2][body] GET https://serviceusage.googleapis.com/v1/projects/blog-ca662/services/eventarc.googleapis.com [omitted]
[info] +  functions: required API eventarc.googleapis.com is enabled 
[debug] [2026-01-08T21:41:34.546Z] <<< [apiv2][status] GET https://serviceusage.googleapis.com/v1/projects/blog-ca662/services/storage.googleapis.com 200
[debug] [2026-01-08T21:41:34.546Z] <<< [apiv2][body] GET https://serviceusage.googleapis.com/v1/projects/blog-ca662/services/storage.googleapis.com [omitted]
[info] +  functions: required API storage.googleapis.com is enabled 
[debug] [2026-01-08T21:41:34.551Z] <<< [apiv2][status] GET https://serviceusage.googleapis.com/v1/projects/blog-ca662/services/pubsub.googleapis.com 200
[debug] [2026-01-08T21:41:34.551Z] <<< [apiv2][body] GET https://serviceusage.googleapis.com/v1/projects/blog-ca662/services/pubsub.googleapis.com [omitted]
[info] +  functions: required API pubsub.googleapis.com is enabled 
[info] i  functions: generating the service identity for pubsub.googleapis.com... 
[debug] [2026-01-08T21:41:34.552Z] Checked if tokens are valid: true, expires at: 1767910446517
[debug] [2026-01-08T21:41:34.552Z] Checked if tokens are valid: true, expires at: 1767910446517
[info] i  functions: generating the service identity for eventarc.googleapis.com... 
[debug] [2026-01-08T21:41:34.553Z] Checked if tokens are valid: true, expires at: 1767910446517
[debug] [2026-01-08T21:41:34.553Z] Checked if tokens are valid: true, expires at: 1767910446517
[debug] [2026-01-08T21:41:34.553Z] >>> [apiv2][query] POST https://serviceusage.googleapis.com/v1beta1/projects/284614412812/services/pubsub.googleapis.com:generateServiceIdentity [none]
[debug] [2026-01-08T21:41:34.553Z] >>> [apiv2][query] POST https://serviceusage.googleapis.com/v1beta1/projects/284614412812/services/eventarc.googleapis.com:generateServiceIdentity [none]
[debug] [2026-01-08T21:41:34.871Z] <<< [apiv2][status] POST https://serviceusage.googleapis.com/v1beta1/projects/284614412812/services/pubsub.googleapis.com:generateServiceIdentity 200
[debug] [2026-01-08T21:41:34.872Z] <<< [apiv2][body] POST https://serviceusage.googleapis.com/v1beta1/projects/284614412812/services/pubsub.googleapis.com:generateServiceIdentity {"name":"operations/finished.DONE_OPERATION","done":true,"response":{"@type":"type.googleapis.com/google.api.serviceusage.v1beta1.ServiceIdentity","email":"service-284614412812@gcp-sa-pubsub.iam.gserviceaccount.com","uniqueId":"100513014033019281258"}}
[debug] [2026-01-08T21:41:34.895Z] <<< [apiv2][status] POST https://serviceusage.googleapis.com/v1beta1/projects/284614412812/services/eventarc.googleapis.com:generateServiceIdentity 200
[debug] [2026-01-08T21:41:34.895Z] <<< [apiv2][body] POST https://serviceusage.googleapis.com/v1beta1/projects/284614412812/services/eventarc.googleapis.com:generateServiceIdentity {"name":"operations/finished.DONE_OPERATION","done":true,"response":{"@type":"type.googleapis.com/google.api.serviceusage.v1beta1.ServiceIdentity","email":"service-284614412812@gcp-sa-eventarc.iam.gserviceaccount.com","uniqueId":"105055839260535793463"}}
[debug] [2026-01-08T21:41:34.898Z] Checked if tokens are valid: true, expires at: 1767910446517
[debug] [2026-01-08T21:41:34.898Z] Checked if tokens are valid: true, expires at: 1767910446517
[debug] [2026-01-08T21:41:34.898Z] >>> [apiv2][query] GET https://cloudresourcemanager.googleapis.com/v1/projects/blog-ca662 [none]
[debug] [2026-01-08T21:41:35.244Z] <<< [apiv2][status] GET https://cloudresourcemanager.googleapis.com/v1/projects/blog-ca662 200
[debug] [2026-01-08T21:41:35.244Z] <<< [apiv2][body] GET https://cloudresourcemanager.googleapis.com/v1/projects/blog-ca662 {"projectNumber":"284614412812","projectId":"blog-ca662","lifecycleState":"ACTIVE","name":"blog","labels":{"firebase":"enabled"},"createTime":"2023-10-30T19:50:24.822180Z"}
[info] i  storage: ensuring required API firebasestorage.googleapis.com is enabled... 
[debug] [2026-01-08T21:41:35.248Z] Checked if tokens are valid: true, expires at: 1767910446517
[debug] [2026-01-08T21:41:35.248Z] Checked if tokens are valid: true, expires at: 1767910446517
[debug] [2026-01-08T21:41:35.248Z] >>> [apiv2][query] GET https://serviceusage.googleapis.com/v1/projects/blog-ca662/services/firebasestorage.googleapis.com [none]
[debug] [2026-01-08T21:41:35.248Z] >>> [apiv2][(partial)header] GET https://serviceusage.googleapis.com/v1/projects/blog-ca662/services/firebasestorage.googleapis.com x-goog-quota-user=projects/blog-ca662
[debug] [2026-01-08T21:41:35.566Z] <<< [apiv2][status] GET https://serviceusage.googleapis.com/v1/projects/blog-ca662/services/firebasestorage.googleapis.com 200
[debug] [2026-01-08T21:41:35.566Z] <<< [apiv2][body] GET https://serviceusage.googleapis.com/v1/projects/blog-ca662/services/firebasestorage.googleapis.com [omitted]
[info] +  storage: required API firebasestorage.googleapis.com is enabled 
[debug] [2026-01-08T21:41:35.567Z] Checked if tokens are valid: true, expires at: 1767910446517
[debug] [2026-01-08T21:41:35.567Z] Checked if tokens are valid: true, expires at: 1767910446517
[debug] [2026-01-08T21:41:35.567Z] >>> [apiv2][query] GET https://firebasestorage.googleapis.com/v1alpha/projects/blog-ca662/defaultBucket [none]
[debug] [2026-01-08T21:41:36.109Z] <<< [apiv2][status] GET https://firebasestorage.googleapis.com/v1alpha/projects/blog-ca662/defaultBucket 200
[debug] [2026-01-08T21:41:36.109Z] <<< [apiv2][body] GET https://firebasestorage.googleapis.com/v1alpha/projects/blog-ca662/defaultBucket {"name":"projects/blog-ca662/defaultBucket","location":"US","bucket":{"name":"projects/blog-ca662/buckets/blog-ca662.appspot.com"},"storageClass":"STANDARD"}
[info] i  firebase.storage: checking storage.rules for compilation errors... 
[debug] [2026-01-08T21:41:36.382Z] Checked if tokens are valid: true, expires at: 1767910446517
[debug] [2026-01-08T21:41:36.382Z] Checked if tokens are valid: true, expires at: 1767910446517
[debug] [2026-01-08T21:41:36.382Z] >>> [apiv2][query] POST https://firebaserules.googleapis.com/v1/projects/blog-ca662:test [none]
[debug] [2026-01-08T21:41:36.382Z] >>> [apiv2][body] POST https://firebaserules.googleapis.com/v1/projects/blog-ca662:test [omitted]
[debug] [2026-01-08T21:41:36.823Z] <<< [apiv2][status] POST https://firebaserules.googleapis.com/v1/projects/blog-ca662:test 200
[debug] [2026-01-08T21:41:36.823Z] <<< [apiv2][body] POST https://firebaserules.googleapis.com/v1/projects/blog-ca662:test {}
[info] +  firebase.storage: rules file storage.rules compiled successfully 
[info] i  firestore: reading indexes from firestore.indexes.json... 
[info] i  cloud.firestore: checking firestore.rules for compilation errors... 
[debug] [2026-01-08T21:41:37.008Z] Checked if tokens are valid: true, expires at: 1767910446517
[debug] [2026-01-08T21:41:37.008Z] Checked if tokens are valid: true, expires at: 1767910446517
[debug] [2026-01-08T21:41:37.008Z] >>> [apiv2][query] POST https://firebaserules.googleapis.com/v1/projects/blog-ca662:test [none]
[debug] [2026-01-08T21:41:37.009Z] >>> [apiv2][body] POST https://firebaserules.googleapis.com/v1/projects/blog-ca662:test [omitted]
[debug] [2026-01-08T21:41:37.191Z] <<< [apiv2][status] POST https://firebaserules.googleapis.com/v1/projects/blog-ca662:test 200
[debug] [2026-01-08T21:41:37.192Z] <<< [apiv2][body] POST https://firebaserules.googleapis.com/v1/projects/blog-ca662:test {}
[info] +  cloud.firestore: rules file firestore.rules compiled successfully 
[debug] [2026-01-08T21:41:37.199Z] Checked if tokens are valid: true, expires at: 1767910446517
[debug] [2026-01-08T21:41:37.200Z] Checked if tokens are valid: true, expires at: 1767910446517
[debug] [2026-01-08T21:41:37.200Z] >>> [apiv2][query] POST https://firebasehosting.googleapis.com/v1beta1/projects/-/sites/blog-ca662/versions [none]
[debug] [2026-01-08T21:41:37.200Z] >>> [apiv2][body] POST https://firebasehosting.googleapis.com/v1beta1/projects/-/sites/blog-ca662/versions {"status":"CREATED","labels":{"deployment-tool":"cli-firebase","firebase-web-framework":"next_ssr"}}
[debug] [2026-01-08T21:41:37.976Z] <<< [apiv2][status] POST https://firebasehosting.googleapis.com/v1beta1/projects/-/sites/blog-ca662/versions 200
[debug] [2026-01-08T21:41:37.976Z] <<< [apiv2][body] POST https://firebasehosting.googleapis.com/v1beta1/projects/-/sites/blog-ca662/versions {"name":"projects/284614412812/sites/blog-ca662/versions/ebbe38b88af18219","status":"CREATED","config":{},"labels":{"deployment-tool":"cli-firebase","firebase-web-framework":"next_ssr"}}
[debug] [2026-01-08T21:41:37.977Z] Checked if tokens are valid: true, expires at: 1767910446517
[debug] [2026-01-08T21:41:37.977Z] Checked if tokens are valid: true, expires at: 1767910446517
[debug] [2026-01-08T21:41:37.977Z] >>> [apiv2][query] GET https://cloudbilling.googleapis.com/v1/projects/blog-ca662/billingInfo [none]
[debug] [2026-01-08T21:41:38.396Z] <<< [apiv2][status] GET https://cloudbilling.googleapis.com/v1/projects/blog-ca662/billingInfo 200
[debug] [2026-01-08T21:41:38.396Z] <<< [apiv2][body] GET https://cloudbilling.googleapis.com/v1/projects/blog-ca662/billingInfo {"name":"projects/blog-ca662/billingInfo","projectId":"blog-ca662","billingAccountName":"billingAccounts/012477-131165-2173D2","billingEnabled":true}
[debug] [2026-01-08T21:41:38.398Z] Checked if tokens are valid: true, expires at: 1767910446517
[debug] [2026-01-08T21:41:38.398Z] Checked if tokens are valid: true, expires at: 1767910446517
[debug] [2026-01-08T21:41:38.398Z] >>> [apiv2][query] POST https://cloudfunctions.googleapis.com/v2/projects/blog-ca662/locations/us-central1/functions:generateUploadUrl [none]
[debug] [2026-01-08T21:41:38.789Z] <<< [apiv2][status] POST https://cloudfunctions.googleapis.com/v2/projects/blog-ca662/locations/us-central1/functions:generateUploadUrl 200
[debug] [2026-01-08T21:41:38.790Z] <<< [apiv2][body] POST https://cloudfunctions.googleapis.com/v2/projects/blog-ca662/locations/us-central1/functions:generateUploadUrl {"uploadUrl":"https://storage.googleapis.com/gcf-v2-uploads-284614412812.us-central1.cloudfunctions.appspot.com/3efe1f1e-632d-4b64-b36f-1aa278265c31.zip?GoogleAccessId=service-284614412812@gcf-admin-robot.iam.gserviceaccount.com&Expires=1767910303&Signature=Luk%2B9EuOBrDM3FT6jh2q%2BWMzc0Bn%2B6%2FCBjiO6RRiAD%2Fy2hT2aoJYY0fzfea8FTLs3JpNsPJQj8j2XQlxDKrljqs5NCK8OkZJ3l9dd9XKrrZy7BE%2B5opigIUNFTvC10yX1C%2BjhN45ZzWjrEmUzomQt6Wl0cxD5V74V4KmwsRJHj9ZcO74j9dYvoa5ZmsCms4iwodGHrx%2FpMJIbRWM4zD8WnlbxRliQYX1SRL1NTO2RW0BUSMqWvHiMsi%2FClq3reNxec52mZ6t2FdZ6FOCZSa%2BLuJZ3jJDrnae37hKQB5WOXbYvIuQqoeFDceQH8OPCsIhW3ZOo82hK7er9shY1pWnIw%3D%3D","storageSource":{"bucket":"gcf-v2-uploads-284614412812.us-central1.cloudfunctions.appspot.com","object":"3efe1f1e-632d-4b64-b36f-1aa278265c31.zip"}}
[debug] [2026-01-08T21:41:38.795Z] >>> [apiv2][query] PUT https://storage.googleapis.com/gcf-v2-uploads-284614412812.us-central1.cloudfunctions.appspot.com/3efe1f1e-632d-4b64-b36f-1aa278265c31.zip GoogleAccessId=service-284614412812%40gcf-admin-robot.iam.gserviceaccount.com&Expires=1767910303&Signature=Luk%2B9EuOBrDM3FT6jh2q%2BWMzc0Bn%2B6%2FCBjiO6RRiAD%2Fy2hT2aoJYY0fzfea8FTLs3JpNsPJQj8j2XQlxDKrljqs5NCK8OkZJ3l9dd9XKrrZy7BE%2B5opigIUNFTvC10yX1C%2BjhN45ZzWjrEmUzomQt6Wl0cxD5V74V4KmwsRJHj9ZcO74j9dYvoa5ZmsCms4iwodGHrx%2FpMJIbRWM4zD8WnlbxRliQYX1SRL1NTO2RW0BUSMqWvHiMsi%2FClq3reNxec52mZ6t2FdZ6FOCZSa%2BLuJZ3jJDrnae37hKQB5WOXbYvIuQqoeFDceQH8OPCsIhW3ZOo82hK7er9shY1pWnIw%3D%3D
[debug] [2026-01-08T21:41:38.795Z] >>> [apiv2][body] PUT https://storage.googleapis.com/gcf-v2-uploads-284614412812.us-central1.cloudfunctions.appspot.com/3efe1f1e-632d-4b64-b36f-1aa278265c31.zip [stream]
[debug] [2026-01-08T21:45:08.235Z] <<< [apiv2][status] PUT https://storage.googleapis.com/gcf-v2-uploads-284614412812.us-central1.cloudfunctions.appspot.com/3efe1f1e-632d-4b64-b36f-1aa278265c31.zip 200
[debug] [2026-01-08T21:45:08.235Z] <<< [apiv2][body] PUT https://storage.googleapis.com/gcf-v2-uploads-284614412812.us-central1.cloudfunctions.appspot.com/3efe1f1e-632d-4b64-b36f-1aa278265c31.zip [omitted]
[info] +  functions: .firebase\blog-ca662\functions folder uploaded successfully 
[debug] [2026-01-08T21:45:08.252Z] Checked if tokens are valid: true, expires at: 1767910446517
[debug] [2026-01-08T21:45:08.252Z] Checked if tokens are valid: true, expires at: 1767910446517
[debug] [2026-01-08T21:45:08.253Z] >>> [apiv2][query] GET https://firebaserules.googleapis.com/v1/projects/blog-ca662/releases pageSize=10&pageToken=
[debug] [2026-01-08T21:45:08.627Z] <<< [apiv2][status] GET https://firebaserules.googleapis.com/v1/projects/blog-ca662/releases 200
[debug] [2026-01-08T21:45:08.627Z] <<< [apiv2][body] GET https://firebaserules.googleapis.com/v1/projects/blog-ca662/releases {"releases":[{"name":"projects/blog-ca662/releases/cloud.firestore","rulesetName":"projects/blog-ca662/rulesets/332e2199-bedf-4688-8094-49a40307f24f","createTime":"2023-10-31T14:06:19.804733Z","updateTime":"2024-05-30T22:06:20.797712Z"},{"name":"projects/blog-ca662/releases/firebase.storage/blog-ca662.appspot.com","rulesetName":"projects/blog-ca662/rulesets/e1d7bc46-73f8-4853-b023-473f16570555","createTime":"2023-11-04T03:51:29.134986Z","updateTime":"2023-11-04T03:51:41.117926Z"}]}
[debug] [2026-01-08T21:45:08.645Z] Checked if tokens are valid: true, expires at: 1767910446517
[debug] [2026-01-08T21:45:08.645Z] Checked if tokens are valid: true, expires at: 1767910446517
[debug] [2026-01-08T21:45:08.645Z] >>> [apiv2][query] GET https://firebaserules.googleapis.com/v1/projects/blog-ca662/rulesets/e1d7bc46-73f8-4853-b023-473f16570555 [none]
[debug] [2026-01-08T21:45:08.860Z] <<< [apiv2][status] GET https://firebaserules.googleapis.com/v1/projects/blog-ca662/rulesets/e1d7bc46-73f8-4853-b023-473f16570555 200
[debug] [2026-01-08T21:45:08.860Z] <<< [apiv2][body] GET https://firebaserules.googleapis.com/v1/projects/blog-ca662/rulesets/e1d7bc46-73f8-4853-b023-473f16570555 [omitted]
[debug] [2026-01-08T21:45:08.862Z] Checked if tokens are valid: true, expires at: 1767910446517
[debug] [2026-01-08T21:45:08.863Z] Checked if tokens are valid: true, expires at: 1767910446517
[debug] [2026-01-08T21:45:08.863Z] >>> [apiv2][query] POST https://cloudresourcemanager.googleapis.com/v1/projects/284614412812:getIamPolicy [none]
[debug] [2026-01-08T21:45:09.232Z] <<< [apiv2][status] POST https://cloudresourcemanager.googleapis.com/v1/projects/284614412812:getIamPolicy 200
[debug] [2026-01-08T21:45:09.232Z] <<< [apiv2][body] POST https://cloudresourcemanager.googleapis.com/v1/projects/284614412812:getIamPolicy {"version":1,"etag":"BwZH5ykZHDc=","bindings":[{"role":"roles/artifactregistry.serviceAgent","members":["serviceAccount:service-284614412812@gcp-sa-artifactregistry.iam.gserviceaccount.com"]},{"role":"roles/cloudbuild.builds.builder","members":["serviceAccount:284614412812@cloudbuild.gserviceaccount.com"]},{"role":"roles/cloudbuild.serviceAgent","members":["serviceAccount:service-284614412812@gcp-sa-cloudbuild.iam.gserviceaccount.com"]},{"role":"roles/cloudfunctions.serviceAgent","members":["serviceAccount:service-284614412812@gcf-admin-robot.iam.gserviceaccount.com"]},{"role":"roles/containerregistry.ServiceAgent","members":["serviceAccount:service-284614412812@containerregistry.iam.gserviceaccount.com"]},{"role":"roles/editor","members":["serviceAccount:284614412812-compute@developer.gserviceaccount.com","serviceAccount:284614412812@cloudservices.gserviceaccount.com","serviceAccount:blog-ca662@appspot.gserviceaccount.com"]},{"role":"roles/firebase.managementServiceAgent","members":["serviceAccount:firebase-service-account@firebase-sa-management.iam.gserviceaccount.com","serviceAccount:service-284614412812@gcp-sa-firebase.iam.gserviceaccount.com"]},{"role":"roles/firebase.sdkAdminServiceAgent","members":["serviceAccount:firebase-adminsdk-bm565@blog-ca662.iam.gserviceaccount.com"]},{"role":"roles/firebaseauth.admin","members":["serviceAccount:firebase-adminsdk-bm565@blog-ca662.iam.gserviceaccount.com"]},{"role":"roles/firebasemods.serviceAgent","members":["serviceAccount:service-284614412812@gcp-sa-firebasemods.iam.gserviceaccount.com"]},{"role":"roles/firebaserules.firestoreServiceAgent","members":["serviceAccount:service-284614412812@gcp-sa-firebasestorage.iam.gserviceaccount.com"]},{"role":"roles/firebaserules.system","members":["serviceAccount:service-284614412812@firebase-rules.iam.gserviceaccount.com"]},{"role":"roles/firebasestorage.serviceAgent","members":["serviceAccount:service-284614412812@gcp-sa-firebasestorage.iam.gserviceaccount.com"]},{"role":"roles/firestore.serviceAgent","members":["serviceAccount:service-284614412812@gcp-sa-firestore.iam.gserviceaccount.com"]},{"role":"roles/iam.serviceAccountTokenCreator","members":["serviceAccount:firebase-adminsdk-bm565@blog-ca662.iam.gserviceaccount.com"]},{"role":"roles/owner","members":["user:revelacionesdecaroweb@gmail.com"]},{"role":"roles/run.serviceAgent","members":["serviceAccount:service-284614412812@serverless-robot-prod.iam.gserviceaccount.com"]},{"role":"roles/storage.admin","members":["serviceAccount:firebase-adminsdk-bm565@blog-ca662.iam.gserviceaccount.com"]}]}
[info] i  storage: uploading rules storage.rules... 
[debug] [2026-01-08T21:45:09.234Z] Checked if tokens are valid: true, expires at: 1767910446517
[debug] [2026-01-08T21:45:09.234Z] Checked if tokens are valid: true, expires at: 1767910446517
[debug] [2026-01-08T21:45:09.234Z] >>> [apiv2][query] POST https://firebaserules.googleapis.com/v1/projects/blog-ca662/rulesets [none]
[debug] [2026-01-08T21:45:09.234Z] >>> [apiv2][body] POST https://firebaserules.googleapis.com/v1/projects/blog-ca662/rulesets [omitted]
[debug] [2026-01-08T21:45:09.614Z] <<< [apiv2][status] POST https://firebaserules.googleapis.com/v1/projects/blog-ca662/rulesets 200
[debug] [2026-01-08T21:45:09.614Z] <<< [apiv2][body] POST https://firebaserules.googleapis.com/v1/projects/blog-ca662/rulesets {"name":"projects/blog-ca662/rulesets/854d7236-c27c-4ea2-8fe1-d67d86d9a560","source":{"files":[{"content":"rules_version = '2';\n\n// Craft rules based on data in your Firestore database\n// allow write: if firestore.get(\n//    /databases/(default)/documents/users/$(request.auth.uid)).data.isAdmin;\nservice firebase.storage {\n  match /b/{bucket}/o {\n    match /{allPaths=**} {\n      allow read, write: if false;\n    }\n  }\n}\n","name":"storage.rules"}]},"createTime":"2026-01-08T21:45:13.866015Z","metadata":{"services":["firebase.storage"]}}
[debug] [2026-01-08T21:45:09.614Z] [rules] created ruleset projects/blog-ca662/rulesets/854d7236-c27c-4ea2-8fe1-d67d86d9a560
[debug] [2026-01-08T21:45:09.614Z] Checked if tokens are valid: true, expires at: 1767910446517
[debug] [2026-01-08T21:45:09.614Z] Checked if tokens are valid: true, expires at: 1767910446517
[info] i  firestore: deploying indexes... 
[debug] [2026-01-08T21:45:09.617Z] Checked if tokens are valid: true, expires at: 1767910446517
[debug] [2026-01-08T21:45:09.617Z] Checked if tokens are valid: true, expires at: 1767910446517
[debug] [2026-01-08T21:45:09.617Z] >>> [apiv2][query] GET https://firebaserules.googleapis.com/v1/projects/blog-ca662/releases pageSize=10&pageToken=
[debug] [2026-01-08T21:45:09.617Z] >>> [apiv2][query] GET https://firestore.googleapis.com/v1/projects/blog-ca662/databases/(default)/collectionGroups/-/indexes [none]
[debug] [2026-01-08T21:45:09.819Z] <<< [apiv2][status] GET https://firebaserules.googleapis.com/v1/projects/blog-ca662/releases 200
[debug] [2026-01-08T21:45:09.819Z] <<< [apiv2][body] GET https://firebaserules.googleapis.com/v1/projects/blog-ca662/releases {"releases":[{"name":"projects/blog-ca662/releases/cloud.firestore","rulesetName":"projects/blog-ca662/rulesets/332e2199-bedf-4688-8094-49a40307f24f","createTime":"2023-10-31T14:06:19.804733Z","updateTime":"2024-05-30T22:06:20.797712Z"},{"name":"projects/blog-ca662/releases/firebase.storage/blog-ca662.appspot.com","rulesetName":"projects/blog-ca662/rulesets/e1d7bc46-73f8-4853-b023-473f16570555","createTime":"2023-11-04T03:51:29.134986Z","updateTime":"2023-11-04T03:51:41.117926Z"}]}
[debug] [2026-01-08T21:45:09.819Z] Checked if tokens are valid: true, expires at: 1767910446517
[debug] [2026-01-08T21:45:09.819Z] Checked if tokens are valid: true, expires at: 1767910446517
[debug] [2026-01-08T21:45:09.819Z] >>> [apiv2][query] GET https://firebaserules.googleapis.com/v1/projects/blog-ca662/rulesets/332e2199-bedf-4688-8094-49a40307f24f [none]
[debug] [2026-01-08T21:45:10.125Z] <<< [apiv2][status] GET https://firebaserules.googleapis.com/v1/projects/blog-ca662/rulesets/332e2199-bedf-4688-8094-49a40307f24f 200
[debug] [2026-01-08T21:45:10.125Z] <<< [apiv2][body] GET https://firebaserules.googleapis.com/v1/projects/blog-ca662/rulesets/332e2199-bedf-4688-8094-49a40307f24f [omitted]
[info] i  firestore: latest version of firestore.rules already up to date, skipping upload... 
[debug] [2026-01-08T21:45:10.466Z] <<< [apiv2][status] GET https://firestore.googleapis.com/v1/projects/blog-ca662/databases/(default)/collectionGroups/-/indexes 200
[debug] [2026-01-08T21:45:10.470Z] <<< [apiv2][body] GET https://firestore.googleapis.com/v1/projects/blog-ca662/databases/(default)/collectionGroups/-/indexes {"indexes":[{"name":"projects/blog-ca662/databases/(default)/collectionGroups/articles/indexes/CICAgJim14AK","queryScope":"COLLECTION","fields":[{"fieldPath":"titulo","arrayConfig":"CONTAINS"},{"fieldPath":"fecha","order":"DESCENDING"},{"fieldPath":"__name__","order":"DESCENDING"}],"state":"READY","density":"SPARSE_ALL"},{"name":"projects/blog-ca662/databases/(default)/collectionGroups/articles/indexes/CICAgJjF9oIK","queryScope":"COLLECTION","fields":[{"fieldPath":"titulo","order":"ASCENDING"},{"fieldPath":"fecha","order":"DESCENDING"},{"fieldPath":"__name__","order":"DESCENDING"}],"state":"READY","density":"SPARSE_ALL"},{"name":"projects/blog-ca662/databases/(default)/collectionGroups/articles/indexes/CICAgJiUpoMK","queryScope":"COLLECTION","fields":[{"fieldPath":"titulo","order":"ASCENDING"},{"fieldPath":"id","order":"ASCENDING"},{"fieldPath":"__name__","order":"ASCENDING"}],"state":"READY","density":"SPARSE_ALL"},{"name":"projects/blog-ca662/databases/(default)/collectionGroups/articles/indexes/CICAgJiUsZIK","queryScope":"COLLECTION","fields":[{"fieldPath":"fecha","order":"DESCENDING"},{"fieldPath":"titulo","order":"ASCENDING"},{"fieldPath":"__name__","order":"ASCENDING"}],"state":"READY","density":"SPARSE_ALL"}]}
[debug] [2026-01-08T21:45:10.470Z] Checked if tokens are valid: true, expires at: 1767910446517
[debug] [2026-01-08T21:45:10.471Z] Checked if tokens are valid: true, expires at: 1767910446517
[debug] [2026-01-08T21:45:10.471Z] >>> [apiv2][query] GET https://firestore.googleapis.com/v1/projects/blog-ca662/databases/(default)/collectionGroups/-/fields?filter=indexConfig.usesAncestorConfig=false OR ttlConfig:* [none]
[debug] [2026-01-08T21:45:10.702Z] <<< [apiv2][status] GET https://firestore.googleapis.com/v1/projects/blog-ca662/databases/(default)/collectionGroups/-/fields?filter=indexConfig.usesAncestorConfig=false OR ttlConfig:* 200
[debug] [2026-01-08T21:45:10.703Z] <<< [apiv2][body] GET https://firestore.googleapis.com/v1/projects/blog-ca662/databases/(default)/collectionGroups/-/fields?filter=indexConfig.usesAncestorConfig=false OR ttlConfig:* {"fields":[{"name":"projects/blog-ca662/databases/(default)/collectionGroups/__default__/fields/*","indexConfig":{"indexes":[{"queryScope":"COLLECTION","fields":[{"fieldPath":"*","order":"ASCENDING"}],"state":"READY"},{"queryScope":"COLLECTION","fields":[{"fieldPath":"*","order":"DESCENDING"}],"state":"READY"},{"queryScope":"COLLECTION","fields":[{"fieldPath":"*","arrayConfig":"CONTAINS"}],"state":"READY"}]}}]}
[debug] [2026-01-08T21:45:10.704Z] Skipping existing index: {"collectionGroup":"articles","queryScope":"COLLECTION","fields":[{"fieldPath":"fecha","order":"DESCENDING"},{"fieldPath":"titulo","order":"ASCENDING"}]}
[debug] [2026-01-08T21:45:10.704Z] Skipping existing index: {"collectionGroup":"articles","queryScope":"COLLECTION","fields":[{"fieldPath":"titulo","order":"ASCENDING"},{"fieldPath":"fecha","order":"DESCENDING"}]}
[debug] [2026-01-08T21:45:10.704Z] Skipping existing index: {"collectionGroup":"articles","queryScope":"COLLECTION","fields":[{"fieldPath":"titulo","order":"ASCENDING"},{"fieldPath":"id","order":"ASCENDING"}]}
[debug] [2026-01-08T21:45:10.704Z] Skipping existing index: {"collectionGroup":"articles","queryScope":"COLLECTION","fields":[{"fieldPath":"titulo","arrayConfig":"CONTAINS"},{"fieldPath":"fecha","order":"DESCENDING"}]}
[info] +  firestore: deployed indexes in firestore.indexes.json successfully for (default) database 
[info] i  hosting[blog-ca662]: beginning deploy... 
[info] i  hosting[blog-ca662]: found 105 files in .firebase\blog-ca662\hosting 
[debug] [2026-01-08T21:45:10.746Z] [hosting] uploading with 200 concurrency
[debug] [2026-01-08T21:45:13.779Z] Checked if tokens are valid: true, expires at: 1767910446517
[debug] [2026-01-08T21:45:13.780Z] Checked if tokens are valid: true, expires at: 1767910446517
[debug] [2026-01-08T21:45:13.786Z] [hosting] hash cache [LmZpcmViYXNlXGJsb2ctY2E2NjJcaG9zdGluZw] stored for 105 files
[debug] [2026-01-08T21:45:13.786Z] [hosting][hash queue][FINAL] {"max":3014,"min":0,"avg":753.4476190476194,"active":0,"complete":105,"success":105,"errored":0,"retried":0,"total":105,"elapsed":3034}
[debug] [2026-01-08T21:45:13.797Z] >>> [apiv2][query] POST https://firebasehosting.googleapis.com/v1beta1/projects/284614412812/sites/blog-ca662/versions/ebbe38b88af18219:populateFiles [none]
[debug] [2026-01-08T21:45:13.797Z] >>> [apiv2][body] POST https://firebasehosting.googleapis.com/v1beta1/projects/284614412812/sites/blog-ca662/versions/ebbe38b88af18219:populateFiles {"files":{"/sitemap.xml":"68a3c00fedc53fc20621b687d764016a3a241cbc01a61d0af60fe2ae1a1929c2","/sitemap-0.xml":"cf853758f15d73baaaf71412dc250960d8852633fe5a509d9e344447cf1eb7f0","/robots.txt":"f8e3790994e3e8ec2ff4c8cbaf31f211833424ba52d0fae12908a54c2ddf34e7","/opengraph.jpg":"eb38813e28641586f007a67b4bf9be413679343178fc7361d734db96147a9fa5","/_global-error.html":"e6a4c315d565d242bcee50a10f50c801bb9637e74e329e184e56b5fb236ac7a3","/favicon.ico":"45f75d5e6378e9268a50141e9f38dc98f12626d1bbbca920ac9bb3299b3d1cd7","/_not-found.html":"72bd2cd757fdce59e0da64b49ab9abaa780ab4bd6173b82dcd67313759e6c0eb","/500.html":"e6a4c315d565d242bcee50a10f50c801bb9637e74e329e184e56b5fb236ac7a3","/index.html":"5a9bb44473f64411ca5f7898c450e2db13558ee4b94f23869af6a5d5073ca470","/contacto.html":"cd29fa4af51f366af213dcdf6ee9d6a61ef5b10c2058155e77f55a6010483ce7","/_next/static/media/vercel.a3e76a8d.svg":"3e4dcb2aa72833f0a509ba4ab5627d19c47c902b7cefb4b336605c017468bdfe","/_next/static/media/favicon.b3b31c1b.ico":"45f75d5e6378e9268a50141e9f38dc98f12626d1bbbca920ac9bb3299b3d1cd7","/sobremi.html":"7679b6b2ad8193a25d6f6ccb47b9dba91ce68f13ea98532281f757f0dab10095","/_next/static/media/ad66f9afd8947f86-s.7a40eb73.woff2":"21b0ae0980798b857a8228d5c0a8a31372bd0b5db034530c056f3b36b037e482","/_next/static/media/e1ccd2766b08c828-s.838318db.woff2":"3db59b6f8d778b76875738873b5373463441751220b805ab14373c60edff67fa","/_next/static/media/2bbe8d2671613f1f-s.76dcb0b2.woff2":"5ef466d8ca6f4a51fa3751faea59ad2f63b15dbf9782ae4246bcadacc57f6b8f","/_next/static/Iwuos5TxJbqNIt7DPgRZK/_clientMiddlewareManifest.json":"61663fde99b3394d71653f41c19fe91269442622a4a6695f8352a70fbf5ca4c1","/_next/static/Iwuos5TxJbqNIt7DPgRZK/_ssgManifest.js":"1dc91f19c19c7fecab70147b7410104f5a1120d149cf7cb6b13a6770d77d7966","/_next/static/Iwuos5TxJbqNIt7DPgRZK/_buildManifest.js":"dcbe1c9b9159ca21caea98e1bad364012ae284e9551375ca62b83d2811efac91","/_next/static/chunks/ff27fbd2fec8d852.js":"d724c1159781a7eaa996f9b8ecd461dc5fee64202793c48c1d0e2d832cbe89c0","/_next/static/chunks/fb55646723c6a9d2.js":"ace4c9111db9a6b38284db52657e69060f07a8086b5fca3d883dec66c3ad68b2","/_next/static/chunks/turbopack-e512d1fe5c90f397.js":"20e415ccaded15caf4aca4d415e0abc21db9918927f3674aa922edf8706392fe","/_next/static/chunks/f5ca83d65faec0a4.js":"506839188bb5af39703c4477bbb4df116d131452c1b59d6ffd1ccfcc2a5b6581","/_next/static/chunks/f55b0de17f00181e.js":"e5394fb2030a066452d0a7f10e1e29f1a19fe2c48bc88a1141eac84e862c2833","/404.html":"72bd2cd757fdce59e0da64b49ab9abaa780ab4bd6173b82dcd67313759e6c0eb","/_next/static/chunks/ec8b185a9221424a.js":"c382b867ce2ce0de51eb340bc815e1ff6698550b1a831adbe3a0ddf900b6ff63","/_next/static/chunks/ec6e1e989deafd9c.js":"044f667fd10002f01ac211702350b4beea69c8d1fa2aadaf7971277ad0a36ed2","/_next/static/chunks/e3261e07e7102a89.js":"bf734772db54c41cbe0b53de8b60dd55fd639c3ff226e0ab13c7c70edab62ce1","/_next/static/chunks/ebf133ba149c9f42.js":"82f27834f41bbedd11ba00a8e6411280f0150134b95ecff21865f2b62273f56a","/_next/static/chunks/d96012bcfc98706a.js":"6cab918c834e4af36cab3d8f0370ebb1ef61568d672667bb41255d19a15d7109","/_next/static/chunks/cb233c8db84e9b54.js":"9f0a9161a43ee8c237aab3768e7c31d046378ab797677fbb4d14324c69ab3061","/_next/static/chunks/c628f05a212befc9.js":"4164a7e0167f49d7b0e66fcea8b3eb5689d3f4b2fd956d200c2ce0bf7160c114","/_next/static/chunks/cb15cf34fdcc2fa7.js":"12fb794e986937f753343bffd841d84fab4614ce9e9103d3e827bd22022df536","/_next/static/media/e9457141811d41ae-s.30a48620.woff2":"2d00b42a1fba09f0e23a707198ea6db865f97113e321825d3bf7841485f029e0","/_next/static/media/e7150917543fc9da-s.8200e9a3.woff2":"52150205a3ff78ae1d310a2ca5627e513c877bb5acad35fab5d51017ef5af476","/_next/static/media/ac34884600cd8d5d-s.7d4c278c.woff2":"df5eaeac1f6d51d085420a38d3d2aa72ccc2c6416a2bac79256a84b90fd36070","/_next/static/media/9c72aa0f40e4eef8-s.18a48cbc.woff2":"aeb03c5c1522d2fe6f6384711817dbd6cdbbb3dfa99276adf7325e9eacdae1ee","/_next/static/media/5476f68d60460930-s.c995e352.woff2":"c4de9995b3bb8a73da02308cb75721515f897229c3c422e51304e8afc4bdeccd","/_next/static/media/71fbf9c08529c2a5-s.91ff3091.woff2":"585d56896ef24693dfe922165efbf7ca9f0c3ba572ebb21e350dbbda6fd21934","/_next/static/media/2c55a0e60120577a-s.2a48534a.woff2":"4ca02247386c89e13dde6791dd0632e3f22aaf94e91bc35ece0edf79ff3e0e77","/_next/static/media/507a47c1876d4ec2-s.303dbfb4.woff2":"259476323f7d26ce7c4c939425d338088e584c2c5c48a487edf1d0ff6d96b88e","/_next/static/media/8c2eb9ceedecfc8e-s.p.21935807.woff2":"906faab67d75dd1f94e4105804f26826a26547f9bc85eb6c113d71dd92a68e60","/_next/static/media/83afe278b6a6bb3c-s.p.3a6ba036.woff2":"86835ac53a0e1de04820388d01b501389d5e9311509282b5e3bfbfc752754083","/_next/static/chunks/bb2d37474fcb2889.js":"aa67db5b42ae22f645770b7f06a26fde6c6bd02f4e8f39c50d57b17041d8474e","/_next/static/chunks/ffd67a335d30cd5b.js":"ae7eaa7864b59c40d5e581c0702eb226da5d4d0f1ad47f7ce5d3e771adea3966","/_next/static/chunks/bc99daab626db6a5.js":"379e9123453376a441f107edd499da397a6bcbf444dab0e53ad4ae8cd8220a3f","/_next/static/chunks/db459f5cc1fcad9f.js":"e91f9988b5a3f3becf87390d1b2c86776bae1cfcceaca54d1b716940e1373a5f","/_next/static/chunks/b60df4c31e442d3a.js":"fdd46407eee8ecc9acd465a778e3a74be6f80918007574929520744f89de8f68","/img/w3t-logo.svg":"d857f4e77c750181382054393f715f89d024402da121ff2b094374f767ec1145","/img/vercel.svg":"3e4dcb2aa72833f0a509ba4ab5627d19c47c902b7cefb4b336605c017468bdfe","/img/skeleton.svg":"baca9afdf11fc0c67ccef507daf9971d8272309850c74a234b1734dba5a1341d","/img/opengraph.jpg":"8202d17395555cf4b76c840dc1dd71b2bb682aca2876555e6fad9e1c6500e534","/img/logo.svg":"8f8d9e5533dfabe08583bf87d253b77f7807a5b7054c5f175635f021e1b47887","/img/logo-white.svg":"95a75d706bf6deb3c10346b538440d5055f061c79045059a6235a3e52d9dfb53","/fonts/Inter-Regular.otf":"e8df7ff9165dd3e9632640b30016c77cc5b7d9646d9e6d089b0c2bc2e0417dbe","/fonts/Inter-Bold.otf":"eaccc6bdc1b10574d46c9adc789e1d1f566d8d3488acef56a19b9380eed0f39a","/_next/static/chunks/b3568856fad4f85f.js":"c9587722d30214cf1836b0317e1748e869860b335e699a7bd0154c874fae414d","/_next/static/chunks/bad89ccc4ae5d43d.js":"ea31c51f0adab3403d49fa1914526ac789ff5c18d672e4124b2b07b1d9e3d138","/_next/static/chunks/a240be06b3604ac5.js":"29136d64c5f13a05832d858b6ba8fb1048f3b5acae717c7dfe50a2c2ef44a0f3","/_next/static/chunks/9eff449c4972c658.js":"02d13a32ab3a9448f74233988c2bd3554129e7e03cb388b75ae2ba3bdef882db","/_next/static/chunks/9c5457318a95020d.js":"8053775d4b9752de6e4802b163120ec32c048c39a04473635e49149bd228f158","/_next/static/chunks/8c0bc59115f85695.js":"777bd807569d1a32adfb00d14b0728659836fef26ef0d2f26428ecad46842c7e","/_next/static/chunks/8888b93bcd52ba8d.js":"fd09d13edd209a0718366e922ade6b37eac7a71969402a8bf20805679665ca45","/_next/static/chunks/963c71eec1d89c3f.js":"b35c488e105c868eadf91ee4b16550ddb52aaef62d77502b5488b790960e9615","/_next/static/chunks/7e35a3ad8713683e.js":"cb1daffa3c007cc5f2672a1be15d991cfd2fcaf9d2a7cee274a177032927aa3f","/_next/static/chunks/7a1563a9d8a70b81.js":"247f449d5dec727f4200bd7a3ceb981a76620dcf0eccdf89c6c3804d985d5112","/_next/static/chunks/79659c7bb0b73fed.js":"8ba0263303705bdeb5e5f8e2d03ed5b8e7fbe9f067881e09106b7d5cff90489c","/_next/static/chunks/63c218ce0242d93c.js":"cb7e5250edffcca9aecc31d38600eec77260023043eb686bee77463b59ba6402","/_next/static/chunks/7d261fba7ae2a825.js":"5532e870310617e7462198fe824f90055a9c390cd5dca3cf5d8478d09787a28f","/_next/static/chunks/559bdb69ebd02119.js":"3aabbe94706453b3a2914d222f3230111d9767bd497f0a7c2a94c30d8aa1addc","/_next/static/chunks/96b4c25f76184182.js":"1a5483aa3a487355dd88f9807178e9daf610947e91e115613683a7c63924de08","/_next/static/chunks/5a5025548a46274f.js":"0b4ff7f456703b7421c8512bf7d252d103431c7cbbeadf18c0b06d49052eb489","/_next/static/chunks/555a37b48c4b4d3d.js":"c003b1b620a390ab457b27778ce6f9507f66552be7d72e262f1eedbb51585e7e","/_next/static/chunks/47e74f86775e3e46.js":"60bb02d60ee66cebceec7c0da0e1f7722772b2c61e2dc145115fb97713fa42f9","/_next/static/chunks/45266c6ff7ac754a.css":"4f166e2fc9cdff58e7788dceb178e00feceb93f2616e1001df59fd5044f80ab1","/_next/static/chunks/aa02ea16d88ddf33.js":"3764fe8113fb9bb08f556a0badc949354694476c04f9d92d16939fda6a1e0148","/_next/static/chunks/3a54e531810d76b0.js":"57bcc8428230e17fe90736b82aa939f6f3b66c4a4ccb39b1afa049e242bd6f8b","/_next/static/chunks/3420e7f1d1990697.js":"6bc52f9a7ac8b6880f0552b39e1b046c057e0b864a0feb2be5798f83c79b53e8","/_next/static/chunks/4af7221124624ab4.js":"41dfaad8d5068cd9ea342035cbd8819e1ad29d0c215e5d85b75705df9142e421","/_next/static/chunks/23c014acf6140fad.js":"e2f915d82f6ffbd2e5cad51c17e5e54c3e4ffd76ab72153d9701892b9d6810f8","/_next/static/chunks/16bbe515349ebe61.js":"ad1188edb838a13c3e3a230d65dcc402edcfc6caa63b2f287d5a7093d63b3bd6","/_next/static/chunks/1488b8cd3978be34.js":"4cd2c40b33c44a224c8e0ffc73900c33cdd08cf2e1a4bc4bb76ae6091a337bb4","/_next/static/chunks/10f6785f00e0e5f4.js":"8dcaa1879d74624418e6dd617de72b3a00589aafe33e0a2ae57636243935d7f9","/_next/static/chunks/4c16261f0f27151c.js":"0a2ed3b1b4f91d97b253215d1dd946c68f007a78a1c965d30f571d27a74be597","/_next/static/chunks/0f84e20767a37e22.css":"37d8011912386c508beec3dabb06a8661bc30a58d96880cd5993c234ac880022","/_next/static/chunks/0adad04bf8dc0e78.js":"29e55ed0647f9640f01f85ce963daccfe8f89d0e427cceef3859cfcf789f1982","/_next/static/chunks/9be27002af0da510.js":"4dcd0f75b2b46c64bebe9faf08499f2e0888ebba08ed7d899865d184e8ec93cf","/_next/static/media/1bffadaabf893a1e-s.7cd81963.woff2":"cd2992a875e4939d47289a3cc44c8b8a0e63817f4cc9fbd8b3bdf93b5f66fbb3","/_next/static/chunks/04cb280114eeb029.js":"11412118b81b35180c87c2753bc1700557b3aa3a59ecb402eaf2152615983335","/_next/static/chunks/01aea1dcab130fe2.js":"fa1d0509b3810013fa135b0f0761c995e25825baab6900eaf0145f09fe2f08d8","/_next/static/chunks/a6dad97d9634a72d.js.map":"25ae05f2ece4bc46d2351a2660b3f4347f1adc4181c38f3f596f60ccd615db6f","/_next/static/chunks/a6dad97d9634a72d.js":"18e28d3214eda45048d80d3925ea7627b809e69ad2e95f7f98459e9146a61c3d","/_next/static/chunks/e3703834d0c93667.js":"a049273349494f3cab0c13dd0236ae0baeb066e708a9cd19a26c9d36ad5a633e","/_next/static/chunks/00f1df9874f0f9f3.js":"d580db318eb10377fb3c4874f3b9c944e61a63eff0350f2e8a65e271fd5d8d66","/_next/static/chunks/249284945a31060b.js":"aff1ce9926aa685ffd4b1208e106f77a6bc8be51c8b746bb3485f9c17871c7f7","/_next/static/chunks/15aac59396339d89.js":"c8c8a5011771dc68811a23b1db48ffbed728422b97e897722d4b974a65389217","/_next/static/chunks/109ded6b176cf8ff.js":"4d6680880956b91ba4ee6950e88c9e202f8d983d1031f3fcf65606e3051826e2","/_next/static/chunks/b056a15eec95302c.js":"60c12bf02bc1194580d36fa5889b7f0f9243e73cdb6416705b8f84d1a81e2be4","/_next/static/chunks/f9a2aaa855d8520a.js":"d0c734083de2c08a1f29bfb61af7d55cf156390978d545dc450f246f281bac72","/_next/static/chunks/f97bd77b1c25fa68.js":"b7d46e7c256c45a33a70d05605883d922db995918a34774df073d9c40555e922","/_next/static/chunks/f4f0332781ec995c.js":"48ece4f3c99b3dc5a27cabafd1c0cf87631d94513360cc1d3193fff192cfcb3c","/_next/static/chunks/b07a167ea9343828.js":"dac5bc3cb64e4713c921622bd38e55f69c74a93a330f049a5af71e68002f9732","/_next/static/chunks/6e52f4e97db81764.js":"7f2422c0b816802f4a54b5fd9d5d57362f8ae4b57ae554d35c9577a73536c995","/_next/static/chunks/3ee71c0b8c63d0ae.js":"530f6bab9a5202024ed8d77f8b5d7d57bb7e6c779706753d21397a4c6e471e5b","/_next/static/chunks/e63dbc7cb52192fe.js":"4584471c28a3854d6568e419c9d5347d0f791219458be74c4a2b597d7df6624a"}}
[debug] [2026-01-08T21:45:14.587Z] <<< [apiv2][status] POST https://firebasehosting.googleapis.com/v1beta1/projects/284614412812/sites/blog-ca662/versions/ebbe38b88af18219:populateFiles 200
[debug] [2026-01-08T21:45:14.587Z] <<< [apiv2][body] POST https://firebasehosting.googleapis.com/v1beta1/projects/284614412812/sites/blog-ca662/versions/ebbe38b88af18219:populateFiles {"uploadRequiredHashes":["e6a4c315d565d242bcee50a10f50c801bb9637e74e329e184e56b5fb236ac7a3","5a9bb44473f64411ca5f7898c450e2db13558ee4b94f23869af6a5d5073ca470","cd29fa4af51f366af213dcdf6ee9d6a61ef5b10c2058155e77f55a6010483ce7","7679b6b2ad8193a25d6f6ccb47b9dba91ce68f13ea98532281f757f0dab10095","72bd2cd757fdce59e0da64b49ab9abaa780ab4bd6173b82dcd67313759e6c0eb"],"uploadUrl":"https://upload-firebasehosting.googleapis.com/upload/sites/blog-ca662/versions/ebbe38b88af18219/files"}
[debug] [2026-01-08T21:45:14.595Z] Checked if tokens are valid: true, expires at: 1767910446517
[debug] [2026-01-08T21:45:14.595Z] Checked if tokens are valid: true, expires at: 1767910446517
[debug] [2026-01-08T21:45:14.596Z] Checked if tokens are valid: true, expires at: 1767910446517
[debug] [2026-01-08T21:45:14.597Z] Checked if tokens are valid: true, expires at: 1767910446517
[debug] [2026-01-08T21:45:14.599Z] Checked if tokens are valid: true, expires at: 1767910446517
[debug] [2026-01-08T21:45:14.599Z] Checked if tokens are valid: true, expires at: 1767910446517
[debug] [2026-01-08T21:45:14.602Z] Checked if tokens are valid: true, expires at: 1767910446517
[debug] [2026-01-08T21:45:14.603Z] Checked if tokens are valid: true, expires at: 1767910446517
[debug] [2026-01-08T21:45:14.603Z] Checked if tokens are valid: true, expires at: 1767910446517
[debug] [2026-01-08T21:45:14.603Z] Checked if tokens are valid: true, expires at: 1767910446517
[debug] [2026-01-08T21:45:14.604Z] >>> [apiv2][query] POST https://upload-firebasehosting.googleapis.com/upload/sites/blog-ca662/versions/ebbe38b88af18219/files/e6a4c315d565d242bcee50a10f50c801bb9637e74e329e184e56b5fb236ac7a3 [none]
[debug] [2026-01-08T21:45:14.604Z] >>> [apiv2][body] POST https://upload-firebasehosting.googleapis.com/upload/sites/blog-ca662/versions/ebbe38b88af18219/files/e6a4c315d565d242bcee50a10f50c801bb9637e74e329e184e56b5fb236ac7a3 [stream]
[debug] [2026-01-08T21:45:14.612Z] >>> [apiv2][query] POST https://upload-firebasehosting.googleapis.com/upload/sites/blog-ca662/versions/ebbe38b88af18219/files/5a9bb44473f64411ca5f7898c450e2db13558ee4b94f23869af6a5d5073ca470 [none]
[debug] [2026-01-08T21:45:14.612Z] >>> [apiv2][body] POST https://upload-firebasehosting.googleapis.com/upload/sites/blog-ca662/versions/ebbe38b88af18219/files/5a9bb44473f64411ca5f7898c450e2db13558ee4b94f23869af6a5d5073ca470 [stream]
[debug] [2026-01-08T21:45:14.614Z] >>> [apiv2][query] POST https://upload-firebasehosting.googleapis.com/upload/sites/blog-ca662/versions/ebbe38b88af18219/files/cd29fa4af51f366af213dcdf6ee9d6a61ef5b10c2058155e77f55a6010483ce7 [none]
[debug] [2026-01-08T21:45:14.614Z] >>> [apiv2][body] POST https://upload-firebasehosting.googleapis.com/upload/sites/blog-ca662/versions/ebbe38b88af18219/files/cd29fa4af51f366af213dcdf6ee9d6a61ef5b10c2058155e77f55a6010483ce7 [stream]
[debug] [2026-01-08T21:45:14.615Z] >>> [apiv2][query] POST https://upload-firebasehosting.googleapis.com/upload/sites/blog-ca662/versions/ebbe38b88af18219/files/7679b6b2ad8193a25d6f6ccb47b9dba91ce68f13ea98532281f757f0dab10095 [none]
[debug] [2026-01-08T21:45:14.616Z] >>> [apiv2][body] POST https://upload-firebasehosting.googleapis.com/upload/sites/blog-ca662/versions/ebbe38b88af18219/files/7679b6b2ad8193a25d6f6ccb47b9dba91ce68f13ea98532281f757f0dab10095 [stream]
[debug] [2026-01-08T21:45:14.617Z] >>> [apiv2][query] POST https://upload-firebasehosting.googleapis.com/upload/sites/blog-ca662/versions/ebbe38b88af18219/files/72bd2cd757fdce59e0da64b49ab9abaa780ab4bd6173b82dcd67313759e6c0eb [none]
[debug] [2026-01-08T21:45:14.617Z] >>> [apiv2][body] POST https://upload-firebasehosting.googleapis.com/upload/sites/blog-ca662/versions/ebbe38b88af18219/files/72bd2cd757fdce59e0da64b49ab9abaa780ab4bd6173b82dcd67313759e6c0eb [stream]
[debug] [2026-01-08T21:45:14.618Z] [hosting][populate queue][FINAL] {"max":825,"min":825,"avg":825,"active":0,"complete":1,"success":1,"errored":0,"retried":0,"total":1,"elapsed":839}
[debug] [2026-01-08T21:45:14.619Z] [hosting] uploads queued: 5
[debug] [2026-01-08T21:45:15.501Z] <<< [apiv2][status] POST https://upload-firebasehosting.googleapis.com/upload/sites/blog-ca662/versions/ebbe38b88af18219/files/cd29fa4af51f366af213dcdf6ee9d6a61ef5b10c2058155e77f55a6010483ce7 200
[debug] [2026-01-08T21:45:15.501Z] <<< [apiv2][body] POST https://upload-firebasehosting.googleapis.com/upload/sites/blog-ca662/versions/ebbe38b88af18219/files/cd29fa4af51f366af213dcdf6ee9d6a61ef5b10c2058155e77f55a6010483ce7 [stream]
[debug] [2026-01-08T21:45:15.507Z] <<< [apiv2][status] POST https://upload-firebasehosting.googleapis.com/upload/sites/blog-ca662/versions/ebbe38b88af18219/files/5a9bb44473f64411ca5f7898c450e2db13558ee4b94f23869af6a5d5073ca470 200
[debug] [2026-01-08T21:45:15.507Z] <<< [apiv2][body] POST https://upload-firebasehosting.googleapis.com/upload/sites/blog-ca662/versions/ebbe38b88af18219/files/5a9bb44473f64411ca5f7898c450e2db13558ee4b94f23869af6a5d5073ca470 [stream]
[debug] [2026-01-08T21:45:15.566Z] <<< [apiv2][status] POST https://upload-firebasehosting.googleapis.com/upload/sites/blog-ca662/versions/ebbe38b88af18219/files/e6a4c315d565d242bcee50a10f50c801bb9637e74e329e184e56b5fb236ac7a3 200
[debug] [2026-01-08T21:45:15.566Z] <<< [apiv2][body] POST https://upload-firebasehosting.googleapis.com/upload/sites/blog-ca662/versions/ebbe38b88af18219/files/e6a4c315d565d242bcee50a10f50c801bb9637e74e329e184e56b5fb236ac7a3 [stream]
[debug] [2026-01-08T21:45:15.700Z] <<< [apiv2][status] POST https://upload-firebasehosting.googleapis.com/upload/sites/blog-ca662/versions/ebbe38b88af18219/files/72bd2cd757fdce59e0da64b49ab9abaa780ab4bd6173b82dcd67313759e6c0eb 200
[debug] [2026-01-08T21:45:15.701Z] <<< [apiv2][body] POST https://upload-firebasehosting.googleapis.com/upload/sites/blog-ca662/versions/ebbe38b88af18219/files/72bd2cd757fdce59e0da64b49ab9abaa780ab4bd6173b82dcd67313759e6c0eb [stream]
[debug] [2026-01-08T21:45:15.866Z] <<< [apiv2][status] POST https://upload-firebasehosting.googleapis.com/upload/sites/blog-ca662/versions/ebbe38b88af18219/files/7679b6b2ad8193a25d6f6ccb47b9dba91ce68f13ea98532281f757f0dab10095 200
[debug] [2026-01-08T21:45:15.866Z] <<< [apiv2][body] POST https://upload-firebasehosting.googleapis.com/upload/sites/blog-ca662/versions/ebbe38b88af18219/files/7679b6b2ad8193a25d6f6ccb47b9dba91ce68f13ea98532281f757f0dab10095 [stream]
[debug] [2026-01-08T21:45:15.866Z] [hosting][upload queue][FINAL] {"max":1267,"min":905,"avg":1032,"active":0,"complete":5,"success":5,"errored":0,"retried":0,"total":5,"elapsed":1279}
[info] +  hosting[blog-ca662]: file upload complete 
[debug] [2026-01-08T21:45:15.867Z] [hosting] deploy completed after 5160ms
[info] i  functions: updating Node.js 20 (2nd Gen) function firebase-frameworks-blog-ca662:ssrblogca662(us-central1)... 
[debug] [2026-01-08T21:45:15.878Z] Checked if tokens are valid: true, expires at: 1767910446517
[debug] [2026-01-08T21:45:15.879Z] Checked if tokens are valid: true, expires at: 1767910446517
[debug] [2026-01-08T21:45:15.880Z] >>> [apiv2][query] PATCH https://cloudfunctions.googleapis.com/v2/projects/blog-ca662/locations/us-central1/functions/ssrblogca662 updateMask=name%2CbuildConfig.runtime%2CbuildConfig.entryPoint%2CbuildConfig.source.storageSource.bucket%2CbuildConfig.source.storageSource.object%2CbuildConfig.environmentVariables%2CbuildConfig.sourceToken%2CserviceConfig.environmentVariables%2CserviceConfig.ingressSettings%2CserviceConfig.timeoutSeconds%2CserviceConfig.serviceAccountEmail%2CserviceConfig.availableMemory%2CserviceConfig.minInstanceCount%2CserviceConfig.maxInstanceCount%2CserviceConfig.maxInstanceRequestConcurrency%2CserviceConfig.availableCpu%2CserviceConfig.vpcConnector%2CserviceConfig.vpcConnectorEgressSettings%2Clabels%2CbuildConfig.buildEnvironmentVariables
[debug] [2026-01-08T21:45:15.883Z] >>> [apiv2][body] PATCH https://cloudfunctions.googleapis.com/v2/projects/blog-ca662/locations/us-central1/functions/ssrblogca662 {"name":"projects/blog-ca662/locations/us-central1/functions/ssrblogca662","buildConfig":{"runtime":"nodejs20","entryPoint":"ssrblogca662","source":{"storageSource":{"bucket":"gcf-v2-uploads-284614412812.us-central1.cloudfunctions.appspot.com","object":"3efe1f1e-632d-4b64-b36f-1aa278265c31.zip"}},"environmentVariables":{"GOOGLE_NODE_RUN_SCRIPTS":""}},"serviceConfig":{"environmentVariables":{"VERCEL_URL":"blog-ca662.web.app","__FIREBASE_FRAMEWORKS_ENTRY__":"next.js","__FIREBASE_DEFAULTS__":"{\"config\":{\"projectId\":\"blog-ca662\",\"appId\":\"1:284614412812:web:1c1ccb42f7e0870875fc29\",\"storageBucket\":\"blog-ca662.appspot.com\",\"locationId\":\"us-central\",\"apiKey\":\"AIzaSyAvvbq7egmHbW1z6wy8N-0aNeKOUg1a0Q8\",\"authDomain\":\"blog-ca662.firebaseapp.com\",\"messagingSenderId\":\"284614412812\",\"measurementId\":\"G-R62489Y36G\",\"projectNumber\":\"284614412812\",\"version\":\"2\"},\"_authTokenSyncURL\":\"/__session\"}","FIREBASE_CONFIG":"{\"projectId\":\"blog-ca662\",\"storageBucket\":\"blog-ca662.appspot.com\",\"locationId\":\"us-central\"}","GCLOUD_PROJECT":"blog-ca662","EVENTARC_CLOUD_EVENT_SOURCE":"projects/blog-ca662/locations/us-central1/services/ssrblogca662","FUNCTION_TARGET":"ssrblogca662","LOG_EXECUTION_ID":"true"},"ingressSettings":null,"timeoutSeconds":null,"serviceAccountEmail":null,"availableMemory":"256Mi","minInstanceCount":null,"maxInstanceCount":null,"maxInstanceRequestConcurrency":80,"availableCpu":"1","vpcConnector":null,"vpcConnectorEgressSettings":null},"labels":{"deployment-tool":"cli-firebase","firebase-functions-codebase":"firebase-frameworks-blog-ca662","firebase-functions-hash":"0c820c1cae982882b46ba7ee8fa12d3aa81525b6"}}
[debug] [2026-01-08T21:45:17.061Z] <<< [apiv2][status] PATCH https://cloudfunctions.googleapis.com/v2/projects/blog-ca662/locations/us-central1/functions/ssrblogca662 200
[debug] [2026-01-08T21:45:17.061Z] <<< [apiv2][body] PATCH https://cloudfunctions.googleapis.com/v2/projects/blog-ca662/locations/us-central1/functions/ssrblogca662 {"name":"projects/blog-ca662/locations/us-central1/operations/operation-1767908720639-647e75349ff09-3035516b-c8485de6","metadata":{"@type":"type.googleapis.com/google.cloud.functions.v2.OperationMetadata","createTime":"2026-01-08T21:45:21.324998660Z","target":"projects/blog-ca662/locations/us-central1/functions/ssrblogca662","verb":"update","cancelRequested":false,"apiVersion":"v2"},"done":false}
[debug] [2026-01-08T21:45:17.062Z] Checked if tokens are valid: true, expires at: 1767910446517
[debug] [2026-01-08T21:45:17.062Z] Checked if tokens are valid: true, expires at: 1767910446517
[debug] [2026-01-08T21:45:17.062Z] >>> [apiv2][query] GET https://cloudfunctions.googleapis.com/v2/projects/blog-ca662/locations/us-central1/operations/operation-1767908720639-647e75349ff09-3035516b-c8485de6 [none]
[debug] [2026-01-08T21:45:17.369Z] <<< [apiv2][status] GET https://cloudfunctions.googleapis.com/v2/projects/blog-ca662/locations/us-central1/operations/operation-1767908720639-647e75349ff09-3035516b-c8485de6 200
[debug] [2026-01-08T21:45:17.369Z] <<< [apiv2][body] GET https://cloudfunctions.googleapis.com/v2/projects/blog-ca662/locations/us-central1/operations/operation-1767908720639-647e75349ff09-3035516b-c8485de6 {"name":"projects/blog-ca662/locations/us-central1/operations/operation-1767908720639-647e75349ff09-3035516b-c8485de6","metadata":{"@type":"type.googleapis.com/google.cloud.functions.v2.OperationMetadata","createTime":"2026-01-08T21:45:21.324998660Z","target":"projects/blog-ca662/locations/us-central1/functions/ssrblogca662","verb":"update","cancelRequested":false,"apiVersion":"v2","requestResource":{"@type":"type.googleapis.com/google.cloud.functions.v2.Function","name":"projects/blog-ca662/locations/us-central1/functions/ssrblogca662","buildConfig":{"runtime":"nodejs20","entryPoint":"ssrblogca662","source":{"storageSource":{"bucket":"gcf-v2-sources-284614412812-us-central1","object":"ssrblogca662/function-source.zip","generation":"1767908721274573"}},"environmentVariables":{"GOOGLE_NODE_RUN_SCRIPTS":""},"dockerRepository":"projects/blog-ca662/locations/us-central1/repositories/gcf-artifacts","sourceProvenance":{"resolvedStorageSource":{"bucket":"gcf-v2-sources-284614412812-us-central1","object":"ssrblogca662/function-source.zip","generation":"1736828886967681"}},"dockerRegistry":"ARTIFACT_REGISTRY","serviceAccount":"projects/blog-ca662/serviceAccounts/284614412812-compute@developer.gserviceaccount.com","automaticUpdatePolicy":{}},"serviceConfig":{"service":"projects/blog-ca662/locations/us-central1/services/ssrblogca662","timeoutSeconds":60,"environmentVariables":{"VERCEL_URL":"blog-ca662.web.app","__FIREBASE_FRAMEWORKS_ENTRY__":"next.js","__FIREBASE_DEFAULTS__":"{\"config\":{\"projectId\":\"blog-ca662\",\"appId\":\"1:284614412812:web:1c1ccb42f7e0870875fc29\",\"storageBucket\":\"blog-ca662.appspot.com\",\"locationId\":\"us-central\",\"apiKey\":\"AIzaSyAvvbq7egmHbW1z6wy8N-0aNeKOUg1a0Q8\",\"authDomain\":\"blog-ca662.firebaseapp.com\",\"messagingSenderId\":\"284614412812\",\"measurementId\":\"G-R62489Y36G\",\"projectNumber\":\"284614412812\",\"version\":\"2\"},\"_authTokenSyncURL\":\"/__session\"}","FIREBASE_CONFIG":"{\"projectId\":\"blog-ca662\",\"storageBucket\":\"blog-ca662.appspot.com\",\"locationId\":\"us-central\"}","GCLOUD_PROJECT":"blog-ca662","EVENTARC_CLOUD_EVENT_SOURCE":"projects/blog-ca662/locations/us-central1/services/ssrblogca662","FUNCTION_TARGET":"ssrblogca662","LOG_EXECUTION_ID":"true"},"ingressSettings":"ALLOW_ALL","uri":"https://ssrblogca662-jfo7awey6a-uc.a.run.app","serviceAccountEmail":"284614412812-compute@developer.gserviceaccount.com","availableMemory":"256Mi","allTrafficOnLatestRevision":true,"revision":"ssrblogca662-00049-jak","maxInstanceRequestConcurrency":80,"availableCpu":"1"},"state":"ACTIVE","labels":{"deployment-tool":"cli-firebase","firebase-functions-codebase":"firebase-frameworks-blog-ca662","firebase-functions-hash":"0c820c1cae982882b46ba7ee8fa12d3aa81525b6"},"environment":"GEN_2","url":"https://us-central1-blog-ca662.cloudfunctions.net/ssrblogca662","satisfiesPzi":true},"stages":[{"name":"BUILD","state":"NOT_STARTED"},{"name":"SERVICE","state":"NOT_STARTED"}],"operationType":"UPDATE_FUNCTION"},"done":false}
[debug] [2026-01-08T21:45:17.883Z] [update-firebase-frameworks-blog-ca662-us-central1-ssrblogca662] Retrying task index 0
[debug] [2026-01-08T21:45:17.883Z] Checked if tokens are valid: true, expires at: 1767910446517
[debug] [2026-01-08T21:45:17.883Z] Checked if tokens are valid: true, expires at: 1767910446517
[debug] [2026-01-08T21:45:17.883Z] >>> [apiv2][query] GET https://cloudfunctions.googleapis.com/v2/projects/blog-ca662/locations/us-central1/operations/operation-1767908720639-647e75349ff09-3035516b-c8485de6 [none]
[debug] [2026-01-08T21:45:18.289Z] <<< [apiv2][status] GET https://cloudfunctions.googleapis.com/v2/projects/blog-ca662/locations/us-central1/operations/operation-1767908720639-647e75349ff09-3035516b-c8485de6 200
[debug] [2026-01-08T21:45:18.289Z] <<< [apiv2][body] GET https://cloudfunctions.googleapis.com/v2/projects/blog-ca662/locations/us-central1/operations/operation-1767908720639-647e75349ff09-3035516b-c8485de6 {"name":"projects/blog-ca662/locations/us-central1/operations/operation-1767908720639-647e75349ff09-3035516b-c8485de6","metadata":{"@type":"type.googleapis.com/google.cloud.functions.v2.OperationMetadata","createTime":"2026-01-08T21:45:21.324998660Z","target":"projects/blog-ca662/locations/us-central1/functions/ssrblogca662","verb":"update","cancelRequested":false,"apiVersion":"v2","requestResource":{"@type":"type.googleapis.com/google.cloud.functions.v2.Function","name":"projects/blog-ca662/locations/us-central1/functions/ssrblogca662","buildConfig":{"runtime":"nodejs20","entryPoint":"ssrblogca662","source":{"storageSource":{"bucket":"gcf-v2-sources-284614412812-us-central1","object":"ssrblogca662/function-source.zip","generation":"1767908721274573"}},"environmentVariables":{"GOOGLE_NODE_RUN_SCRIPTS":""},"dockerRepository":"projects/blog-ca662/locations/us-central1/repositories/gcf-artifacts","sourceProvenance":{"resolvedStorageSource":{"bucket":"gcf-v2-sources-284614412812-us-central1","object":"ssrblogca662/function-source.zip","generation":"1736828886967681"}},"dockerRegistry":"ARTIFACT_REGISTRY","serviceAccount":"projects/blog-ca662/serviceAccounts/284614412812-compute@developer.gserviceaccount.com","automaticUpdatePolicy":{}},"serviceConfig":{"service":"projects/blog-ca662/locations/us-central1/services/ssrblogca662","timeoutSeconds":60,"environmentVariables":{"VERCEL_URL":"blog-ca662.web.app","__FIREBASE_FRAMEWORKS_ENTRY__":"next.js","__FIREBASE_DEFAULTS__":"{\"config\":{\"projectId\":\"blog-ca662\",\"appId\":\"1:284614412812:web:1c1ccb42f7e0870875fc29\",\"storageBucket\":\"blog-ca662.appspot.com\",\"locationId\":\"us-central\",\"apiKey\":\"AIzaSyAvvbq7egmHbW1z6wy8N-0aNeKOUg1a0Q8\",\"authDomain\":\"blog-ca662.firebaseapp.com\",\"messagingSenderId\":\"284614412812\",\"measurementId\":\"G-R62489Y36G\",\"projectNumber\":\"284614412812\",\"version\":\"2\"},\"_authTokenSyncURL\":\"/__session\"}","FIREBASE_CONFIG":"{\"projectId\":\"blog-ca662\",\"storageBucket\":\"blog-ca662.appspot.com\",\"locationId\":\"us-central\"}","GCLOUD_PROJECT":"blog-ca662","EVENTARC_CLOUD_EVENT_SOURCE":"projects/blog-ca662/locations/us-central1/services/ssrblogca662","FUNCTION_TARGET":"ssrblogca662","LOG_EXECUTION_ID":"true"},"ingressSettings":"ALLOW_ALL","uri":"https://ssrblogca662-jfo7awey6a-uc.a.run.app","serviceAccountEmail":"284614412812-compute@developer.gserviceaccount.com","availableMemory":"256Mi","allTrafficOnLatestRevision":true,"revision":"ssrblogca662-00049-jak","maxInstanceRequestConcurrency":80,"availableCpu":"1"},"state":"ACTIVE","labels":{"deployment-tool":"cli-firebase","firebase-functions-codebase":"firebase-frameworks-blog-ca662","firebase-functions-hash":"0c820c1cae982882b46ba7ee8fa12d3aa81525b6"},"environment":"GEN_2","url":"https://us-central1-blog-ca662.cloudfunctions.net/ssrblogca662","satisfiesPzi":true},"stages":[{"name":"BUILD","message":"Build in progress","state":"IN_PROGRESS","resource":"projects/284614412812/locations/us-central1/builds/bfafd2d2-165d-452f-a1a4-3a038403df18","resourceUri":"https://console.cloud.google.com/cloud-build/builds;region=us-central1/bfafd2d2-165d-452f-a1a4-3a038403df18?project=284614412812"},{"name":"SERVICE","state":"NOT_STARTED"}],"operationType":"UPDATE_FUNCTION","buildName":"projects/284614412812/locations/us-central1/builds/bfafd2d2-165d-452f-a1a4-3a038403df18"},"done":false}
[debug] [2026-01-08T21:45:19.303Z] [update-firebase-frameworks-blog-ca662-us-central1-ssrblogca662] Retrying task index 0
[debug] [2026-01-08T21:45:19.303Z] Checked if tokens are valid: true, expires at: 1767910446517
[debug] [2026-01-08T21:45:19.303Z] Checked if tokens are valid: true, expires at: 1767910446517
[debug] [2026-01-08T21:45:19.304Z] >>> [apiv2][query] GET https://cloudfunctions.googleapis.com/v2/projects/blog-ca662/locations/us-central1/operations/operation-1767908720639-647e75349ff09-3035516b-c8485de6 [none]
[debug] [2026-01-08T21:45:19.601Z] <<< [apiv2][status] GET https://cloudfunctions.googleapis.com/v2/projects/blog-ca662/locations/us-central1/operations/operation-1767908720639-647e75349ff09-3035516b-c8485de6 200
[debug] [2026-01-08T21:45:19.601Z] <<< [apiv2][body] GET https://cloudfunctions.googleapis.com/v2/projects/blog-ca662/locations/us-central1/operations/operation-1767908720639-647e75349ff09-3035516b-c8485de6 {"name":"projects/blog-ca662/locations/us-central1/operations/operation-1767908720639-647e75349ff09-3035516b-c8485de6","metadata":{"@type":"type.googleapis.com/google.cloud.functions.v2.OperationMetadata","createTime":"2026-01-08T21:45:21.324998660Z","target":"projects/blog-ca662/locations/us-central1/functions/ssrblogca662","verb":"update","cancelRequested":false,"apiVersion":"v2","requestResource":{"@type":"type.googleapis.com/google.cloud.functions.v2.Function","name":"projects/blog-ca662/locations/us-central1/functions/ssrblogca662","buildConfig":{"runtime":"nodejs20","entryPoint":"ssrblogca662","source":{"storageSource":{"bucket":"gcf-v2-sources-284614412812-us-central1","object":"ssrblogca662/function-source.zip","generation":"1767908721274573"}},"environmentVariables":{"GOOGLE_NODE_RUN_SCRIPTS":""},"dockerRepository":"projects/blog-ca662/locations/us-central1/repositories/gcf-artifacts","sourceProvenance":{"resolvedStorageSource":{"bucket":"gcf-v2-sources-284614412812-us-central1","object":"ssrblogca662/function-source.zip","generation":"1736828886967681"}},"dockerRegistry":"ARTIFACT_REGISTRY","serviceAccount":"projects/blog-ca662/serviceAccounts/284614412812-compute@developer.gserviceaccount.com","automaticUpdatePolicy":{}},"serviceConfig":{"service":"projects/blog-ca662/locations/us-central1/services/ssrblogca662","timeoutSeconds":60,"environmentVariables":{"VERCEL_URL":"blog-ca662.web.app","__FIREBASE_FRAMEWORKS_ENTRY__":"next.js","__FIREBASE_DEFAULTS__":"{\"config\":{\"projectId\":\"blog-ca662\",\"appId\":\"1:284614412812:web:1c1ccb42f7e0870875fc29\",\"storageBucket\":\"blog-ca662.appspot.com\",\"locationId\":\"us-central\",\"apiKey\":\"AIzaSyAvvbq7egmHbW1z6wy8N-0aNeKOUg1a0Q8\",\"authDomain\":\"blog-ca662.firebaseapp.com\",\"messagingSenderId\":\"284614412812\",\"measurementId\":\"G-R62489Y36G\",\"projectNumber\":\"284614412812\",\"version\":\"2\"},\"_authTokenSyncURL\":\"/__session\"}","FIREBASE_CONFIG":"{\"projectId\":\"blog-ca662\",\"storageBucket\":\"blog-ca662.appspot.com\",\"locationId\":\"us-central\"}","GCLOUD_PROJECT":"blog-ca662","EVENTARC_CLOUD_EVENT_SOURCE":"projects/blog-ca662/locations/us-central1/services/ssrblogca662","FUNCTION_TARGET":"ssrblogca662","LOG_EXECUTION_ID":"true"},"ingressSettings":"ALLOW_ALL","uri":"https://ssrblogca662-jfo7awey6a-uc.a.run.app","serviceAccountEmail":"284614412812-compute@developer.gserviceaccount.com","availableMemory":"256Mi","allTrafficOnLatestRevision":true,"revision":"ssrblogca662-00049-jak","maxInstanceRequestConcurrency":80,"availableCpu":"1"},"state":"ACTIVE","labels":{"deployment-tool":"cli-firebase","firebase-functions-codebase":"firebase-frameworks-blog-ca662","firebase-functions-hash":"0c820c1cae982882b46ba7ee8fa12d3aa81525b6"},"environment":"GEN_2","url":"https://us-central1-blog-ca662.cloudfunctions.net/ssrblogca662","satisfiesPzi":true},"stages":[{"name":"BUILD","message":"Build in progress","state":"IN_PROGRESS","resource":"projects/284614412812/locations/us-central1/builds/bfafd2d2-165d-452f-a1a4-3a038403df18","resourceUri":"https://console.cloud.google.com/cloud-build/builds;region=us-central1/bfafd2d2-165d-452f-a1a4-3a038403df18?project=284614412812"},{"name":"SERVICE","state":"NOT_STARTED"}],"operationType":"UPDATE_FUNCTION","buildName":"projects/284614412812/locations/us-central1/builds/bfafd2d2-165d-452f-a1a4-3a038403df18"},"done":false}
[debug] [2026-01-08T21:45:21.620Z] [update-firebase-frameworks-blog-ca662-us-central1-ssrblogca662] Retrying task index 0
[debug] [2026-01-08T21:45:21.620Z] Checked if tokens are valid: true, expires at: 1767910446517
[debug] [2026-01-08T21:45:21.620Z] Checked if tokens are valid: true, expires at: 1767910446517
[debug] [2026-01-08T21:45:21.620Z] >>> [apiv2][query] GET https://cloudfunctions.googleapis.com/v2/projects/blog-ca662/locations/us-central1/operations/operation-1767908720639-647e75349ff09-3035516b-c8485de6 [none]
[debug] [2026-01-08T21:45:21.898Z] <<< [apiv2][status] GET https://cloudfunctions.googleapis.com/v2/projects/blog-ca662/locations/us-central1/operations/operation-1767908720639-647e75349ff09-3035516b-c8485de6 200
[debug] [2026-01-08T21:45:21.899Z] <<< [apiv2][body] GET https://cloudfunctions.googleapis.com/v2/projects/blog-ca662/locations/us-central1/operations/operation-1767908720639-647e75349ff09-3035516b-c8485de6 {"name":"projects/blog-ca662/locations/us-central1/operations/operation-1767908720639-647e75349ff09-3035516b-c8485de6","metadata":{"@type":"type.googleapis.com/google.cloud.functions.v2.OperationMetadata","createTime":"2026-01-08T21:45:21.324998660Z","target":"projects/blog-ca662/locations/us-central1/functions/ssrblogca662","verb":"update","cancelRequested":false,"apiVersion":"v2","requestResource":{"@type":"type.googleapis.com/google.cloud.functions.v2.Function","name":"projects/blog-ca662/locations/us-central1/functions/ssrblogca662","buildConfig":{"runtime":"nodejs20","entryPoint":"ssrblogca662","source":{"storageSource":{"bucket":"gcf-v2-sources-284614412812-us-central1","object":"ssrblogca662/function-source.zip","generation":"1767908721274573"}},"environmentVariables":{"GOOGLE_NODE_RUN_SCRIPTS":""},"dockerRepository":"projects/blog-ca662/locations/us-central1/repositories/gcf-artifacts","sourceProvenance":{"resolvedStorageSource":{"bucket":"gcf-v2-sources-284614412812-us-central1","object":"ssrblogca662/function-source.zip","generation":"1736828886967681"}},"dockerRegistry":"ARTIFACT_REGISTRY","serviceAccount":"projects/blog-ca662/serviceAccounts/284614412812-compute@developer.gserviceaccount.com","automaticUpdatePolicy":{}},"serviceConfig":{"service":"projects/blog-ca662/locations/us-central1/services/ssrblogca662","timeoutSeconds":60,"environmentVariables":{"VERCEL_URL":"blog-ca662.web.app","__FIREBASE_FRAMEWORKS_ENTRY__":"next.js","__FIREBASE_DEFAULTS__":"{\"config\":{\"projectId\":\"blog-ca662\",\"appId\":\"1:284614412812:web:1c1ccb42f7e0870875fc29\",\"storageBucket\":\"blog-ca662.appspot.com\",\"locationId\":\"us-central\",\"apiKey\":\"AIzaSyAvvbq7egmHbW1z6wy8N-0aNeKOUg1a0Q8\",\"authDomain\":\"blog-ca662.firebaseapp.com\",\"messagingSenderId\":\"284614412812\",\"measurementId\":\"G-R62489Y36G\",\"projectNumber\":\"284614412812\",\"version\":\"2\"},\"_authTokenSyncURL\":\"/__session\"}","FIREBASE_CONFIG":"{\"projectId\":\"blog-ca662\",\"storageBucket\":\"blog-ca662.appspot.com\",\"locationId\":\"us-central\"}","GCLOUD_PROJECT":"blog-ca662","EVENTARC_CLOUD_EVENT_SOURCE":"projects/blog-ca662/locations/us-central1/services/ssrblogca662","FUNCTION_TARGET":"ssrblogca662","LOG_EXECUTION_ID":"true"},"ingressSettings":"ALLOW_ALL","uri":"https://ssrblogca662-jfo7awey6a-uc.a.run.app","serviceAccountEmail":"284614412812-compute@developer.gserviceaccount.com","availableMemory":"256Mi","allTrafficOnLatestRevision":true,"revision":"ssrblogca662-00049-jak","maxInstanceRequestConcurrency":80,"availableCpu":"1"},"state":"ACTIVE","labels":{"deployment-tool":"cli-firebase","firebase-functions-codebase":"firebase-frameworks-blog-ca662","firebase-functions-hash":"0c820c1cae982882b46ba7ee8fa12d3aa81525b6"},"environment":"GEN_2","url":"https://us-central1-blog-ca662.cloudfunctions.net/ssrblogca662","satisfiesPzi":true},"stages":[{"name":"BUILD","message":"Build in progress","state":"IN_PROGRESS","resource":"projects/284614412812/locations/us-central1/builds/bfafd2d2-165d-452f-a1a4-3a038403df18","resourceUri":"https://console.cloud.google.com/cloud-build/builds;region=us-central1/bfafd2d2-165d-452f-a1a4-3a038403df18?project=284614412812"},{"name":"SERVICE","state":"NOT_STARTED"}],"operationType":"UPDATE_FUNCTION","buildName":"projects/284614412812/locations/us-central1/builds/bfafd2d2-165d-452f-a1a4-3a038403df18"},"done":false}
[debug] [2026-01-08T21:45:25.903Z] [update-firebase-frameworks-blog-ca662-us-central1-ssrblogca662] Retrying task index 0
[debug] [2026-01-08T21:45:25.903Z] Checked if tokens are valid: true, expires at: 1767910446517
[debug] [2026-01-08T21:45:25.904Z] Checked if tokens are valid: true, expires at: 1767910446517
[debug] [2026-01-08T21:45:25.906Z] >>> [apiv2][query] GET https://cloudfunctions.googleapis.com/v2/projects/blog-ca662/locations/us-central1/operations/operation-1767908720639-647e75349ff09-3035516b-c8485de6 [none]
[debug] [2026-01-08T21:45:26.410Z] <<< [apiv2][status] GET https://cloudfunctions.googleapis.com/v2/projects/blog-ca662/locations/us-central1/operations/operation-1767908720639-647e75349ff09-3035516b-c8485de6 200
[debug] [2026-01-08T21:45:26.410Z] <<< [apiv2][body] GET https://cloudfunctions.googleapis.com/v2/projects/blog-ca662/locations/us-central1/operations/operation-1767908720639-647e75349ff09-3035516b-c8485de6 {"name":"projects/blog-ca662/locations/us-central1/operations/operation-1767908720639-647e75349ff09-3035516b-c8485de6","metadata":{"@type":"type.googleapis.com/google.cloud.functions.v2.OperationMetadata","createTime":"2026-01-08T21:45:21.324998660Z","target":"projects/blog-ca662/locations/us-central1/functions/ssrblogca662","verb":"update","cancelRequested":false,"apiVersion":"v2","requestResource":{"@type":"type.googleapis.com/google.cloud.functions.v2.Function","name":"projects/blog-ca662/locations/us-central1/functions/ssrblogca662","buildConfig":{"runtime":"nodejs20","entryPoint":"ssrblogca662","source":{"storageSource":{"bucket":"gcf-v2-sources-284614412812-us-central1","object":"ssrblogca662/function-source.zip","generation":"1767908721274573"}},"environmentVariables":{"GOOGLE_NODE_RUN_SCRIPTS":""},"dockerRepository":"projects/blog-ca662/locations/us-central1/repositories/gcf-artifacts","sourceProvenance":{"resolvedStorageSource":{"bucket":"gcf-v2-sources-284614412812-us-central1","object":"ssrblogca662/function-source.zip","generation":"1736828886967681"}},"dockerRegistry":"ARTIFACT_REGISTRY","serviceAccount":"projects/blog-ca662/serviceAccounts/284614412812-compute@developer.gserviceaccount.com","automaticUpdatePolicy":{}},"serviceConfig":{"service":"projects/blog-ca662/locations/us-central1/services/ssrblogca662","timeoutSeconds":60,"environmentVariables":{"VERCEL_URL":"blog-ca662.web.app","__FIREBASE_FRAMEWORKS_ENTRY__":"next.js","__FIREBASE_DEFAULTS__":"{\"config\":{\"projectId\":\"blog-ca662\",\"appId\":\"1:284614412812:web:1c1ccb42f7e0870875fc29\",\"storageBucket\":\"blog-ca662.appspot.com\",\"locationId\":\"us-central\",\"apiKey\":\"AIzaSyAvvbq7egmHbW1z6wy8N-0aNeKOUg1a0Q8\",\"authDomain\":\"blog-ca662.firebaseapp.com\",\"messagingSenderId\":\"284614412812\",\"measurementId\":\"G-R62489Y36G\",\"projectNumber\":\"284614412812\",\"version\":\"2\"},\"_authTokenSyncURL\":\"/__session\"}","FIREBASE_CONFIG":"{\"projectId\":\"blog-ca662\",\"storageBucket\":\"blog-ca662.appspot.com\",\"locationId\":\"us-central\"}","GCLOUD_PROJECT":"blog-ca662","EVENTARC_CLOUD_EVENT_SOURCE":"projects/blog-ca662/locations/us-central1/services/ssrblogca662","FUNCTION_TARGET":"ssrblogca662","LOG_EXECUTION_ID":"true"},"ingressSettings":"ALLOW_ALL","uri":"https://ssrblogca662-jfo7awey6a-uc.a.run.app","serviceAccountEmail":"284614412812-compute@developer.gserviceaccount.com","availableMemory":"256Mi","allTrafficOnLatestRevision":true,"revision":"ssrblogca662-00049-jak","maxInstanceRequestConcurrency":80,"availableCpu":"1"},"state":"ACTIVE","labels":{"deployment-tool":"cli-firebase","firebase-functions-codebase":"firebase-frameworks-blog-ca662","firebase-functions-hash":"0c820c1cae982882b46ba7ee8fa12d3aa81525b6"},"environment":"GEN_2","url":"https://us-central1-blog-ca662.cloudfunctions.net/ssrblogca662","satisfiesPzi":true},"stages":[{"name":"BUILD","message":"Build in progress","state":"IN_PROGRESS","resource":"projects/284614412812/locations/us-central1/builds/bfafd2d2-165d-452f-a1a4-3a038403df18","resourceUri":"https://console.cloud.google.com/cloud-build/builds;region=us-central1/bfafd2d2-165d-452f-a1a4-3a038403df18?project=284614412812"},{"name":"SERVICE","state":"NOT_STARTED"}],"operationType":"UPDATE_FUNCTION","buildName":"projects/284614412812/locations/us-central1/builds/bfafd2d2-165d-452f-a1a4-3a038403df18"},"done":false}
[debug] [2026-01-08T21:45:34.419Z] [update-firebase-frameworks-blog-ca662-us-central1-ssrblogca662] Retrying task index 0
[debug] [2026-01-08T21:45:34.419Z] Checked if tokens are valid: true, expires at: 1767910446517
[debug] [2026-01-08T21:45:34.419Z] Checked if tokens are valid: true, expires at: 1767910446517
[debug] [2026-01-08T21:45:34.420Z] >>> [apiv2][query] GET https://cloudfunctions.googleapis.com/v2/projects/blog-ca662/locations/us-central1/operations/operation-1767908720639-647e75349ff09-3035516b-c8485de6 [none]
[debug] [2026-01-08T21:45:34.911Z] <<< [apiv2][status] GET https://cloudfunctions.googleapis.com/v2/projects/blog-ca662/locations/us-central1/operations/operation-1767908720639-647e75349ff09-3035516b-c8485de6 200
[debug] [2026-01-08T21:45:34.911Z] <<< [apiv2][body] GET https://cloudfunctions.googleapis.com/v2/projects/blog-ca662/locations/us-central1/operations/operation-1767908720639-647e75349ff09-3035516b-c8485de6 {"name":"projects/blog-ca662/locations/us-central1/operations/operation-1767908720639-647e75349ff09-3035516b-c8485de6","metadata":{"@type":"type.googleapis.com/google.cloud.functions.v2.OperationMetadata","createTime":"2026-01-08T21:45:21.324998660Z","target":"projects/blog-ca662/locations/us-central1/functions/ssrblogca662","verb":"update","cancelRequested":false,"apiVersion":"v2","requestResource":{"@type":"type.googleapis.com/google.cloud.functions.v2.Function","name":"projects/blog-ca662/locations/us-central1/functions/ssrblogca662","buildConfig":{"runtime":"nodejs20","entryPoint":"ssrblogca662","source":{"storageSource":{"bucket":"gcf-v2-sources-284614412812-us-central1","object":"ssrblogca662/function-source.zip","generation":"1767908721274573"}},"environmentVariables":{"GOOGLE_NODE_RUN_SCRIPTS":""},"dockerRepository":"projects/blog-ca662/locations/us-central1/repositories/gcf-artifacts","sourceProvenance":{"resolvedStorageSource":{"bucket":"gcf-v2-sources-284614412812-us-central1","object":"ssrblogca662/function-source.zip","generation":"1736828886967681"}},"dockerRegistry":"ARTIFACT_REGISTRY","serviceAccount":"projects/blog-ca662/serviceAccounts/284614412812-compute@developer.gserviceaccount.com","automaticUpdatePolicy":{}},"serviceConfig":{"service":"projects/blog-ca662/locations/us-central1/services/ssrblogca662","timeoutSeconds":60,"environmentVariables":{"VERCEL_URL":"blog-ca662.web.app","__FIREBASE_FRAMEWORKS_ENTRY__":"next.js","__FIREBASE_DEFAULTS__":"{\"config\":{\"projectId\":\"blog-ca662\",\"appId\":\"1:284614412812:web:1c1ccb42f7e0870875fc29\",\"storageBucket\":\"blog-ca662.appspot.com\",\"locationId\":\"us-central\",\"apiKey\":\"AIzaSyAvvbq7egmHbW1z6wy8N-0aNeKOUg1a0Q8\",\"authDomain\":\"blog-ca662.firebaseapp.com\",\"messagingSenderId\":\"284614412812\",\"measurementId\":\"G-R62489Y36G\",\"projectNumber\":\"284614412812\",\"version\":\"2\"},\"_authTokenSyncURL\":\"/__session\"}","FIREBASE_CONFIG":"{\"projectId\":\"blog-ca662\",\"storageBucket\":\"blog-ca662.appspot.com\",\"locationId\":\"us-central\"}","GCLOUD_PROJECT":"blog-ca662","EVENTARC_CLOUD_EVENT_SOURCE":"projects/blog-ca662/locations/us-central1/services/ssrblogca662","FUNCTION_TARGET":"ssrblogca662","LOG_EXECUTION_ID":"true"},"ingressSettings":"ALLOW_ALL","uri":"https://ssrblogca662-jfo7awey6a-uc.a.run.app","serviceAccountEmail":"284614412812-compute@developer.gserviceaccount.com","availableMemory":"256Mi","allTrafficOnLatestRevision":true,"revision":"ssrblogca662-00049-jak","maxInstanceRequestConcurrency":80,"availableCpu":"1"},"state":"ACTIVE","labels":{"deployment-tool":"cli-firebase","firebase-functions-codebase":"firebase-frameworks-blog-ca662","firebase-functions-hash":"0c820c1cae982882b46ba7ee8fa12d3aa81525b6"},"environment":"GEN_2","url":"https://us-central1-blog-ca662.cloudfunctions.net/ssrblogca662","satisfiesPzi":true},"stages":[{"name":"BUILD","message":"Build in progress","state":"IN_PROGRESS","resource":"projects/284614412812/locations/us-central1/builds/bfafd2d2-165d-452f-a1a4-3a038403df18","resourceUri":"https://console.cloud.google.com/cloud-build/builds;region=us-central1/bfafd2d2-165d-452f-a1a4-3a038403df18?project=284614412812"},{"name":"SERVICE","state":"NOT_STARTED"}],"operationType":"UPDATE_FUNCTION","buildName":"projects/284614412812/locations/us-central1/builds/bfafd2d2-165d-452f-a1a4-3a038403df18"},"done":false}
[debug] [2026-01-08T21:45:44.922Z] [update-firebase-frameworks-blog-ca662-us-central1-ssrblogca662] Retrying task index 0
[debug] [2026-01-08T21:45:44.922Z] Checked if tokens are valid: true, expires at: 1767910446517
[debug] [2026-01-08T21:45:44.922Z] Checked if tokens are valid: true, expires at: 1767910446517
[debug] [2026-01-08T21:45:44.922Z] >>> [apiv2][query] GET https://cloudfunctions.googleapis.com/v2/projects/blog-ca662/locations/us-central1/operations/operation-1767908720639-647e75349ff09-3035516b-c8485de6 [none]
[debug] [2026-01-08T21:45:45.423Z] <<< [apiv2][status] GET https://cloudfunctions.googleapis.com/v2/projects/blog-ca662/locations/us-central1/operations/operation-1767908720639-647e75349ff09-3035516b-c8485de6 200
[debug] [2026-01-08T21:45:45.423Z] <<< [apiv2][body] GET https://cloudfunctions.googleapis.com/v2/projects/blog-ca662/locations/us-central1/operations/operation-1767908720639-647e75349ff09-3035516b-c8485de6 {"name":"projects/blog-ca662/locations/us-central1/operations/operation-1767908720639-647e75349ff09-3035516b-c8485de6","metadata":{"@type":"type.googleapis.com/google.cloud.functions.v2.OperationMetadata","createTime":"2026-01-08T21:45:21.324998660Z","target":"projects/blog-ca662/locations/us-central1/functions/ssrblogca662","verb":"update","cancelRequested":false,"apiVersion":"v2","requestResource":{"@type":"type.googleapis.com/google.cloud.functions.v2.Function","name":"projects/blog-ca662/locations/us-central1/functions/ssrblogca662","buildConfig":{"runtime":"nodejs20","entryPoint":"ssrblogca662","source":{"storageSource":{"bucket":"gcf-v2-sources-284614412812-us-central1","object":"ssrblogca662/function-source.zip","generation":"1767908721274573"}},"environmentVariables":{"GOOGLE_NODE_RUN_SCRIPTS":""},"dockerRepository":"projects/blog-ca662/locations/us-central1/repositories/gcf-artifacts","sourceProvenance":{"resolvedStorageSource":{"bucket":"gcf-v2-sources-284614412812-us-central1","object":"ssrblogca662/function-source.zip","generation":"1736828886967681"}},"dockerRegistry":"ARTIFACT_REGISTRY","serviceAccount":"projects/blog-ca662/serviceAccounts/284614412812-compute@developer.gserviceaccount.com","automaticUpdatePolicy":{}},"serviceConfig":{"service":"projects/blog-ca662/locations/us-central1/services/ssrblogca662","timeoutSeconds":60,"environmentVariables":{"VERCEL_URL":"blog-ca662.web.app","__FIREBASE_FRAMEWORKS_ENTRY__":"next.js","__FIREBASE_DEFAULTS__":"{\"config\":{\"projectId\":\"blog-ca662\",\"appId\":\"1:284614412812:web:1c1ccb42f7e0870875fc29\",\"storageBucket\":\"blog-ca662.appspot.com\",\"locationId\":\"us-central\",\"apiKey\":\"AIzaSyAvvbq7egmHbW1z6wy8N-0aNeKOUg1a0Q8\",\"authDomain\":\"blog-ca662.firebaseapp.com\",\"messagingSenderId\":\"284614412812\",\"measurementId\":\"G-R62489Y36G\",\"projectNumber\":\"284614412812\",\"version\":\"2\"},\"_authTokenSyncURL\":\"/__session\"}","FIREBASE_CONFIG":"{\"projectId\":\"blog-ca662\",\"storageBucket\":\"blog-ca662.appspot.com\",\"locationId\":\"us-central\"}","GCLOUD_PROJECT":"blog-ca662","EVENTARC_CLOUD_EVENT_SOURCE":"projects/blog-ca662/locations/us-central1/services/ssrblogca662","FUNCTION_TARGET":"ssrblogca662","LOG_EXECUTION_ID":"true"},"ingressSettings":"ALLOW_ALL","uri":"https://ssrblogca662-jfo7awey6a-uc.a.run.app","serviceAccountEmail":"284614412812-compute@developer.gserviceaccount.com","availableMemory":"256Mi","allTrafficOnLatestRevision":true,"revision":"ssrblogca662-00049-jak","maxInstanceRequestConcurrency":80,"availableCpu":"1"},"state":"ACTIVE","labels":{"deployment-tool":"cli-firebase","firebase-functions-codebase":"firebase-frameworks-blog-ca662","firebase-functions-hash":"0c820c1cae982882b46ba7ee8fa12d3aa81525b6"},"environment":"GEN_2","url":"https://us-central1-blog-ca662.cloudfunctions.net/ssrblogca662","satisfiesPzi":true},"stages":[{"name":"BUILD","message":"Build in progress","state":"IN_PROGRESS","resource":"projects/284614412812/locations/us-central1/builds/bfafd2d2-165d-452f-a1a4-3a038403df18","resourceUri":"https://console.cloud.google.com/cloud-build/builds;region=us-central1/bfafd2d2-165d-452f-a1a4-3a038403df18?project=284614412812"},{"name":"SERVICE","state":"NOT_STARTED"}],"operationType":"UPDATE_FUNCTION","buildName":"projects/284614412812/locations/us-central1/builds/bfafd2d2-165d-452f-a1a4-3a038403df18"},"done":false}
[debug] [2026-01-08T21:45:55.432Z] [update-firebase-frameworks-blog-ca662-us-central1-ssrblogca662] Retrying task index 0
[debug] [2026-01-08T21:45:55.433Z] Checked if tokens are valid: true, expires at: 1767910446517
[debug] [2026-01-08T21:45:55.433Z] Checked if tokens are valid: true, expires at: 1767910446517
[debug] [2026-01-08T21:45:55.433Z] >>> [apiv2][query] GET https://cloudfunctions.googleapis.com/v2/projects/blog-ca662/locations/us-central1/operations/operation-1767908720639-647e75349ff09-3035516b-c8485de6 [none]
[debug] [2026-01-08T21:45:55.929Z] <<< [apiv2][status] GET https://cloudfunctions.googleapis.com/v2/projects/blog-ca662/locations/us-central1/operations/operation-1767908720639-647e75349ff09-3035516b-c8485de6 200
[debug] [2026-01-08T21:45:55.929Z] <<< [apiv2][body] GET https://cloudfunctions.googleapis.com/v2/projects/blog-ca662/locations/us-central1/operations/operation-1767908720639-647e75349ff09-3035516b-c8485de6 {"name":"projects/blog-ca662/locations/us-central1/operations/operation-1767908720639-647e75349ff09-3035516b-c8485de6","metadata":{"@type":"type.googleapis.com/google.cloud.functions.v2.OperationMetadata","createTime":"2026-01-08T21:45:21.324998660Z","target":"projects/blog-ca662/locations/us-central1/functions/ssrblogca662","verb":"update","cancelRequested":false,"apiVersion":"v2","requestResource":{"@type":"type.googleapis.com/google.cloud.functions.v2.Function","name":"projects/blog-ca662/locations/us-central1/functions/ssrblogca662","buildConfig":{"runtime":"nodejs20","entryPoint":"ssrblogca662","source":{"storageSource":{"bucket":"gcf-v2-sources-284614412812-us-central1","object":"ssrblogca662/function-source.zip","generation":"1767908721274573"}},"environmentVariables":{"GOOGLE_NODE_RUN_SCRIPTS":""},"dockerRepository":"projects/blog-ca662/locations/us-central1/repositories/gcf-artifacts","sourceProvenance":{"resolvedStorageSource":{"bucket":"gcf-v2-sources-284614412812-us-central1","object":"ssrblogca662/function-source.zip","generation":"1736828886967681"}},"dockerRegistry":"ARTIFACT_REGISTRY","serviceAccount":"projects/blog-ca662/serviceAccounts/284614412812-compute@developer.gserviceaccount.com","automaticUpdatePolicy":{}},"serviceConfig":{"service":"projects/blog-ca662/locations/us-central1/services/ssrblogca662","timeoutSeconds":60,"environmentVariables":{"VERCEL_URL":"blog-ca662.web.app","__FIREBASE_FRAMEWORKS_ENTRY__":"next.js","__FIREBASE_DEFAULTS__":"{\"config\":{\"projectId\":\"blog-ca662\",\"appId\":\"1:284614412812:web:1c1ccb42f7e0870875fc29\",\"storageBucket\":\"blog-ca662.appspot.com\",\"locationId\":\"us-central\",\"apiKey\":\"AIzaSyAvvbq7egmHbW1z6wy8N-0aNeKOUg1a0Q8\",\"authDomain\":\"blog-ca662.firebaseapp.com\",\"messagingSenderId\":\"284614412812\",\"measurementId\":\"G-R62489Y36G\",\"projectNumber\":\"284614412812\",\"version\":\"2\"},\"_authTokenSyncURL\":\"/__session\"}","FIREBASE_CONFIG":"{\"projectId\":\"blog-ca662\",\"storageBucket\":\"blog-ca662.appspot.com\",\"locationId\":\"us-central\"}","GCLOUD_PROJECT":"blog-ca662","EVENTARC_CLOUD_EVENT_SOURCE":"projects/blog-ca662/locations/us-central1/services/ssrblogca662","FUNCTION_TARGET":"ssrblogca662","LOG_EXECUTION_ID":"true"},"ingressSettings":"ALLOW_ALL","uri":"https://ssrblogca662-jfo7awey6a-uc.a.run.app","serviceAccountEmail":"284614412812-compute@developer.gserviceaccount.com","availableMemory":"256Mi","allTrafficOnLatestRevision":true,"revision":"ssrblogca662-00049-jak","maxInstanceRequestConcurrency":80,"availableCpu":"1"},"state":"ACTIVE","labels":{"deployment-tool":"cli-firebase","firebase-functions-codebase":"firebase-frameworks-blog-ca662","firebase-functions-hash":"0c820c1cae982882b46ba7ee8fa12d3aa81525b6"},"environment":"GEN_2","url":"https://us-central1-blog-ca662.cloudfunctions.net/ssrblogca662","satisfiesPzi":true},"stages":[{"name":"BUILD","message":"Build in progress","state":"IN_PROGRESS","resource":"projects/284614412812/locations/us-central1/builds/bfafd2d2-165d-452f-a1a4-3a038403df18","resourceUri":"https://console.cloud.google.com/cloud-build/builds;region=us-central1/bfafd2d2-165d-452f-a1a4-3a038403df18?project=284614412812"},{"name":"SERVICE","state":"NOT_STARTED"}],"operationType":"UPDATE_FUNCTION","buildName":"projects/284614412812/locations/us-central1/builds/bfafd2d2-165d-452f-a1a4-3a038403df18"},"done":false}
[debug] [2026-01-08T21:46:05.941Z] [update-firebase-frameworks-blog-ca662-us-central1-ssrblogca662] Retrying task index 0
[debug] [2026-01-08T21:46:05.941Z] Checked if tokens are valid: true, expires at: 1767910446517
[debug] [2026-01-08T21:46:05.941Z] Checked if tokens are valid: true, expires at: 1767910446517
[debug] [2026-01-08T21:46:05.941Z] >>> [apiv2][query] GET https://cloudfunctions.googleapis.com/v2/projects/blog-ca662/locations/us-central1/operations/operation-1767908720639-647e75349ff09-3035516b-c8485de6 [none]
[debug] [2026-01-08T21:46:06.387Z] <<< [apiv2][status] GET https://cloudfunctions.googleapis.com/v2/projects/blog-ca662/locations/us-central1/operations/operation-1767908720639-647e75349ff09-3035516b-c8485de6 200
[debug] [2026-01-08T21:46:06.387Z] <<< [apiv2][body] GET https://cloudfunctions.googleapis.com/v2/projects/blog-ca662/locations/us-central1/operations/operation-1767908720639-647e75349ff09-3035516b-c8485de6 {"name":"projects/blog-ca662/locations/us-central1/operations/operation-1767908720639-647e75349ff09-3035516b-c8485de6","metadata":{"@type":"type.googleapis.com/google.cloud.functions.v2.OperationMetadata","createTime":"2026-01-08T21:45:21.324998660Z","target":"projects/blog-ca662/locations/us-central1/functions/ssrblogca662","verb":"update","cancelRequested":false,"apiVersion":"v2","requestResource":{"@type":"type.googleapis.com/google.cloud.functions.v2.Function","name":"projects/blog-ca662/locations/us-central1/functions/ssrblogca662","buildConfig":{"runtime":"nodejs20","entryPoint":"ssrblogca662","source":{"storageSource":{"bucket":"gcf-v2-sources-284614412812-us-central1","object":"ssrblogca662/function-source.zip","generation":"1767908721274573"}},"environmentVariables":{"GOOGLE_NODE_RUN_SCRIPTS":""},"dockerRepository":"projects/blog-ca662/locations/us-central1/repositories/gcf-artifacts","sourceProvenance":{"resolvedStorageSource":{"bucket":"gcf-v2-sources-284614412812-us-central1","object":"ssrblogca662/function-source.zip","generation":"1736828886967681"}},"dockerRegistry":"ARTIFACT_REGISTRY","serviceAccount":"projects/blog-ca662/serviceAccounts/284614412812-compute@developer.gserviceaccount.com","automaticUpdatePolicy":{}},"serviceConfig":{"service":"projects/blog-ca662/locations/us-central1/services/ssrblogca662","timeoutSeconds":60,"environmentVariables":{"VERCEL_URL":"blog-ca662.web.app","__FIREBASE_FRAMEWORKS_ENTRY__":"next.js","__FIREBASE_DEFAULTS__":"{\"config\":{\"projectId\":\"blog-ca662\",\"appId\":\"1:284614412812:web:1c1ccb42f7e0870875fc29\",\"storageBucket\":\"blog-ca662.appspot.com\",\"locationId\":\"us-central\",\"apiKey\":\"AIzaSyAvvbq7egmHbW1z6wy8N-0aNeKOUg1a0Q8\",\"authDomain\":\"blog-ca662.firebaseapp.com\",\"messagingSenderId\":\"284614412812\",\"measurementId\":\"G-R62489Y36G\",\"projectNumber\":\"284614412812\",\"version\":\"2\"},\"_authTokenSyncURL\":\"/__session\"}","FIREBASE_CONFIG":"{\"projectId\":\"blog-ca662\",\"storageBucket\":\"blog-ca662.appspot.com\",\"locationId\":\"us-central\"}","GCLOUD_PROJECT":"blog-ca662","EVENTARC_CLOUD_EVENT_SOURCE":"projects/blog-ca662/locations/us-central1/services/ssrblogca662","FUNCTION_TARGET":"ssrblogca662","LOG_EXECUTION_ID":"true"},"ingressSettings":"ALLOW_ALL","uri":"https://ssrblogca662-jfo7awey6a-uc.a.run.app","serviceAccountEmail":"284614412812-compute@developer.gserviceaccount.com","availableMemory":"256Mi","allTrafficOnLatestRevision":true,"revision":"ssrblogca662-00049-jak","maxInstanceRequestConcurrency":80,"availableCpu":"1"},"state":"ACTIVE","labels":{"deployment-tool":"cli-firebase","firebase-functions-codebase":"firebase-frameworks-blog-ca662","firebase-functions-hash":"0c820c1cae982882b46ba7ee8fa12d3aa81525b6"},"environment":"GEN_2","url":"https://us-central1-blog-ca662.cloudfunctions.net/ssrblogca662","satisfiesPzi":true},"stages":[{"name":"BUILD","message":"Build in progress","state":"IN_PROGRESS","resource":"projects/284614412812/locations/us-central1/builds/bfafd2d2-165d-452f-a1a4-3a038403df18","resourceUri":"https://console.cloud.google.com/cloud-build/builds;region=us-central1/bfafd2d2-165d-452f-a1a4-3a038403df18?project=284614412812"},{"name":"SERVICE","state":"NOT_STARTED"}],"operationType":"UPDATE_FUNCTION","buildName":"projects/284614412812/locations/us-central1/builds/bfafd2d2-165d-452f-a1a4-3a038403df18"},"done":false}
[debug] [2026-01-08T21:46:16.402Z] [update-firebase-frameworks-blog-ca662-us-central1-ssrblogca662] Retrying task index 0
[debug] [2026-01-08T21:46:16.403Z] Checked if tokens are valid: true, expires at: 1767910446517
[debug] [2026-01-08T21:46:16.404Z] Checked if tokens are valid: true, expires at: 1767910446517
[debug] [2026-01-08T21:46:16.404Z] >>> [apiv2][query] GET https://cloudfunctions.googleapis.com/v2/projects/blog-ca662/locations/us-central1/operations/operation-1767908720639-647e75349ff09-3035516b-c8485de6 [none]
[debug] [2026-01-08T21:46:16.811Z] <<< [apiv2][status] GET https://cloudfunctions.googleapis.com/v2/projects/blog-ca662/locations/us-central1/operations/operation-1767908720639-647e75349ff09-3035516b-c8485de6 200
[debug] [2026-01-08T21:46:16.812Z] <<< [apiv2][body] GET https://cloudfunctions.googleapis.com/v2/projects/blog-ca662/locations/us-central1/operations/operation-1767908720639-647e75349ff09-3035516b-c8485de6 {"name":"projects/blog-ca662/locations/us-central1/operations/operation-1767908720639-647e75349ff09-3035516b-c8485de6","metadata":{"@type":"type.googleapis.com/google.cloud.functions.v2.OperationMetadata","createTime":"2026-01-08T21:45:21.324998660Z","target":"projects/blog-ca662/locations/us-central1/functions/ssrblogca662","verb":"update","cancelRequested":false,"apiVersion":"v2","requestResource":{"@type":"type.googleapis.com/google.cloud.functions.v2.Function","name":"projects/blog-ca662/locations/us-central1/functions/ssrblogca662","buildConfig":{"runtime":"nodejs20","entryPoint":"ssrblogca662","source":{"storageSource":{"bucket":"gcf-v2-sources-284614412812-us-central1","object":"ssrblogca662/function-source.zip","generation":"1767908721274573"}},"environmentVariables":{"GOOGLE_NODE_RUN_SCRIPTS":""},"dockerRepository":"projects/blog-ca662/locations/us-central1/repositories/gcf-artifacts","sourceProvenance":{"resolvedStorageSource":{"bucket":"gcf-v2-sources-284614412812-us-central1","object":"ssrblogca662/function-source.zip","generation":"1736828886967681"}},"dockerRegistry":"ARTIFACT_REGISTRY","serviceAccount":"projects/blog-ca662/serviceAccounts/284614412812-compute@developer.gserviceaccount.com","automaticUpdatePolicy":{}},"serviceConfig":{"service":"projects/blog-ca662/locations/us-central1/services/ssrblogca662","timeoutSeconds":60,"environmentVariables":{"VERCEL_URL":"blog-ca662.web.app","__FIREBASE_FRAMEWORKS_ENTRY__":"next.js","__FIREBASE_DEFAULTS__":"{\"config\":{\"projectId\":\"blog-ca662\",\"appId\":\"1:284614412812:web:1c1ccb42f7e0870875fc29\",\"storageBucket\":\"blog-ca662.appspot.com\",\"locationId\":\"us-central\",\"apiKey\":\"AIzaSyAvvbq7egmHbW1z6wy8N-0aNeKOUg1a0Q8\",\"authDomain\":\"blog-ca662.firebaseapp.com\",\"messagingSenderId\":\"284614412812\",\"measurementId\":\"G-R62489Y36G\",\"projectNumber\":\"284614412812\",\"version\":\"2\"},\"_authTokenSyncURL\":\"/__session\"}","FIREBASE_CONFIG":"{\"projectId\":\"blog-ca662\",\"storageBucket\":\"blog-ca662.appspot.com\",\"locationId\":\"us-central\"}","GCLOUD_PROJECT":"blog-ca662","EVENTARC_CLOUD_EVENT_SOURCE":"projects/blog-ca662/locations/us-central1/services/ssrblogca662","FUNCTION_TARGET":"ssrblogca662","LOG_EXECUTION_ID":"true"},"ingressSettings":"ALLOW_ALL","uri":"https://ssrblogca662-jfo7awey6a-uc.a.run.app","serviceAccountEmail":"284614412812-compute@developer.gserviceaccount.com","availableMemory":"256Mi","allTrafficOnLatestRevision":true,"revision":"ssrblogca662-00049-jak","maxInstanceRequestConcurrency":80,"availableCpu":"1"},"state":"ACTIVE","labels":{"deployment-tool":"cli-firebase","firebase-functions-codebase":"firebase-frameworks-blog-ca662","firebase-functions-hash":"0c820c1cae982882b46ba7ee8fa12d3aa81525b6"},"environment":"GEN_2","url":"https://us-central1-blog-ca662.cloudfunctions.net/ssrblogca662","satisfiesPzi":true},"stages":[{"name":"BUILD","message":"Build in progress","state":"IN_PROGRESS","resource":"projects/284614412812/locations/us-central1/builds/bfafd2d2-165d-452f-a1a4-3a038403df18","resourceUri":"https://console.cloud.google.com/cloud-build/builds;region=us-central1/bfafd2d2-165d-452f-a1a4-3a038403df18?project=284614412812"},{"name":"SERVICE","state":"NOT_STARTED"}],"operationType":"UPDATE_FUNCTION","buildName":"projects/284614412812/locations/us-central1/builds/bfafd2d2-165d-452f-a1a4-3a038403df18"},"done":false}
[debug] [2026-01-08T21:46:26.825Z] [update-firebase-frameworks-blog-ca662-us-central1-ssrblogca662] Retrying task index 0
[debug] [2026-01-08T21:46:26.825Z] Checked if tokens are valid: true, expires at: 1767910446517
[debug] [2026-01-08T21:46:26.825Z] Checked if tokens are valid: true, expires at: 1767910446517
[debug] [2026-01-08T21:46:26.825Z] >>> [apiv2][query] GET https://cloudfunctions.googleapis.com/v2/projects/blog-ca662/locations/us-central1/operations/operation-1767908720639-647e75349ff09-3035516b-c8485de6 [none]
[debug] [2026-01-08T21:46:27.321Z] <<< [apiv2][status] GET https://cloudfunctions.googleapis.com/v2/projects/blog-ca662/locations/us-central1/operations/operation-1767908720639-647e75349ff09-3035516b-c8485de6 200
[debug] [2026-01-08T21:46:27.321Z] <<< [apiv2][body] GET https://cloudfunctions.googleapis.com/v2/projects/blog-ca662/locations/us-central1/operations/operation-1767908720639-647e75349ff09-3035516b-c8485de6 {"name":"projects/blog-ca662/locations/us-central1/operations/operation-1767908720639-647e75349ff09-3035516b-c8485de6","metadata":{"@type":"type.googleapis.com/google.cloud.functions.v2.OperationMetadata","createTime":"2026-01-08T21:45:21.324998660Z","target":"projects/blog-ca662/locations/us-central1/functions/ssrblogca662","verb":"update","cancelRequested":false,"apiVersion":"v2","requestResource":{"@type":"type.googleapis.com/google.cloud.functions.v2.Function","name":"projects/blog-ca662/locations/us-central1/functions/ssrblogca662","buildConfig":{"runtime":"nodejs20","entryPoint":"ssrblogca662","source":{"storageSource":{"bucket":"gcf-v2-sources-284614412812-us-central1","object":"ssrblogca662/function-source.zip","generation":"1767908721274573"}},"environmentVariables":{"GOOGLE_NODE_RUN_SCRIPTS":""},"dockerRepository":"projects/blog-ca662/locations/us-central1/repositories/gcf-artifacts","sourceProvenance":{"resolvedStorageSource":{"bucket":"gcf-v2-sources-284614412812-us-central1","object":"ssrblogca662/function-source.zip","generation":"1736828886967681"}},"dockerRegistry":"ARTIFACT_REGISTRY","serviceAccount":"projects/blog-ca662/serviceAccounts/284614412812-compute@developer.gserviceaccount.com","automaticUpdatePolicy":{}},"serviceConfig":{"service":"projects/blog-ca662/locations/us-central1/services/ssrblogca662","timeoutSeconds":60,"environmentVariables":{"VERCEL_URL":"blog-ca662.web.app","__FIREBASE_FRAMEWORKS_ENTRY__":"next.js","__FIREBASE_DEFAULTS__":"{\"config\":{\"projectId\":\"blog-ca662\",\"appId\":\"1:284614412812:web:1c1ccb42f7e0870875fc29\",\"storageBucket\":\"blog-ca662.appspot.com\",\"locationId\":\"us-central\",\"apiKey\":\"AIzaSyAvvbq7egmHbW1z6wy8N-0aNeKOUg1a0Q8\",\"authDomain\":\"blog-ca662.firebaseapp.com\",\"messagingSenderId\":\"284614412812\",\"measurementId\":\"G-R62489Y36G\",\"projectNumber\":\"284614412812\",\"version\":\"2\"},\"_authTokenSyncURL\":\"/__session\"}","FIREBASE_CONFIG":"{\"projectId\":\"blog-ca662\",\"storageBucket\":\"blog-ca662.appspot.com\",\"locationId\":\"us-central\"}","GCLOUD_PROJECT":"blog-ca662","EVENTARC_CLOUD_EVENT_SOURCE":"projects/blog-ca662/locations/us-central1/services/ssrblogca662","FUNCTION_TARGET":"ssrblogca662","LOG_EXECUTION_ID":"true"},"ingressSettings":"ALLOW_ALL","uri":"https://ssrblogca662-jfo7awey6a-uc.a.run.app","serviceAccountEmail":"284614412812-compute@developer.gserviceaccount.com","availableMemory":"256Mi","allTrafficOnLatestRevision":true,"revision":"ssrblogca662-00049-jak","maxInstanceRequestConcurrency":80,"availableCpu":"1"},"state":"ACTIVE","labels":{"deployment-tool":"cli-firebase","firebase-functions-codebase":"firebase-frameworks-blog-ca662","firebase-functions-hash":"0c820c1cae982882b46ba7ee8fa12d3aa81525b6"},"environment":"GEN_2","url":"https://us-central1-blog-ca662.cloudfunctions.net/ssrblogca662","satisfiesPzi":true},"stages":[{"name":"BUILD","message":"Build in progress","state":"IN_PROGRESS","resource":"projects/284614412812/locations/us-central1/builds/bfafd2d2-165d-452f-a1a4-3a038403df18","resourceUri":"https://console.cloud.google.com/cloud-build/builds;region=us-central1/bfafd2d2-165d-452f-a1a4-3a038403df18?project=284614412812"},{"name":"SERVICE","state":"NOT_STARTED"}],"operationType":"UPDATE_FUNCTION","buildName":"projects/284614412812/locations/us-central1/builds/bfafd2d2-165d-452f-a1a4-3a038403df18"},"done":false}
[debug] [2026-01-08T21:46:37.332Z] [update-firebase-frameworks-blog-ca662-us-central1-ssrblogca662] Retrying task index 0
[debug] [2026-01-08T21:46:37.333Z] Checked if tokens are valid: true, expires at: 1767910446517
[debug] [2026-01-08T21:46:37.333Z] Checked if tokens are valid: true, expires at: 1767910446517
[debug] [2026-01-08T21:46:37.333Z] >>> [apiv2][query] GET https://cloudfunctions.googleapis.com/v2/projects/blog-ca662/locations/us-central1/operations/operation-1767908720639-647e75349ff09-3035516b-c8485de6 [none]
[debug] [2026-01-08T21:46:37.781Z] <<< [apiv2][status] GET https://cloudfunctions.googleapis.com/v2/projects/blog-ca662/locations/us-central1/operations/operation-1767908720639-647e75349ff09-3035516b-c8485de6 200
[debug] [2026-01-08T21:46:37.782Z] <<< [apiv2][body] GET https://cloudfunctions.googleapis.com/v2/projects/blog-ca662/locations/us-central1/operations/operation-1767908720639-647e75349ff09-3035516b-c8485de6 {"name":"projects/blog-ca662/locations/us-central1/operations/operation-1767908720639-647e75349ff09-3035516b-c8485de6","metadata":{"@type":"type.googleapis.com/google.cloud.functions.v2.OperationMetadata","createTime":"2026-01-08T21:45:21.324998660Z","target":"projects/blog-ca662/locations/us-central1/functions/ssrblogca662","verb":"update","cancelRequested":false,"apiVersion":"v2","requestResource":{"@type":"type.googleapis.com/google.cloud.functions.v2.Function","name":"projects/blog-ca662/locations/us-central1/functions/ssrblogca662","buildConfig":{"runtime":"nodejs20","entryPoint":"ssrblogca662","source":{"storageSource":{"bucket":"gcf-v2-sources-284614412812-us-central1","object":"ssrblogca662/function-source.zip","generation":"1767908721274573"}},"environmentVariables":{"GOOGLE_NODE_RUN_SCRIPTS":""},"dockerRepository":"projects/blog-ca662/locations/us-central1/repositories/gcf-artifacts","sourceProvenance":{"resolvedStorageSource":{"bucket":"gcf-v2-sources-284614412812-us-central1","object":"ssrblogca662/function-source.zip","generation":"1736828886967681"}},"dockerRegistry":"ARTIFACT_REGISTRY","serviceAccount":"projects/blog-ca662/serviceAccounts/284614412812-compute@developer.gserviceaccount.com","automaticUpdatePolicy":{}},"serviceConfig":{"service":"projects/blog-ca662/locations/us-central1/services/ssrblogca662","timeoutSeconds":60,"environmentVariables":{"VERCEL_URL":"blog-ca662.web.app","__FIREBASE_FRAMEWORKS_ENTRY__":"next.js","__FIREBASE_DEFAULTS__":"{\"config\":{\"projectId\":\"blog-ca662\",\"appId\":\"1:284614412812:web:1c1ccb42f7e0870875fc29\",\"storageBucket\":\"blog-ca662.appspot.com\",\"locationId\":\"us-central\",\"apiKey\":\"AIzaSyAvvbq7egmHbW1z6wy8N-0aNeKOUg1a0Q8\",\"authDomain\":\"blog-ca662.firebaseapp.com\",\"messagingSenderId\":\"284614412812\",\"measurementId\":\"G-R62489Y36G\",\"projectNumber\":\"284614412812\",\"version\":\"2\"},\"_authTokenSyncURL\":\"/__session\"}","FIREBASE_CONFIG":"{\"projectId\":\"blog-ca662\",\"storageBucket\":\"blog-ca662.appspot.com\",\"locationId\":\"us-central\"}","GCLOUD_PROJECT":"blog-ca662","EVENTARC_CLOUD_EVENT_SOURCE":"projects/blog-ca662/locations/us-central1/services/ssrblogca662","FUNCTION_TARGET":"ssrblogca662","LOG_EXECUTION_ID":"true"},"ingressSettings":"ALLOW_ALL","uri":"https://ssrblogca662-jfo7awey6a-uc.a.run.app","serviceAccountEmail":"284614412812-compute@developer.gserviceaccount.com","availableMemory":"256Mi","allTrafficOnLatestRevision":true,"revision":"ssrblogca662-00049-jak","maxInstanceRequestConcurrency":80,"availableCpu":"1"},"state":"ACTIVE","labels":{"deployment-tool":"cli-firebase","firebase-functions-codebase":"firebase-frameworks-blog-ca662","firebase-functions-hash":"0c820c1cae982882b46ba7ee8fa12d3aa81525b6"},"environment":"GEN_2","url":"https://us-central1-blog-ca662.cloudfunctions.net/ssrblogca662","satisfiesPzi":true},"stages":[{"name":"BUILD","message":"Build in progress","state":"IN_PROGRESS","resource":"projects/284614412812/locations/us-central1/builds/bfafd2d2-165d-452f-a1a4-3a038403df18","resourceUri":"https://console.cloud.google.com/cloud-build/builds;region=us-central1/bfafd2d2-165d-452f-a1a4-3a038403df18?project=284614412812"},{"name":"SERVICE","state":"NOT_STARTED"}],"operationType":"UPDATE_FUNCTION","buildName":"projects/284614412812/locations/us-central1/builds/bfafd2d2-165d-452f-a1a4-3a038403df18"},"done":false}
[debug] [2026-01-08T21:46:47.787Z] [update-firebase-frameworks-blog-ca662-us-central1-ssrblogca662] Retrying task index 0
[debug] [2026-01-08T21:46:47.787Z] Checked if tokens are valid: true, expires at: 1767910446517
[debug] [2026-01-08T21:46:47.787Z] Checked if tokens are valid: true, expires at: 1767910446517
[debug] [2026-01-08T21:46:47.788Z] >>> [apiv2][query] GET https://cloudfunctions.googleapis.com/v2/projects/blog-ca662/locations/us-central1/operations/operation-1767908720639-647e75349ff09-3035516b-c8485de6 [none]
[debug] [2026-01-08T21:46:48.250Z] <<< [apiv2][status] GET https://cloudfunctions.googleapis.com/v2/projects/blog-ca662/locations/us-central1/operations/operation-1767908720639-647e75349ff09-3035516b-c8485de6 200
[debug] [2026-01-08T21:46:48.250Z] <<< [apiv2][body] GET https://cloudfunctions.googleapis.com/v2/projects/blog-ca662/locations/us-central1/operations/operation-1767908720639-647e75349ff09-3035516b-c8485de6 {"name":"projects/blog-ca662/locations/us-central1/operations/operation-1767908720639-647e75349ff09-3035516b-c8485de6","metadata":{"@type":"type.googleapis.com/google.cloud.functions.v2.OperationMetadata","createTime":"2026-01-08T21:45:21.324998660Z","target":"projects/blog-ca662/locations/us-central1/functions/ssrblogca662","verb":"update","cancelRequested":false,"apiVersion":"v2","requestResource":{"@type":"type.googleapis.com/google.cloud.functions.v2.Function","name":"projects/blog-ca662/locations/us-central1/functions/ssrblogca662","buildConfig":{"runtime":"nodejs20","entryPoint":"ssrblogca662","source":{"storageSource":{"bucket":"gcf-v2-sources-284614412812-us-central1","object":"ssrblogca662/function-source.zip","generation":"1767908721274573"}},"environmentVariables":{"GOOGLE_NODE_RUN_SCRIPTS":""},"dockerRepository":"projects/blog-ca662/locations/us-central1/repositories/gcf-artifacts","sourceProvenance":{"resolvedStorageSource":{"bucket":"gcf-v2-sources-284614412812-us-central1","object":"ssrblogca662/function-source.zip","generation":"1736828886967681"}},"dockerRegistry":"ARTIFACT_REGISTRY","serviceAccount":"projects/blog-ca662/serviceAccounts/284614412812-compute@developer.gserviceaccount.com","automaticUpdatePolicy":{}},"serviceConfig":{"service":"projects/blog-ca662/locations/us-central1/services/ssrblogca662","timeoutSeconds":60,"environmentVariables":{"VERCEL_URL":"blog-ca662.web.app","__FIREBASE_FRAMEWORKS_ENTRY__":"next.js","__FIREBASE_DEFAULTS__":"{\"config\":{\"projectId\":\"blog-ca662\",\"appId\":\"1:284614412812:web:1c1ccb42f7e0870875fc29\",\"storageBucket\":\"blog-ca662.appspot.com\",\"locationId\":\"us-central\",\"apiKey\":\"AIzaSyAvvbq7egmHbW1z6wy8N-0aNeKOUg1a0Q8\",\"authDomain\":\"blog-ca662.firebaseapp.com\",\"messagingSenderId\":\"284614412812\",\"measurementId\":\"G-R62489Y36G\",\"projectNumber\":\"284614412812\",\"version\":\"2\"},\"_authTokenSyncURL\":\"/__session\"}","FIREBASE_CONFIG":"{\"projectId\":\"blog-ca662\",\"storageBucket\":\"blog-ca662.appspot.com\",\"locationId\":\"us-central\"}","GCLOUD_PROJECT":"blog-ca662","EVENTARC_CLOUD_EVENT_SOURCE":"projects/blog-ca662/locations/us-central1/services/ssrblogca662","FUNCTION_TARGET":"ssrblogca662","LOG_EXECUTION_ID":"true"},"ingressSettings":"ALLOW_ALL","uri":"https://ssrblogca662-jfo7awey6a-uc.a.run.app","serviceAccountEmail":"284614412812-compute@developer.gserviceaccount.com","availableMemory":"256Mi","allTrafficOnLatestRevision":true,"revision":"ssrblogca662-00049-jak","maxInstanceRequestConcurrency":80,"availableCpu":"1"},"state":"ACTIVE","labels":{"deployment-tool":"cli-firebase","firebase-functions-codebase":"firebase-frameworks-blog-ca662","firebase-functions-hash":"0c820c1cae982882b46ba7ee8fa12d3aa81525b6"},"environment":"GEN_2","url":"https://us-central1-blog-ca662.cloudfunctions.net/ssrblogca662","satisfiesPzi":true},"stages":[{"name":"BUILD","message":"Build in progress","state":"IN_PROGRESS","resource":"projects/284614412812/locations/us-central1/builds/bfafd2d2-165d-452f-a1a4-3a038403df18","resourceUri":"https://console.cloud.google.com/cloud-build/builds;region=us-central1/bfafd2d2-165d-452f-a1a4-3a038403df18?project=284614412812"},{"name":"SERVICE","state":"NOT_STARTED"}],"operationType":"UPDATE_FUNCTION","buildName":"projects/284614412812/locations/us-central1/builds/bfafd2d2-165d-452f-a1a4-3a038403df18"},"done":false}
[debug] [2026-01-08T21:46:58.262Z] [update-firebase-frameworks-blog-ca662-us-central1-ssrblogca662] Retrying task index 0
[debug] [2026-01-08T21:46:58.262Z] Checked if tokens are valid: true, expires at: 1767910446517
[debug] [2026-01-08T21:46:58.262Z] Checked if tokens are valid: true, expires at: 1767910446517
[debug] [2026-01-08T21:46:58.263Z] >>> [apiv2][query] GET https://cloudfunctions.googleapis.com/v2/projects/blog-ca662/locations/us-central1/operations/operation-1767908720639-647e75349ff09-3035516b-c8485de6 [none]
[debug] [2026-01-08T21:46:58.775Z] <<< [apiv2][status] GET https://cloudfunctions.googleapis.com/v2/projects/blog-ca662/locations/us-central1/operations/operation-1767908720639-647e75349ff09-3035516b-c8485de6 200
[debug] [2026-01-08T21:46:58.775Z] <<< [apiv2][body] GET https://cloudfunctions.googleapis.com/v2/projects/blog-ca662/locations/us-central1/operations/operation-1767908720639-647e75349ff09-3035516b-c8485de6 {"name":"projects/blog-ca662/locations/us-central1/operations/operation-1767908720639-647e75349ff09-3035516b-c8485de6","metadata":{"@type":"type.googleapis.com/google.cloud.functions.v2.OperationMetadata","createTime":"2026-01-08T21:45:21.324998660Z","target":"projects/blog-ca662/locations/us-central1/functions/ssrblogca662","verb":"update","cancelRequested":false,"apiVersion":"v2","requestResource":{"@type":"type.googleapis.com/google.cloud.functions.v2.Function","name":"projects/blog-ca662/locations/us-central1/functions/ssrblogca662","buildConfig":{"runtime":"nodejs20","entryPoint":"ssrblogca662","source":{"storageSource":{"bucket":"gcf-v2-sources-284614412812-us-central1","object":"ssrblogca662/function-source.zip","generation":"1767908721274573"}},"environmentVariables":{"GOOGLE_NODE_RUN_SCRIPTS":""},"dockerRepository":"projects/blog-ca662/locations/us-central1/repositories/gcf-artifacts","sourceProvenance":{"resolvedStorageSource":{"bucket":"gcf-v2-sources-284614412812-us-central1","object":"ssrblogca662/function-source.zip","generation":"1736828886967681"}},"dockerRegistry":"ARTIFACT_REGISTRY","serviceAccount":"projects/blog-ca662/serviceAccounts/284614412812-compute@developer.gserviceaccount.com","automaticUpdatePolicy":{}},"serviceConfig":{"service":"projects/blog-ca662/locations/us-central1/services/ssrblogca662","timeoutSeconds":60,"environmentVariables":{"VERCEL_URL":"blog-ca662.web.app","__FIREBASE_FRAMEWORKS_ENTRY__":"next.js","__FIREBASE_DEFAULTS__":"{\"config\":{\"projectId\":\"blog-ca662\",\"appId\":\"1:284614412812:web:1c1ccb42f7e0870875fc29\",\"storageBucket\":\"blog-ca662.appspot.com\",\"locationId\":\"us-central\",\"apiKey\":\"AIzaSyAvvbq7egmHbW1z6wy8N-0aNeKOUg1a0Q8\",\"authDomain\":\"blog-ca662.firebaseapp.com\",\"messagingSenderId\":\"284614412812\",\"measurementId\":\"G-R62489Y36G\",\"projectNumber\":\"284614412812\",\"version\":\"2\"},\"_authTokenSyncURL\":\"/__session\"}","FIREBASE_CONFIG":"{\"projectId\":\"blog-ca662\",\"storageBucket\":\"blog-ca662.appspot.com\",\"locationId\":\"us-central\"}","GCLOUD_PROJECT":"blog-ca662","EVENTARC_CLOUD_EVENT_SOURCE":"projects/blog-ca662/locations/us-central1/services/ssrblogca662","FUNCTION_TARGET":"ssrblogca662","LOG_EXECUTION_ID":"true"},"ingressSettings":"ALLOW_ALL","uri":"https://ssrblogca662-jfo7awey6a-uc.a.run.app","serviceAccountEmail":"284614412812-compute@developer.gserviceaccount.com","availableMemory":"256Mi","allTrafficOnLatestRevision":true,"revision":"ssrblogca662-00049-jak","maxInstanceRequestConcurrency":80,"availableCpu":"1"},"state":"ACTIVE","labels":{"deployment-tool":"cli-firebase","firebase-functions-codebase":"firebase-frameworks-blog-ca662","firebase-functions-hash":"0c820c1cae982882b46ba7ee8fa12d3aa81525b6"},"environment":"GEN_2","url":"https://us-central1-blog-ca662.cloudfunctions.net/ssrblogca662","satisfiesPzi":true},"stages":[{"name":"BUILD","message":"Build in progress","state":"IN_PROGRESS","resource":"projects/284614412812/locations/us-central1/builds/bfafd2d2-165d-452f-a1a4-3a038403df18","resourceUri":"https://console.cloud.google.com/cloud-build/builds;region=us-central1/bfafd2d2-165d-452f-a1a4-3a038403df18?project=284614412812"},{"name":"SERVICE","state":"NOT_STARTED"}],"operationType":"UPDATE_FUNCTION","buildName":"projects/284614412812/locations/us-central1/builds/bfafd2d2-165d-452f-a1a4-3a038403df18"},"done":false}
[debug] [2026-01-08T21:47:08.790Z] [update-firebase-frameworks-blog-ca662-us-central1-ssrblogca662] Retrying task index 0
[debug] [2026-01-08T21:47:08.790Z] Checked if tokens are valid: true, expires at: 1767910446517
[debug] [2026-01-08T21:47:08.790Z] Checked if tokens are valid: true, expires at: 1767910446517
[debug] [2026-01-08T21:47:08.790Z] >>> [apiv2][query] GET https://cloudfunctions.googleapis.com/v2/projects/blog-ca662/locations/us-central1/operations/operation-1767908720639-647e75349ff09-3035516b-c8485de6 [none]
[debug] [2026-01-08T21:47:09.315Z] <<< [apiv2][status] GET https://cloudfunctions.googleapis.com/v2/projects/blog-ca662/locations/us-central1/operations/operation-1767908720639-647e75349ff09-3035516b-c8485de6 200
[debug] [2026-01-08T21:47:09.315Z] <<< [apiv2][body] GET https://cloudfunctions.googleapis.com/v2/projects/blog-ca662/locations/us-central1/operations/operation-1767908720639-647e75349ff09-3035516b-c8485de6 {"name":"projects/blog-ca662/locations/us-central1/operations/operation-1767908720639-647e75349ff09-3035516b-c8485de6","metadata":{"@type":"type.googleapis.com/google.cloud.functions.v2.OperationMetadata","createTime":"2026-01-08T21:45:21.324998660Z","target":"projects/blog-ca662/locations/us-central1/functions/ssrblogca662","verb":"update","cancelRequested":false,"apiVersion":"v2","requestResource":{"@type":"type.googleapis.com/google.cloud.functions.v2.Function","name":"projects/blog-ca662/locations/us-central1/functions/ssrblogca662","buildConfig":{"runtime":"nodejs20","entryPoint":"ssrblogca662","source":{"storageSource":{"bucket":"gcf-v2-sources-284614412812-us-central1","object":"ssrblogca662/function-source.zip","generation":"1767908721274573"}},"environmentVariables":{"GOOGLE_NODE_RUN_SCRIPTS":""},"dockerRepository":"projects/blog-ca662/locations/us-central1/repositories/gcf-artifacts","sourceProvenance":{"resolvedStorageSource":{"bucket":"gcf-v2-sources-284614412812-us-central1","object":"ssrblogca662/function-source.zip","generation":"1736828886967681"}},"dockerRegistry":"ARTIFACT_REGISTRY","serviceAccount":"projects/blog-ca662/serviceAccounts/284614412812-compute@developer.gserviceaccount.com","automaticUpdatePolicy":{}},"serviceConfig":{"service":"projects/blog-ca662/locations/us-central1/services/ssrblogca662","timeoutSeconds":60,"environmentVariables":{"VERCEL_URL":"blog-ca662.web.app","__FIREBASE_FRAMEWORKS_ENTRY__":"next.js","__FIREBASE_DEFAULTS__":"{\"config\":{\"projectId\":\"blog-ca662\",\"appId\":\"1:284614412812:web:1c1ccb42f7e0870875fc29\",\"storageBucket\":\"blog-ca662.appspot.com\",\"locationId\":\"us-central\",\"apiKey\":\"AIzaSyAvvbq7egmHbW1z6wy8N-0aNeKOUg1a0Q8\",\"authDomain\":\"blog-ca662.firebaseapp.com\",\"messagingSenderId\":\"284614412812\",\"measurementId\":\"G-R62489Y36G\",\"projectNumber\":\"284614412812\",\"version\":\"2\"},\"_authTokenSyncURL\":\"/__session\"}","FIREBASE_CONFIG":"{\"projectId\":\"blog-ca662\",\"storageBucket\":\"blog-ca662.appspot.com\",\"locationId\":\"us-central\"}","GCLOUD_PROJECT":"blog-ca662","EVENTARC_CLOUD_EVENT_SOURCE":"projects/blog-ca662/locations/us-central1/services/ssrblogca662","FUNCTION_TARGET":"ssrblogca662","LOG_EXECUTION_ID":"true"},"ingressSettings":"ALLOW_ALL","uri":"https://ssrblogca662-jfo7awey6a-uc.a.run.app","serviceAccountEmail":"284614412812-compute@developer.gserviceaccount.com","availableMemory":"256Mi","allTrafficOnLatestRevision":true,"revision":"ssrblogca662-00049-jak","maxInstanceRequestConcurrency":80,"availableCpu":"1"},"state":"ACTIVE","labels":{"deployment-tool":"cli-firebase","firebase-functions-codebase":"firebase-frameworks-blog-ca662","firebase-functions-hash":"0c820c1cae982882b46ba7ee8fa12d3aa81525b6"},"environment":"GEN_2","url":"https://us-central1-blog-ca662.cloudfunctions.net/ssrblogca662","satisfiesPzi":true},"stages":[{"name":"BUILD","message":"Build in progress","state":"IN_PROGRESS","resource":"projects/284614412812/locations/us-central1/builds/bfafd2d2-165d-452f-a1a4-3a038403df18","resourceUri":"https://console.cloud.google.com/cloud-build/builds;region=us-central1/bfafd2d2-165d-452f-a1a4-3a038403df18?project=284614412812"},{"name":"SERVICE","state":"NOT_STARTED"}],"operationType":"UPDATE_FUNCTION","buildName":"projects/284614412812/locations/us-central1/builds/bfafd2d2-165d-452f-a1a4-3a038403df18"},"done":false}
[debug] [2026-01-08T21:47:19.329Z] [update-firebase-frameworks-blog-ca662-us-central1-ssrblogca662] Retrying task index 0
[debug] [2026-01-08T21:47:19.329Z] Checked if tokens are valid: true, expires at: 1767910446517
[debug] [2026-01-08T21:47:19.329Z] Checked if tokens are valid: true, expires at: 1767910446517
[debug] [2026-01-08T21:47:19.330Z] >>> [apiv2][query] GET https://cloudfunctions.googleapis.com/v2/projects/blog-ca662/locations/us-central1/operations/operation-1767908720639-647e75349ff09-3035516b-c8485de6 [none]
[debug] [2026-01-08T21:47:19.810Z] <<< [apiv2][status] GET https://cloudfunctions.googleapis.com/v2/projects/blog-ca662/locations/us-central1/operations/operation-1767908720639-647e75349ff09-3035516b-c8485de6 200
[debug] [2026-01-08T21:47:19.810Z] <<< [apiv2][body] GET https://cloudfunctions.googleapis.com/v2/projects/blog-ca662/locations/us-central1/operations/operation-1767908720639-647e75349ff09-3035516b-c8485de6 {"name":"projects/blog-ca662/locations/us-central1/operations/operation-1767908720639-647e75349ff09-3035516b-c8485de6","metadata":{"@type":"type.googleapis.com/google.cloud.functions.v2.OperationMetadata","createTime":"2026-01-08T21:45:21.324998660Z","target":"projects/blog-ca662/locations/us-central1/functions/ssrblogca662","verb":"update","cancelRequested":false,"apiVersion":"v2","requestResource":{"@type":"type.googleapis.com/google.cloud.functions.v2.Function","name":"projects/blog-ca662/locations/us-central1/functions/ssrblogca662","buildConfig":{"runtime":"nodejs20","entryPoint":"ssrblogca662","source":{"storageSource":{"bucket":"gcf-v2-sources-284614412812-us-central1","object":"ssrblogca662/function-source.zip","generation":"1767908721274573"}},"environmentVariables":{"GOOGLE_NODE_RUN_SCRIPTS":""},"dockerRepository":"projects/blog-ca662/locations/us-central1/repositories/gcf-artifacts","sourceProvenance":{"resolvedStorageSource":{"bucket":"gcf-v2-sources-284614412812-us-central1","object":"ssrblogca662/function-source.zip","generation":"1736828886967681"}},"dockerRegistry":"ARTIFACT_REGISTRY","serviceAccount":"projects/blog-ca662/serviceAccounts/284614412812-compute@developer.gserviceaccount.com","automaticUpdatePolicy":{}},"serviceConfig":{"service":"projects/blog-ca662/locations/us-central1/services/ssrblogca662","timeoutSeconds":60,"environmentVariables":{"VERCEL_URL":"blog-ca662.web.app","__FIREBASE_FRAMEWORKS_ENTRY__":"next.js","__FIREBASE_DEFAULTS__":"{\"config\":{\"projectId\":\"blog-ca662\",\"appId\":\"1:284614412812:web:1c1ccb42f7e0870875fc29\",\"storageBucket\":\"blog-ca662.appspot.com\",\"locationId\":\"us-central\",\"apiKey\":\"AIzaSyAvvbq7egmHbW1z6wy8N-0aNeKOUg1a0Q8\",\"authDomain\":\"blog-ca662.firebaseapp.com\",\"messagingSenderId\":\"284614412812\",\"measurementId\":\"G-R62489Y36G\",\"projectNumber\":\"284614412812\",\"version\":\"2\"},\"_authTokenSyncURL\":\"/__session\"}","FIREBASE_CONFIG":"{\"projectId\":\"blog-ca662\",\"storageBucket\":\"blog-ca662.appspot.com\",\"locationId\":\"us-central\"}","GCLOUD_PROJECT":"blog-ca662","EVENTARC_CLOUD_EVENT_SOURCE":"projects/blog-ca662/locations/us-central1/services/ssrblogca662","FUNCTION_TARGET":"ssrblogca662","LOG_EXECUTION_ID":"true"},"ingressSettings":"ALLOW_ALL","uri":"https://ssrblogca662-jfo7awey6a-uc.a.run.app","serviceAccountEmail":"284614412812-compute@developer.gserviceaccount.com","availableMemory":"256Mi","allTrafficOnLatestRevision":true,"revision":"ssrblogca662-00049-jak","maxInstanceRequestConcurrency":80,"availableCpu":"1"},"state":"ACTIVE","labels":{"deployment-tool":"cli-firebase","firebase-functions-codebase":"firebase-frameworks-blog-ca662","firebase-functions-hash":"0c820c1cae982882b46ba7ee8fa12d3aa81525b6"},"environment":"GEN_2","url":"https://us-central1-blog-ca662.cloudfunctions.net/ssrblogca662","satisfiesPzi":true},"stages":[{"name":"BUILD","message":"Build in progress","state":"IN_PROGRESS","resource":"projects/284614412812/locations/us-central1/builds/bfafd2d2-165d-452f-a1a4-3a038403df18","resourceUri":"https://console.cloud.google.com/cloud-build/builds;region=us-central1/bfafd2d2-165d-452f-a1a4-3a038403df18?project=284614412812"},{"name":"SERVICE","state":"NOT_STARTED"}],"operationType":"UPDATE_FUNCTION","buildName":"projects/284614412812/locations/us-central1/builds/bfafd2d2-165d-452f-a1a4-3a038403df18"},"done":false}
[debug] [2026-01-08T21:47:29.816Z] [update-firebase-frameworks-blog-ca662-us-central1-ssrblogca662] Retrying task index 0
[debug] [2026-01-08T21:47:29.816Z] Checked if tokens are valid: true, expires at: 1767910446517
[debug] [2026-01-08T21:47:29.816Z] Checked if tokens are valid: true, expires at: 1767910446517
[debug] [2026-01-08T21:47:29.816Z] >>> [apiv2][query] GET https://cloudfunctions.googleapis.com/v2/projects/blog-ca662/locations/us-central1/operations/operation-1767908720639-647e75349ff09-3035516b-c8485de6 [none]
[debug] [2026-01-08T21:47:30.263Z] <<< [apiv2][status] GET https://cloudfunctions.googleapis.com/v2/projects/blog-ca662/locations/us-central1/operations/operation-1767908720639-647e75349ff09-3035516b-c8485de6 200
[debug] [2026-01-08T21:47:30.264Z] <<< [apiv2][body] GET https://cloudfunctions.googleapis.com/v2/projects/blog-ca662/locations/us-central1/operations/operation-1767908720639-647e75349ff09-3035516b-c8485de6 {"name":"projects/blog-ca662/locations/us-central1/operations/operation-1767908720639-647e75349ff09-3035516b-c8485de6","metadata":{"@type":"type.googleapis.com/google.cloud.functions.v2.OperationMetadata","createTime":"2026-01-08T21:45:21.324998660Z","target":"projects/blog-ca662/locations/us-central1/functions/ssrblogca662","verb":"update","cancelRequested":false,"apiVersion":"v2","requestResource":{"@type":"type.googleapis.com/google.cloud.functions.v2.Function","name":"projects/blog-ca662/locations/us-central1/functions/ssrblogca662","buildConfig":{"runtime":"nodejs20","entryPoint":"ssrblogca662","source":{"storageSource":{"bucket":"gcf-v2-sources-284614412812-us-central1","object":"ssrblogca662/function-source.zip","generation":"1767908721274573"}},"environmentVariables":{"GOOGLE_NODE_RUN_SCRIPTS":""},"dockerRepository":"projects/blog-ca662/locations/us-central1/repositories/gcf-artifacts","sourceProvenance":{"resolvedStorageSource":{"bucket":"gcf-v2-sources-284614412812-us-central1","object":"ssrblogca662/function-source.zip","generation":"1736828886967681"}},"dockerRegistry":"ARTIFACT_REGISTRY","serviceAccount":"projects/blog-ca662/serviceAccounts/284614412812-compute@developer.gserviceaccount.com","automaticUpdatePolicy":{}},"serviceConfig":{"service":"projects/blog-ca662/locations/us-central1/services/ssrblogca662","timeoutSeconds":60,"environmentVariables":{"VERCEL_URL":"blog-ca662.web.app","__FIREBASE_FRAMEWORKS_ENTRY__":"next.js","__FIREBASE_DEFAULTS__":"{\"config\":{\"projectId\":\"blog-ca662\",\"appId\":\"1:284614412812:web:1c1ccb42f7e0870875fc29\",\"storageBucket\":\"blog-ca662.appspot.com\",\"locationId\":\"us-central\",\"apiKey\":\"AIzaSyAvvbq7egmHbW1z6wy8N-0aNeKOUg1a0Q8\",\"authDomain\":\"blog-ca662.firebaseapp.com\",\"messagingSenderId\":\"284614412812\",\"measurementId\":\"G-R62489Y36G\",\"projectNumber\":\"284614412812\",\"version\":\"2\"},\"_authTokenSyncURL\":\"/__session\"}","FIREBASE_CONFIG":"{\"projectId\":\"blog-ca662\",\"storageBucket\":\"blog-ca662.appspot.com\",\"locationId\":\"us-central\"}","GCLOUD_PROJECT":"blog-ca662","EVENTARC_CLOUD_EVENT_SOURCE":"projects/blog-ca662/locations/us-central1/services/ssrblogca662","FUNCTION_TARGET":"ssrblogca662","LOG_EXECUTION_ID":"true"},"ingressSettings":"ALLOW_ALL","uri":"https://ssrblogca662-jfo7awey6a-uc.a.run.app","serviceAccountEmail":"284614412812-compute@developer.gserviceaccount.com","availableMemory":"256Mi","allTrafficOnLatestRevision":true,"revision":"ssrblogca662-00049-jak","maxInstanceRequestConcurrency":80,"availableCpu":"1"},"state":"ACTIVE","labels":{"deployment-tool":"cli-firebase","firebase-functions-codebase":"firebase-frameworks-blog-ca662","firebase-functions-hash":"0c820c1cae982882b46ba7ee8fa12d3aa81525b6"},"environment":"GEN_2","url":"https://us-central1-blog-ca662.cloudfunctions.net/ssrblogca662","satisfiesPzi":true},"stages":[{"name":"BUILD","message":"Build in progress","state":"IN_PROGRESS","resource":"projects/284614412812/locations/us-central1/builds/bfafd2d2-165d-452f-a1a4-3a038403df18","resourceUri":"https://console.cloud.google.com/cloud-build/builds;region=us-central1/bfafd2d2-165d-452f-a1a4-3a038403df18?project=284614412812"},{"name":"SERVICE","state":"NOT_STARTED"}],"operationType":"UPDATE_FUNCTION","buildName":"projects/284614412812/locations/us-central1/builds/bfafd2d2-165d-452f-a1a4-3a038403df18"},"done":false}
[debug] [2026-01-08T21:47:40.269Z] [update-firebase-frameworks-blog-ca662-us-central1-ssrblogca662] Retrying task index 0
[debug] [2026-01-08T21:47:40.272Z] Checked if tokens are valid: true, expires at: 1767910446517
[debug] [2026-01-08T21:47:40.272Z] Checked if tokens are valid: true, expires at: 1767910446517
[debug] [2026-01-08T21:47:40.273Z] >>> [apiv2][query] GET https://cloudfunctions.googleapis.com/v2/projects/blog-ca662/locations/us-central1/operations/operation-1767908720639-647e75349ff09-3035516b-c8485de6 [none]
[debug] [2026-01-08T21:47:40.783Z] <<< [apiv2][status] GET https://cloudfunctions.googleapis.com/v2/projects/blog-ca662/locations/us-central1/operations/operation-1767908720639-647e75349ff09-3035516b-c8485de6 200
[debug] [2026-01-08T21:47:40.783Z] <<< [apiv2][body] GET https://cloudfunctions.googleapis.com/v2/projects/blog-ca662/locations/us-central1/operations/operation-1767908720639-647e75349ff09-3035516b-c8485de6 {"name":"projects/blog-ca662/locations/us-central1/operations/operation-1767908720639-647e75349ff09-3035516b-c8485de6","metadata":{"@type":"type.googleapis.com/google.cloud.functions.v2.OperationMetadata","createTime":"2026-01-08T21:45:21.324998660Z","target":"projects/blog-ca662/locations/us-central1/functions/ssrblogca662","verb":"update","cancelRequested":false,"apiVersion":"v2","requestResource":{"@type":"type.googleapis.com/google.cloud.functions.v2.Function","name":"projects/blog-ca662/locations/us-central1/functions/ssrblogca662","buildConfig":{"runtime":"nodejs20","entryPoint":"ssrblogca662","source":{"storageSource":{"bucket":"gcf-v2-sources-284614412812-us-central1","object":"ssrblogca662/function-source.zip","generation":"1767908721274573"}},"environmentVariables":{"GOOGLE_NODE_RUN_SCRIPTS":""},"dockerRepository":"projects/blog-ca662/locations/us-central1/repositories/gcf-artifacts","sourceProvenance":{"resolvedStorageSource":{"bucket":"gcf-v2-sources-284614412812-us-central1","object":"ssrblogca662/function-source.zip","generation":"1736828886967681"}},"dockerRegistry":"ARTIFACT_REGISTRY","serviceAccount":"projects/blog-ca662/serviceAccounts/284614412812-compute@developer.gserviceaccount.com","automaticUpdatePolicy":{}},"serviceConfig":{"service":"projects/blog-ca662/locations/us-central1/services/ssrblogca662","timeoutSeconds":60,"environmentVariables":{"VERCEL_URL":"blog-ca662.web.app","__FIREBASE_FRAMEWORKS_ENTRY__":"next.js","__FIREBASE_DEFAULTS__":"{\"config\":{\"projectId\":\"blog-ca662\",\"appId\":\"1:284614412812:web:1c1ccb42f7e0870875fc29\",\"storageBucket\":\"blog-ca662.appspot.com\",\"locationId\":\"us-central\",\"apiKey\":\"AIzaSyAvvbq7egmHbW1z6wy8N-0aNeKOUg1a0Q8\",\"authDomain\":\"blog-ca662.firebaseapp.com\",\"messagingSenderId\":\"284614412812\",\"measurementId\":\"G-R62489Y36G\",\"projectNumber\":\"284614412812\",\"version\":\"2\"},\"_authTokenSyncURL\":\"/__session\"}","FIREBASE_CONFIG":"{\"projectId\":\"blog-ca662\",\"storageBucket\":\"blog-ca662.appspot.com\",\"locationId\":\"us-central\"}","GCLOUD_PROJECT":"blog-ca662","EVENTARC_CLOUD_EVENT_SOURCE":"projects/blog-ca662/locations/us-central1/services/ssrblogca662","FUNCTION_TARGET":"ssrblogca662","LOG_EXECUTION_ID":"true"},"ingressSettings":"ALLOW_ALL","uri":"https://ssrblogca662-jfo7awey6a-uc.a.run.app","serviceAccountEmail":"284614412812-compute@developer.gserviceaccount.com","availableMemory":"256Mi","allTrafficOnLatestRevision":true,"revision":"ssrblogca662-00049-jak","maxInstanceRequestConcurrency":80,"availableCpu":"1"},"state":"ACTIVE","labels":{"deployment-tool":"cli-firebase","firebase-functions-codebase":"firebase-frameworks-blog-ca662","firebase-functions-hash":"0c820c1cae982882b46ba7ee8fa12d3aa81525b6"},"environment":"GEN_2","url":"https://us-central1-blog-ca662.cloudfunctions.net/ssrblogca662","satisfiesPzi":true},"stages":[{"name":"BUILD","message":"Build in progress","state":"IN_PROGRESS","resource":"projects/284614412812/locations/us-central1/builds/bfafd2d2-165d-452f-a1a4-3a038403df18","resourceUri":"https://console.cloud.google.com/cloud-build/builds;region=us-central1/bfafd2d2-165d-452f-a1a4-3a038403df18?project=284614412812"},{"name":"SERVICE","state":"NOT_STARTED"}],"operationType":"UPDATE_FUNCTION","buildName":"projects/284614412812/locations/us-central1/builds/bfafd2d2-165d-452f-a1a4-3a038403df18"},"done":false}
[debug] [2026-01-08T21:47:50.784Z] [update-firebase-frameworks-blog-ca662-us-central1-ssrblogca662] Retrying task index 0
[debug] [2026-01-08T21:47:50.784Z] Checked if tokens are valid: true, expires at: 1767910446517
[debug] [2026-01-08T21:47:50.784Z] Checked if tokens are valid: true, expires at: 1767910446517
[debug] [2026-01-08T21:47:50.785Z] >>> [apiv2][query] GET https://cloudfunctions.googleapis.com/v2/projects/blog-ca662/locations/us-central1/operations/operation-1767908720639-647e75349ff09-3035516b-c8485de6 [none]
[debug] [2026-01-08T21:47:51.252Z] <<< [apiv2][status] GET https://cloudfunctions.googleapis.com/v2/projects/blog-ca662/locations/us-central1/operations/operation-1767908720639-647e75349ff09-3035516b-c8485de6 200
[debug] [2026-01-08T21:47:51.253Z] <<< [apiv2][body] GET https://cloudfunctions.googleapis.com/v2/projects/blog-ca662/locations/us-central1/operations/operation-1767908720639-647e75349ff09-3035516b-c8485de6 {"name":"projects/blog-ca662/locations/us-central1/operations/operation-1767908720639-647e75349ff09-3035516b-c8485de6","metadata":{"@type":"type.googleapis.com/google.cloud.functions.v2.OperationMetadata","createTime":"2026-01-08T21:45:21.324998660Z","endTime":"2026-01-08T21:47:45.820393729Z","target":"projects/blog-ca662/locations/us-central1/functions/ssrblogca662","verb":"update","cancelRequested":false,"apiVersion":"v2","requestResource":{"@type":"type.googleapis.com/google.cloud.functions.v2.Function","name":"projects/blog-ca662/locations/us-central1/functions/ssrblogca662","buildConfig":{"runtime":"nodejs20","entryPoint":"ssrblogca662","source":{"storageSource":{"bucket":"gcf-v2-sources-284614412812-us-central1","object":"ssrblogca662/function-source.zip","generation":"1767908721274573"}},"environmentVariables":{"GOOGLE_NODE_RUN_SCRIPTS":""},"dockerRepository":"projects/blog-ca662/locations/us-central1/repositories/gcf-artifacts","sourceProvenance":{"resolvedStorageSource":{"bucket":"gcf-v2-sources-284614412812-us-central1","object":"ssrblogca662/function-source.zip","generation":"1736828886967681"}},"dockerRegistry":"ARTIFACT_REGISTRY","serviceAccount":"projects/blog-ca662/serviceAccounts/284614412812-compute@developer.gserviceaccount.com","automaticUpdatePolicy":{}},"serviceConfig":{"service":"projects/blog-ca662/locations/us-central1/services/ssrblogca662","timeoutSeconds":60,"environmentVariables":{"VERCEL_URL":"blog-ca662.web.app","__FIREBASE_FRAMEWORKS_ENTRY__":"next.js","__FIREBASE_DEFAULTS__":"{\"config\":{\"projectId\":\"blog-ca662\",\"appId\":\"1:284614412812:web:1c1ccb42f7e0870875fc29\",\"storageBucket\":\"blog-ca662.appspot.com\",\"locationId\":\"us-central\",\"apiKey\":\"AIzaSyAvvbq7egmHbW1z6wy8N-0aNeKOUg1a0Q8\",\"authDomain\":\"blog-ca662.firebaseapp.com\",\"messagingSenderId\":\"284614412812\",\"measurementId\":\"G-R62489Y36G\",\"projectNumber\":\"284614412812\",\"version\":\"2\"},\"_authTokenSyncURL\":\"/__session\"}","FIREBASE_CONFIG":"{\"projectId\":\"blog-ca662\",\"storageBucket\":\"blog-ca662.appspot.com\",\"locationId\":\"us-central\"}","GCLOUD_PROJECT":"blog-ca662","EVENTARC_CLOUD_EVENT_SOURCE":"projects/blog-ca662/locations/us-central1/services/ssrblogca662","FUNCTION_TARGET":"ssrblogca662","LOG_EXECUTION_ID":"true"},"ingressSettings":"ALLOW_ALL","uri":"https://ssrblogca662-jfo7awey6a-uc.a.run.app","serviceAccountEmail":"284614412812-compute@developer.gserviceaccount.com","availableMemory":"256Mi","allTrafficOnLatestRevision":true,"revision":"ssrblogca662-00049-jak","maxInstanceRequestConcurrency":80,"availableCpu":"1"},"state":"ACTIVE","labels":{"deployment-tool":"cli-firebase","firebase-functions-codebase":"firebase-frameworks-blog-ca662","firebase-functions-hash":"0c820c1cae982882b46ba7ee8fa12d3aa81525b6"},"environment":"GEN_2","url":"https://us-central1-blog-ca662.cloudfunctions.net/ssrblogca662","satisfiesPzi":true},"stages":[{"name":"SERVICE","state":"NOT_STARTED"}],"operationType":"UPDATE_FUNCTION"},"done":true,"error":{"code":3,"message":"Build failed with status: FAILURE and message: npm warn ERESOLVE overriding peer dependency\nnpm warn While resolving: @sanity/insert-menu@1.1.13\nnpm warn Found: react-is@18.2.0\nnpm warn node_modules/react-is\nnpm warn   peer react-is@\"^18\" from @sanity/ui@1.9.3\nnpm warn   node_modules/@sanity/code-input/node_modules/@sanity/ui\nnpm warn     @sanity/ui@\"^1.0.0\" from @sanity/code-input@4.1.4\nnpm warn     node_modules/@sanity/code-input\nnpm warn   3 more (@sanity/ui, sanity, @sanity/ui)\nnpm warn\nnpm warn Could not resolve dependency:\nnpm warn peer react-is@\"^18.3 || >=19.0.0-rc\" from @sanity/insert-menu@1.1.13\nnpm warn node_modules/@sanity/insert-menu\nnpm warn   @sanity/insert-menu@\"^1.1.12\" from sanity@3.99.0\nnpm warn   node_modules/sanity\nnpm warn\nnpm warn Conflicting peer dependency: react-is@19.2.3\nnpm warn node_modules/react-is\nnpm warn   peer react-is@\"^18.3 || >=19.0.0-rc\" from @sanity/insert-menu@1.1.13\nnpm warn   node_modules/@sanity/insert-menu\nnpm warn     @sanity/insert-menu@\"^1.1.12\" from sanity@3.99.0\nnpm warn     node_modules/sanity\nnpm warn ERESOLVE overriding peer dependency\nnpm warn While resolving: @sanity/preview-url-secret@2.1.16\nnpm warn Found: @sanity/client@6.29.1\nnpm warn node_modules/@sanity/client\nnpm warn   @sanity/client@\"^6.29.1\" from the root project\nnpm warn   7 more (@sanity/export, @sanity/types, @sanity/util, ...)\nnpm warn\nnpm warn Could not resolve dependency:\nnpm warn peer @sanity/client@\"^7.12.0\" from @sanity/preview-url-secret@2.1.16\nnpm warn node_modules/@sanity/preview-url-secret\nnpm warn   @sanity/preview-url-secret@\"^2.1.11\" from sanity@3.99.0\nnpm warn\nnpm warn Conflicting peer dependency: @sanity/client@7.14.0\nnpm warn node_modules/@sanity/client\nnpm warn   peer @sanity/client@\"^7.12.0\" from @sanity/preview-url-secret@2.1.16\nnpm warn   node_modules/@sanity/preview-url-secret\nnpm warn     @sanity/preview-url-secret@\"^2.1.11\" from sanity@3.99.0\nnpm warn ERESOLVE overriding peer dependency\nnpm warn While resolving: @sanity/visual-editing-types@1.1.8\nnpm warn Found: @sanity/client@6.29.1\nnpm warn node_modules/@sanity/client\nnpm warn   @sanity/client@\"^6.29.1\" from the root project\nnpm warn   7 more (@sanity/export, @sanity/types, @sanity/util, ...)\nnpm warn\nnpm warn Could not resolve dependency:\nnpm warn peer @sanity/client@\"^7.11.2\" from @sanity/visual-editing-types@1.1.8\nnpm warn node_modules/@sanity/visual-editing-types\nnpm warn   @sanity/visual-editing-types@\"^1.1.6\" from @sanity/presentation-comlink@1.0.33\nnpm warn   node_modules/@sanity/presentation-comlink\nnpm warn\nnpm warn Conflicting peer dependency: @sanity/client@7.14.0\nnpm warn node_modules/@sanity/client\nnpm warn   peer @sanity/client@\"^7.11.2\" from @sanity/visual-editing-types@1.1.8\nnpm warn   node_modules/@sanity/visual-editing-types\nnpm warn     @sanity/visual-editing-types@\"^1.1.6\" from @sanity/presentation-comlink@1.0.33\nnpm warn     node_modules/@sanity/presentation-comlink\nnpm error code ERESOLVE\nnpm error ERESOLVE could not resolve\nnpm error\nnpm error While resolving: next-sanity@7.0.12\nnpm error Found: next@15.5.9\nnpm error node_modules/next\nnpm error   next@\"^15.1.6\" from the root project\nnpm error   peer next@\"^8.1.1-canary.54 || >=9.0.0\" from next-seo@6.8.0\nnpm error   node_modules/next-seo\nnpm error     next-seo@\"^6.4.0\" from the root project\nnpm error   2 more (next-sitemap, next-themes)\nnpm error\nnpm error Could not resolve dependency:\nnpm error peer next@\"^14.1\" from next-sanity@7.0.12\nnpm error node_modules/next-sanity\nnpm error   next-sanity@\"^7.0.12\" from the root project\nnpm error\nnpm error Conflicting peer dependency: next@14.2.35\nnpm error node_modules/next\nnpm error   peer next@\"^14.1\" from next-sanity@7.0.12\nnpm error   node_modules/next-sanity\nnpm error     next-sanity@\"^7.0.12\" from the root project\nnpm error\nnpm error Fix the upstream dependency conflict, or retry\nnpm error this command with --force or --legacy-peer-deps\nnpm error to accept an incorrect (and potentially broken) dependency resolution.\nnpm error\nnpm error\nnpm error For a full report see:\nnpm error /www-data-home/.npm/_logs/2026-01-08T21_47_17_326Z-eresolve-report.txt\nnpm error A complete log of this run can be found in: /www-data-home/.npm/_logs/2026-01-08T21_47_17_326Z-debug-0.log. For more details see the logs at https://console.cloud.google.com/cloud-build/builds;region=us-central1/bfafd2d2-165d-452f-a1a4-3a038403df18?project=284614412812."}}
[debug] [2026-01-08T21:47:51.253Z] Got source token undefined for region us-central1
[error] Build failed with status: FAILURE and message: npm warn ERESOLVE overriding peer dependency
npm warn While resolving: @sanity/insert-menu@1.1.13
npm warn Found: react-is@18.2.0
npm warn node_modules/react-is
npm warn   peer react-is@"^18" from @sanity/ui@1.9.3
npm warn   node_modules/@sanity/code-input/node_modules/@sanity/ui
npm warn     @sanity/ui@"^1.0.0" from @sanity/code-input@4.1.4
npm warn     node_modules/@sanity/code-input
npm warn   3 more (@sanity/ui, sanity, @sanity/ui)
npm warn
npm warn Could not resolve dependency:
npm warn peer react-is@"^18.3 || >=19.0.0-rc" from @sanity/insert-menu@1.1.13
npm warn node_modules/@sanity/insert-menu
npm warn   @sanity/insert-menu@"^1.1.12" from sanity@3.99.0
npm warn   node_modules/sanity
npm warn
npm warn Conflicting peer dependency: react-is@19.2.3
npm warn node_modules/react-is
npm warn   peer react-is@"^18.3 || >=19.0.0-rc" from @sanity/insert-menu@1.1.13
npm warn   node_modules/@sanity/insert-menu
npm warn     @sanity/insert-menu@"^1.1.12" from sanity@3.99.0
npm warn     node_modules/sanity
npm warn ERESOLVE overriding peer dependency
npm warn While resolving: @sanity/preview-url-secret@2.1.16
npm warn Found: @sanity/client@6.29.1
npm warn node_modules/@sanity/client
npm warn   @sanity/client@"^6.29.1" from the root project
npm warn   7 more (@sanity/export, @sanity/types, @sanity/util, ...)
npm warn
npm warn Could not resolve dependency:
npm warn peer @sanity/client@"^7.12.0" from @sanity/preview-url-secret@2.1.16
npm warn node_modules/@sanity/preview-url-secret
npm warn   @sanity/preview-url-secret@"^2.1.11" from sanity@3.99.0
npm warn
npm warn Conflicting peer dependency: @sanity/client@7.14.0
npm warn node_modules/@sanity/client
npm warn   peer @sanity/client@"^7.12.0" from @sanity/preview-url-secret@2.1.16
npm warn   node_modules/@sanity/preview-url-secret
npm warn     @sanity/preview-url-secret@"^2.1.11" from sanity@3.99.0
npm warn ERESOLVE overriding peer dependency
npm warn While resolving: @sanity/visual-editing-types@1.1.8
npm warn Found: @sanity/client@6.29.1
npm warn node_modules/@sanity/client
npm warn   @sanity/client@"^6.29.1" from the root project
npm warn   7 more (@sanity/export, @sanity/types, @sanity/util, ...)
npm warn
npm warn Could not resolve dependency:
npm warn peer @sanity/client@"^7.11.2" from @sanity/visual-editing-types@1.1.8
npm warn node_modules/@sanity/visual-editing-types
npm warn   @sanity/visual-editing-types@"^1.1.6" from @sanity/presentation-comlink@1.0.33
npm warn   node_modules/@sanity/presentation-comlink
npm warn
npm warn Conflicting peer dependency: @sanity/client@7.14.0
npm warn node_modules/@sanity/client
npm warn   peer @sanity/client@"^7.11.2" from @sanity/visual-editing-types@1.1.8
npm warn   node_modules/@sanity/visual-editing-types
npm warn     @sanity/visual-editing-types@"^1.1.6" from @sanity/presentation-comlink@1.0.33
npm warn     node_modules/@sanity/presentation-comlink
npm error code ERESOLVE
npm error ERESOLVE could not resolve
npm error
npm error While resolving: next-sanity@7.0.12
npm error Found: next@15.5.9
npm error node_modules/next
npm error   next@"^15.1.6" from the root project
npm error   peer next@"^8.1.1-canary.54 || >=9.0.0" from next-seo@6.8.0
npm error   node_modules/next-seo
npm error     next-seo@"^6.4.0" from the root project
npm error   2 more (next-sitemap, next-themes)
npm error
npm error Could not resolve dependency:
npm error peer next@"^14.1" from next-sanity@7.0.12
npm error node_modules/next-sanity
npm error   next-sanity@"^7.0.12" from the root project
npm error
npm error Conflicting peer dependency: next@14.2.35
npm error node_modules/next
npm error   peer next@"^14.1" from next-sanity@7.0.12
npm error   node_modules/next-sanity
npm error     next-sanity@"^7.0.12" from the root project
npm error
npm error Fix the upstream dependency conflict, or retry
npm error this command with --force or --legacy-peer-deps
npm error to accept an incorrect (and potentially broken) dependency resolution.
npm error
npm error
npm error For a full report see:
npm error /www-data-home/.npm/_logs/2026-01-08T21_47_17_326Z-eresolve-report.txt
npm error A complete log of this run can be found in: /www-data-home/.npm/_logs/2026-01-08T21_47_17_326Z-debug-0.log. For more details see the logs at https://console.cloud.google.com/cloud-build/builds;region=us-central1/bfafd2d2-165d-452f-a1a4-3a038403df18?project=284614412812.
[debug] [2026-01-08T21:47:51.263Z] Total Function Deployment time: 155384
[debug] [2026-01-08T21:47:51.263Z] 1 Functions Deployed
[debug] [2026-01-08T21:47:51.263Z] 1 Functions Errored
[debug] [2026-01-08T21:47:51.263Z] 0 Function Deployments Aborted
[debug] [2026-01-08T21:47:51.264Z] Average Function Deployment time: 155383
[info] 
[info] Functions deploy had errors with the following functions:
	firebase-frameworks-blog-ca662:ssrblogca662(us-central1)
[debug] [2026-01-08T21:47:51.538Z] Not printing URL for HTTPS function. Typically this means it didn't match a filter or we failed deployment
[info] i  functions: cleaning up build files... 
[debug] [2026-01-08T21:47:51.539Z] Checked if tokens are valid: true, expires at: 1767910446517
[debug] [2026-01-08T21:47:51.539Z] Checked if tokens are valid: true, expires at: 1767910446517
[debug] [2026-01-08T21:47:51.540Z] Checked if tokens are valid: true, expires at: 1767910446517
[debug] [2026-01-08T21:47:51.540Z] Checked if tokens are valid: true, expires at: 1767910446517
[debug] [2026-01-08T21:47:51.541Z] >>> [apiv2][query] DELETE https://artifactregistry.googleapis.com/v1beta2/projects/blog-ca662/locations/us-central1/repositories/gcf-artifacts/packages/ssrblogca662 [none]
[debug] [2026-01-08T21:47:51.542Z] >>> [apiv2][query] GET https://us.gcr.io/v2/blog-ca662/gcf/us-central1/tags/list [none]
[debug] [2026-01-08T21:47:52.030Z] <<< [apiv2][status] GET https://us.gcr.io/v2/blog-ca662/gcf/us-central1/tags/list 404
[debug] [2026-01-08T21:47:52.030Z] <<< [apiv2][body] GET https://us.gcr.io/v2/blog-ca662/gcf/us-central1/tags/list {"errors":[{"code":"NAME_UNKNOWN","message":"Repository \"us.gcr.io\" not found"}]}
[debug] [2026-01-08T21:47:52.031Z] Failed docker command with error  Request to https://us.gcr.io/v2/blog-ca662/gcf/us-central1/tags/list had HTTP Error: 404, Not Found {"name":"FirebaseError","children":[],"context":{"body":{"errors":[{"code":"NAME_UNKNOWN","message":"Repository \"us.gcr.io\" not found"}],"error":{"message":"Not Found"}},"response":{"statusCode":404}},"exit":1,"message":"Request to https://us.gcr.io/v2/blog-ca662/gcf/us-central1/tags/list had HTTP Error: 404, Not Found","status":404}
[debug] [2026-01-08T21:47:52.035Z] Checked if tokens are valid: true, expires at: 1767910446517
[debug] [2026-01-08T21:47:52.035Z] Checked if tokens are valid: true, expires at: 1767910446517
[debug] [2026-01-08T21:47:52.035Z] >>> [apiv2][query] GET https://us.gcr.io/v2/blog-ca662/gcf/us-central1/tags/list [none]
[debug] [2026-01-08T21:47:52.072Z] <<< [apiv2][status] DELETE https://artifactregistry.googleapis.com/v1beta2/projects/blog-ca662/locations/us-central1/repositories/gcf-artifacts/packages/ssrblogca662 404
[debug] [2026-01-08T21:47:52.072Z] <<< [apiv2][body] DELETE https://artifactregistry.googleapis.com/v1beta2/projects/blog-ca662/locations/us-central1/repositories/gcf-artifacts/packages/ssrblogca662 {"error":{"code":404,"message":"Package \"projects/blog-ca662/locations/us-central1/repositories/gcf-artifacts/packages/ssrblogca662\" was not found.","status":"NOT_FOUND"}}
[debug] [2026-01-08T21:47:52.232Z] <<< [apiv2][status] GET https://us.gcr.io/v2/blog-ca662/gcf/us-central1/tags/list 404
[debug] [2026-01-08T21:47:52.232Z] <<< [apiv2][body] GET https://us.gcr.io/v2/blog-ca662/gcf/us-central1/tags/list {"errors":[{"code":"NAME_UNKNOWN","message":"Repository \"us.gcr.io\" not found"}]}
[debug] [2026-01-08T21:47:52.233Z] Failed docker command with error  Request to https://us.gcr.io/v2/blog-ca662/gcf/us-central1/tags/list had HTTP Error: 404, Not Found {"name":"FirebaseError","children":[],"context":{"body":{"errors":[{"code":"NAME_UNKNOWN","message":"Repository \"us.gcr.io\" not found"}],"error":{"message":"Not Found"}},"response":{"statusCode":404}},"exit":1,"message":"Request to https://us.gcr.io/v2/blog-ca662/gcf/us-central1/tags/list had HTTP Error: 404, Not Found","status":404}
[debug] [2026-01-08T21:47:52.335Z] Checked if tokens are valid: true, expires at: 1767910446517
[debug] [2026-01-08T21:47:52.335Z] Checked if tokens are valid: true, expires at: 1767910446517
[debug] [2026-01-08T21:47:52.336Z] >>> [apiv2][query] GET https://us.gcr.io/v2/blog-ca662/gcf/us-central1/tags/list [none]
[debug] [2026-01-08T21:47:52.512Z] <<< [apiv2][status] GET https://us.gcr.io/v2/blog-ca662/gcf/us-central1/tags/list 404
[debug] [2026-01-08T21:47:52.512Z] <<< [apiv2][body] GET https://us.gcr.io/v2/blog-ca662/gcf/us-central1/tags/list {"errors":[{"code":"NAME_UNKNOWN","message":"Repository \"us.gcr.io\" not found"}]}
[debug] [2026-01-08T21:47:52.512Z] Failed docker command with error  Request to https://us.gcr.io/v2/blog-ca662/gcf/us-central1/tags/list had HTTP Error: 404, Not Found {"name":"FirebaseError","children":[],"context":{"body":{"errors":[{"code":"NAME_UNKNOWN","message":"Repository \"us.gcr.io\" not found"}],"error":{"message":"Not Found"}},"response":{"statusCode":404}},"exit":1,"message":"Request to https://us.gcr.io/v2/blog-ca662/gcf/us-central1/tags/list had HTTP Error: 404, Not Found","status":404}
[warn] !  functions: Unhandled error cleaning up build images. This could result in a small monthly bill if not corrected. You can attempt to delete these images by redeploying or you can delete them manually at https://console.cloud.google.com/gcr/images/blog-ca662/us/gcf 
[debug] [2026-01-08T21:47:52.513Z] Functions deploy failed.
[debug] [2026-01-08T21:47:52.513Z] {
  "endpoint": {
    "id": "ssrblogca662",
    "project": "blog-ca662",
    "region": "us-central1",
    "entryPoint": "ssrblogca662",
    "platform": "gcfv2",
    "runtime": "nodejs20",
    "httpsTrigger": {},
    "labels": {
      "deployment-tool": "cli-firebase"
    },
    "ingressSettings": null,
    "availableMemoryMb": null,
    "serviceAccount": null,
    "timeoutSeconds": null,
    "maxInstances": null,
    "minInstances": null,
    "concurrency": 80,
    "vpc": null,
    "environmentVariables": {
      "VERCEL_URL": "blog-ca662.web.app",
      "__FIREBASE_FRAMEWORKS_ENTRY__": "next.js",
      "__FIREBASE_DEFAULTS__": "{\"config\":{\"projectId\":\"blog-ca662\",\"appId\":\"1:284614412812:web:1c1ccb42f7e0870875fc29\",\"storageBucket\":\"blog-ca662.appspot.com\",\"locationId\":\"us-central\",\"apiKey\":\"AIzaSyAvvbq7egmHbW1z6wy8N-0aNeKOUg1a0Q8\",\"authDomain\":\"blog-ca662.firebaseapp.com\",\"messagingSenderId\":\"284614412812\",\"measurementId\":\"G-R62489Y36G\",\"projectNumber\":\"284614412812\",\"version\":\"2\"},\"_authTokenSyncURL\":\"/__session\"}",
      "FIREBASE_CONFIG": "{\"projectId\":\"blog-ca662\",\"storageBucket\":\"blog-ca662.appspot.com\",\"locationId\":\"us-central\"}",
      "GCLOUD_PROJECT": "blog-ca662",
      "EVENTARC_CLOUD_EVENT_SOURCE": "projects/blog-ca662/locations/us-central1/services/ssrblogca662"
    },
    "codebase": "firebase-frameworks-blog-ca662",
    "runServiceId": "ssrblogca662",
    "cpu": 1,
    "securityLevel": "SECURE_ALWAYS",
    "targetedByOnly": false,
    "hash": "0c820c1cae982882b46ba7ee8fa12d3aa81525b6"
  },
  "op": "update",
  "original": {
    "name": "FirebaseError",
    "children": [],
    "exit": 1,
    "message": "Build failed with status: FAILURE and message: npm warn ERESOLVE overriding peer dependency\nnpm warn While resolving: @sanity/insert-menu@1.1.13\nnpm warn Found: react-is@18.2.0\nnpm warn node_modules/react-is\nnpm warn   peer react-is@\"^18\" from @sanity/ui@1.9.3\nnpm warn   node_modules/@sanity/code-input/node_modules/@sanity/ui\nnpm warn     @sanity/ui@\"^1.0.0\" from @sanity/code-input@4.1.4\nnpm warn     node_modules/@sanity/code-input\nnpm warn   3 more (@sanity/ui, sanity, @sanity/ui)\nnpm warn\nnpm warn Could not resolve dependency:\nnpm warn peer react-is@\"^18.3 || >=19.0.0-rc\" from @sanity/insert-menu@1.1.13\nnpm warn node_modules/@sanity/insert-menu\nnpm warn   @sanity/insert-menu@\"^1.1.12\" from sanity@3.99.0\nnpm warn   node_modules/sanity\nnpm warn\nnpm warn Conflicting peer dependency: react-is@19.2.3\nnpm warn node_modules/react-is\nnpm warn   peer react-is@\"^18.3 || >=19.0.0-rc\" from @sanity/insert-menu@1.1.13\nnpm warn   node_modules/@sanity/insert-menu\nnpm warn     @sanity/insert-menu@\"^1.1.12\" from sanity@3.99.0\nnpm warn     node_modules/sanity\nnpm warn ERESOLVE overriding peer dependency\nnpm warn While resolving: @sanity/preview-url-secret@2.1.16\nnpm warn Found: @sanity/client@6.29.1\nnpm warn node_modules/@sanity/client\nnpm warn   @sanity/client@\"^6.29.1\" from the root project\nnpm warn   7 more (@sanity/export, @sanity/types, @sanity/util, ...)\nnpm warn\nnpm warn Could not resolve dependency:\nnpm warn peer @sanity/client@\"^7.12.0\" from @sanity/preview-url-secret@2.1.16\nnpm warn node_modules/@sanity/preview-url-secret\nnpm warn   @sanity/preview-url-secret@\"^2.1.11\" from sanity@3.99.0\nnpm warn\nnpm warn Conflicting peer dependency: @sanity/client@7.14.0\nnpm warn node_modules/@sanity/client\nnpm warn   peer @sanity/client@\"^7.12.0\" from @sanity/preview-url-secret@2.1.16\nnpm warn   node_modules/@sanity/preview-url-secret\nnpm warn     @sanity/preview-url-secret@\"^2.1.11\" from sanity@3.99.0\nnpm warn ERESOLVE overriding peer dependency\nnpm warn While resolving: @sanity/visual-editing-types@1.1.8\nnpm warn Found: @sanity/client@6.29.1\nnpm warn node_modules/@sanity/client\nnpm warn   @sanity/client@\"^6.29.1\" from the root project\nnpm warn   7 more (@sanity/export, @sanity/types, @sanity/util, ...)\nnpm warn\nnpm warn Could not resolve dependency:\nnpm warn peer @sanity/client@\"^7.11.2\" from @sanity/visual-editing-types@1.1.8\nnpm warn node_modules/@sanity/visual-editing-types\nnpm warn   @sanity/visual-editing-types@\"^1.1.6\" from @sanity/presentation-comlink@1.0.33\nnpm warn   node_modules/@sanity/presentation-comlink\nnpm warn\nnpm warn Conflicting peer dependency: @sanity/client@7.14.0\nnpm warn node_modules/@sanity/client\nnpm warn   peer @sanity/client@\"^7.11.2\" from @sanity/visual-editing-types@1.1.8\nnpm warn   node_modules/@sanity/visual-editing-types\nnpm warn     @sanity/visual-editing-types@\"^1.1.6\" from @sanity/presentation-comlink@1.0.33\nnpm warn     node_modules/@sanity/presentation-comlink\nnpm error code ERESOLVE\nnpm error ERESOLVE could not resolve\nnpm error\nnpm error While resolving: next-sanity@7.0.12\nnpm error Found: next@15.5.9\nnpm error node_modules/next\nnpm error   next@\"^15.1.6\" from the root project\nnpm error   peer next@\"^8.1.1-canary.54 || >=9.0.0\" from next-seo@6.8.0\nnpm error   node_modules/next-seo\nnpm error     next-seo@\"^6.4.0\" from the root project\nnpm error   2 more (next-sitemap, next-themes)\nnpm error\nnpm error Could not resolve dependency:\nnpm error peer next@\"^14.1\" from next-sanity@7.0.12\nnpm error node_modules/next-sanity\nnpm error   next-sanity@\"^7.0.12\" from the root project\nnpm error\nnpm error Conflicting peer dependency: next@14.2.35\nnpm error node_modules/next\nnpm error   peer next@\"^14.1\" from next-sanity@7.0.12\nnpm error   node_modules/next-sanity\nnpm error     next-sanity@\"^7.0.12\" from the root project\nnpm error\nnpm error Fix the upstream dependency conflict, or retry\nnpm error this command with --force or --legacy-peer-deps\nnpm error to accept an incorrect (and potentially broken) dependency resolution.\nnpm error\nnpm error\nnpm error For a full report see:\nnpm error /www-data-home/.npm/_logs/2026-01-08T21_47_17_326Z-eresolve-report.txt\nnpm error A complete log of this run can be found in: /www-data-home/.npm/_logs/2026-01-08T21_47_17_326Z-debug-0.log. For more details see the logs at https://console.cloud.google.com/cloud-build/builds;region=us-central1/bfafd2d2-165d-452f-a1a4-3a038403df18?project=284614412812.",
    "original": {
      "code": 3,
      "message": "Build failed with status: FAILURE and message: npm warn ERESOLVE overriding peer dependency\nnpm warn While resolving: @sanity/insert-menu@1.1.13\nnpm warn Found: react-is@18.2.0\nnpm warn node_modules/react-is\nnpm warn   peer react-is@\"^18\" from @sanity/ui@1.9.3\nnpm warn   node_modules/@sanity/code-input/node_modules/@sanity/ui\nnpm warn     @sanity/ui@\"^1.0.0\" from @sanity/code-input@4.1.4\nnpm warn     node_modules/@sanity/code-input\nnpm warn   3 more (@sanity/ui, sanity, @sanity/ui)\nnpm warn\nnpm warn Could not resolve dependency:\nnpm warn peer react-is@\"^18.3 || >=19.0.0-rc\" from @sanity/insert-menu@1.1.13\nnpm warn node_modules/@sanity/insert-menu\nnpm warn   @sanity/insert-menu@\"^1.1.12\" from sanity@3.99.0\nnpm warn   node_modules/sanity\nnpm warn\nnpm warn Conflicting peer dependency: react-is@19.2.3\nnpm warn node_modules/react-is\nnpm warn   peer react-is@\"^18.3 || >=19.0.0-rc\" from @sanity/insert-menu@1.1.13\nnpm warn   node_modules/@sanity/insert-menu\nnpm warn     @sanity/insert-menu@\"^1.1.12\" from sanity@3.99.0\nnpm warn     node_modules/sanity\nnpm warn ERESOLVE overriding peer dependency\nnpm warn While resolving: @sanity/preview-url-secret@2.1.16\nnpm warn Found: @sanity/client@6.29.1\nnpm warn node_modules/@sanity/client\nnpm warn   @sanity/client@\"^6.29.1\" from the root project\nnpm warn   7 more (@sanity/export, @sanity/types, @sanity/util, ...)\nnpm warn\nnpm warn Could not resolve dependency:\nnpm warn peer @sanity/client@\"^7.12.0\" from @sanity/preview-url-secret@2.1.16\nnpm warn node_modules/@sanity/preview-url-secret\nnpm warn   @sanity/preview-url-secret@\"^2.1.11\" from sanity@3.99.0\nnpm warn\nnpm warn Conflicting peer dependency: @sanity/client@7.14.0\nnpm warn node_modules/@sanity/client\nnpm warn   peer @sanity/client@\"^7.12.0\" from @sanity/preview-url-secret@2.1.16\nnpm warn   node_modules/@sanity/preview-url-secret\nnpm warn     @sanity/preview-url-secret@\"^2.1.11\" from sanity@3.99.0\nnpm warn ERESOLVE overriding peer dependency\nnpm warn While resolving: @sanity/visual-editing-types@1.1.8\nnpm warn Found: @sanity/client@6.29.1\nnpm warn node_modules/@sanity/client\nnpm warn   @sanity/client@\"^6.29.1\" from the root project\nnpm warn   7 more (@sanity/export, @sanity/types, @sanity/util, ...)\nnpm warn\nnpm warn Could not resolve dependency:\nnpm warn peer @sanity/client@\"^7.11.2\" from @sanity/visual-editing-types@1.1.8\nnpm warn node_modules/@sanity/visual-editing-types\nnpm warn   @sanity/visual-editing-types@\"^1.1.6\" from @sanity/presentation-comlink@1.0.33\nnpm warn   node_modules/@sanity/presentation-comlink\nnpm warn\nnpm warn Conflicting peer dependency: @sanity/client@7.14.0\nnpm warn node_modules/@sanity/client\nnpm warn   peer @sanity/client@\"^7.11.2\" from @sanity/visual-editing-types@1.1.8\nnpm warn   node_modules/@sanity/visual-editing-types\nnpm warn     @sanity/visual-editing-types@\"^1.1.6\" from @sanity/presentation-comlink@1.0.33\nnpm warn     node_modules/@sanity/presentation-comlink\nnpm error code ERESOLVE\nnpm error ERESOLVE could not resolve\nnpm error\nnpm error While resolving: next-sanity@7.0.12\nnpm error Found: next@15.5.9\nnpm error node_modules/next\nnpm error   next@\"^15.1.6\" from the root project\nnpm error   peer next@\"^8.1.1-canary.54 || >=9.0.0\" from next-seo@6.8.0\nnpm error   node_modules/next-seo\nnpm error     next-seo@\"^6.4.0\" from the root project\nnpm error   2 more (next-sitemap, next-themes)\nnpm error\nnpm error Could not resolve dependency:\nnpm error peer next@\"^14.1\" from next-sanity@7.0.12\nnpm error node_modules/next-sanity\nnpm error   next-sanity@\"^7.0.12\" from the root project\nnpm error\nnpm error Conflicting peer dependency: next@14.2.35\nnpm error node_modules/next\nnpm error   peer next@\"^14.1\" from next-sanity@7.0.12\nnpm error   node_modules/next-sanity\nnpm error     next-sanity@\"^7.0.12\" from the root project\nnpm error\nnpm error Fix the upstream dependency conflict, or retry\nnpm error this command with --force or --legacy-peer-deps\nnpm error to accept an incorrect (and potentially broken) dependency resolution.\nnpm error\nnpm error\nnpm error For a full report see:\nnpm error /www-data-home/.npm/_logs/2026-01-08T21_47_17_326Z-eresolve-report.txt\nnpm error A complete log of this run can be found in: /www-data-home/.npm/_logs/2026-01-08T21_47_17_326Z-debug-0.log. For more details see the logs at https://console.cloud.google.com/cloud-build/builds;region=us-central1/bfafd2d2-165d-452f-a1a4-3a038403df18?project=284614412812."
    },
    "status": 3,
    "code": 3
  }
}
[debug] [2026-01-08T21:47:52.601Z] Error: Failed to update function ssrblogca662 in region us-central1
    at C:\Users\rodri\AppData\Roaming\npm\node_modules\firebase-tools\lib\deploy\functions\release\fabricator.js:399:19
    at process.processTicksAndRejections (node:internal/process/task_queues:95:5)
    at async Fabricator.updateV2Function (C:\Users\rodri\AppData\Roaming\npm\node_modules\firebase-tools\lib\deploy\functions\release\fabricator.js:388:32)
    at async Fabricator.updateEndpoint (C:\Users\rodri\AppData\Roaming\npm\node_modules\firebase-tools\lib\deploy\functions\release\fabricator.js:155:13)
    at async handle (C:\Users\rodri\AppData\Roaming\npm\node_modules\firebase-tools\lib\deploy\functions\release\fabricator.js:89:17)
[error] 
[error] Error: There was an error deploying functions
[debug] [2026-01-08T21:49:17.059Z] ----------------------------------------------------------------------
[debug] [2026-01-08T21:49:17.064Z] Command:       C:\nvm4w\nodejs\node.exe C:\Users\rodri\AppData\Roaming\npm\node_modules\firebase-tools\lib\bin\firebase.js deploy
[debug] [2026-01-08T21:49:17.064Z] CLI Version:   13.34.0
[debug] [2026-01-08T21:49:17.065Z] Platform:      win32
[debug] [2026-01-08T21:49:17.065Z] Node Version:  v20.12.2
[debug] [2026-01-08T21:49:17.065Z] Time:          Thu Jan 08 2026 15:49:17 GMT-0600 (hora estándar central)
[debug] [2026-01-08T21:49:17.065Z] ----------------------------------------------------------------------
[debug] 
[debug] [2026-01-08T21:49:17.416Z] > command requires scopes: ["email","openid","https://www.googleapis.com/auth/cloudplatformprojects.readonly","https://www.googleapis.com/auth/firebase","https://www.googleapis.com/auth/cloud-platform"]
[debug] [2026-01-08T21:49:17.417Z] > authorizing via signed-in user (revelacionesdecaroweb@gmail.com)
[debug] [2026-01-08T21:49:17.418Z] [iam] checking project blog-ca662 for permissions ["datastore.indexes.create","datastore.indexes.delete","datastore.indexes.list","datastore.indexes.update","firebase.projects.get","firebasehosting.sites.update","firebaserules.releases.create","firebaserules.releases.update","firebaserules.rulesets.create"]
[debug] [2026-01-08T21:49:17.420Z] Checked if tokens are valid: true, expires at: 1767910446517
[debug] [2026-01-08T21:49:17.420Z] Checked if tokens are valid: true, expires at: 1767910446517
[debug] [2026-01-08T21:49:17.423Z] >>> [apiv2][query] POST https://cloudresourcemanager.googleapis.com/v1/projects/blog-ca662:testIamPermissions [none]
[debug] [2026-01-08T21:49:17.423Z] >>> [apiv2][(partial)header] POST https://cloudresourcemanager.googleapis.com/v1/projects/blog-ca662:testIamPermissions x-goog-quota-user=projects/blog-ca662
[debug] [2026-01-08T21:49:17.423Z] >>> [apiv2][body] POST https://cloudresourcemanager.googleapis.com/v1/projects/blog-ca662:testIamPermissions {"permissions":["datastore.indexes.create","datastore.indexes.delete","datastore.indexes.list","datastore.indexes.update","firebase.projects.get","firebasehosting.sites.update","firebaserules.releases.create","firebaserules.releases.update","firebaserules.rulesets.create"]}
[debug] [2026-01-08T21:49:17.866Z] <<< [apiv2][status] POST https://cloudresourcemanager.googleapis.com/v1/projects/blog-ca662:testIamPermissions 200
[debug] [2026-01-08T21:49:17.866Z] <<< [apiv2][body] POST https://cloudresourcemanager.googleapis.com/v1/projects/blog-ca662:testIamPermissions {"permissions":["datastore.indexes.create","datastore.indexes.delete","datastore.indexes.list","datastore.indexes.update","firebase.projects.get","firebasehosting.sites.update","firebaserules.releases.create","firebaserules.releases.update","firebaserules.rulesets.create"]}
[debug] [2026-01-08T21:49:17.867Z] Checked if tokens are valid: true, expires at: 1767910446517
[debug] [2026-01-08T21:49:17.867Z] Checked if tokens are valid: true, expires at: 1767910446517
[debug] [2026-01-08T21:49:17.868Z] >>> [apiv2][query] GET https://firebase.googleapis.com/v1beta1/projects/blog-ca662 [none]
[debug] [2026-01-08T21:49:18.365Z] <<< [apiv2][status] GET https://firebase.googleapis.com/v1beta1/projects/blog-ca662 200
[debug] [2026-01-08T21:49:18.365Z] <<< [apiv2][body] GET https://firebase.googleapis.com/v1beta1/projects/blog-ca662 {"projectId":"blog-ca662","projectNumber":"284614412812","displayName":"blog","name":"projects/blog-ca662","resources":{"hostingSite":"blog-ca662","locationId":"us-central"},"state":"ACTIVE","etag":"1_8fee3b47-4e60-4f8b-bf6a-c3efe9b505a6"}
[debug] [2026-01-08T21:49:27.773Z] Checked if tokens are valid: true, expires at: 1767910446517
[debug] [2026-01-08T21:49:27.773Z] Checked if tokens are valid: true, expires at: 1767910446517
[debug] [2026-01-08T21:49:27.774Z] >>> [apiv2][query] GET https://firebasehosting.googleapis.com/v1beta1/projects/blog-ca662/sites pageToken=&pageSize=10
[debug] [2026-01-08T21:49:28.377Z] <<< [apiv2][status] GET https://firebasehosting.googleapis.com/v1beta1/projects/blog-ca662/sites 200
[debug] [2026-01-08T21:49:28.377Z] <<< [apiv2][body] GET https://firebasehosting.googleapis.com/v1beta1/projects/blog-ca662/sites {"sites":[{"name":"projects/blog-ca662/sites/blog-ca662","defaultUrl":"https://blog-ca662.web.app","appId":"1:284614412812:web:1c1ccb42f7e0870875fc29","type":"DEFAULT_SITE"}]}
[debug] [2026-01-08T21:49:28.377Z] Checked if tokens are valid: true, expires at: 1767910446517
[debug] [2026-01-08T21:49:28.377Z] Checked if tokens are valid: true, expires at: 1767910446517
[debug] [2026-01-08T21:49:28.377Z] >>> [apiv2][query] GET https://firebase.googleapis.com/v1beta1/projects/-/webApps/1:284614412812:web:1c1ccb42f7e0870875fc29/config [none]
[debug] [2026-01-08T21:49:29.151Z] <<< [apiv2][status] GET https://firebase.googleapis.com/v1beta1/projects/-/webApps/1:284614412812:web:1c1ccb42f7e0870875fc29/config 200
[debug] [2026-01-08T21:49:29.151Z] <<< [apiv2][body] GET https://firebase.googleapis.com/v1beta1/projects/-/webApps/1:284614412812:web:1c1ccb42f7e0870875fc29/config {"projectId":"blog-ca662","appId":"1:284614412812:web:1c1ccb42f7e0870875fc29","storageBucket":"blog-ca662.appspot.com","locationId":"us-central","apiKey":"AIzaSyAvvbq7egmHbW1z6wy8N-0aNeKOUg1a0Q8","authDomain":"blog-ca662.firebaseapp.com","messagingSenderId":"284614412812","measurementId":"G-R62489Y36G","projectNumber":"284614412812","version":"2"}
[info] 
   Thank you for trying our early preview of Next.js support on Firebase Hosting.
   During the preview, support is best-effort and breaking changes can be expected. Proceed with caution.
   The integration is known to work with Next.js version 12 - 15.0. You may encounter errors.

   Documentation: https://firebase.google.com/docs/hosting/frameworks/nextjs
   File a bug: https://github.com/firebase/firebase-tools/issues/new?template=bug_report.md
   Submit a feature request: https://github.com/firebase/firebase-tools/issues/new?template=feature_request.md

   We'd love to learn from you. Express your interest in helping us shape the future of Firebase Hosting: https://goo.gle/41enW5X

[debug] [2026-01-08T21:49:45.792Z] Checked if tokens are valid: true, expires at: 1767910446517
[debug] [2026-01-08T21:49:45.792Z] Checked if tokens are valid: true, expires at: 1767910446517
[debug] [2026-01-08T21:49:45.792Z] >>> [apiv2][query] GET https://firebasehosting.googleapis.com/v1beta1/projects/blog-ca662/sites/blog-ca662 [none]
[debug] [2026-01-08T21:49:46.434Z] <<< [apiv2][status] GET https://firebasehosting.googleapis.com/v1beta1/projects/blog-ca662/sites/blog-ca662 200
[debug] [2026-01-08T21:49:46.434Z] <<< [apiv2][body] GET https://firebasehosting.googleapis.com/v1beta1/projects/blog-ca662/sites/blog-ca662 {"name":"projects/blog-ca662/sites/blog-ca662","defaultUrl":"https://blog-ca662.web.app","appId":"1:284614412812:web:1c1ccb42f7e0870875fc29","type":"DEFAULT_SITE"}
[info] ⚠ `images.domains` is deprecated in favor of `images.remotePatterns`. Please update next.config.js to protect your application from malicious users.

[info] ▲ Next.js 16.1.1 (Turbopack)

[info] 

[info]   Creating an optimized production build ...

[info] ✓ Compiled successfully in 58s

[info]   Running TypeScript ...

[info]   Collecting page data using 3 workers ...

[info] The Sanity Project ID is not set. Check your environment variables.

[info] The Sanity Project ID is not set. Check your environment variables.

[info] The Sanity Project ID is not set. Check your environment variables.

[info] ⚠ Using edge runtime on a page currently disables static generation for that page

[info]   Generating static pages using 3 workers (0/7) ...

[info]   Generating static pages using 3 workers (1/7) 

[info] The Sanity Project ID is not set. Check your environment variables.

[info]   Generating static pages using 3 workers (3/7) 

[info]   Generating static pages using 3 workers (5/7) 
✓ Generating static pages using 3 workers (7/7) in 672.6ms

[info]   Finalizing page optimization ...

[info] 

[info] Route (app)
┌ ○ /
├ ○ /_not-found
├ ƒ /api/hello
├ ƒ /archive
├ ○ /contacto
├ ƒ /post/[slug]
├ ○ /sobremi
└ ○ /studio/[[...index]]


[info] 
○  (Static)   prerendered as static content
ƒ  (Dynamic)  server-rendered on demand


[info] Building a Cloud Function to run this application. This is needed due to:
[info]  • use of fallback /studio/[[...index]]
[info]  • non-static component /(website)/post/[slug]/page
[info]  • non-static component /api/hello/route
[info] 
[debug] [2026-01-08T21:51:27.268Z] Checked if tokens are valid: true, expires at: 1767910446517
[debug] [2026-01-08T21:51:27.268Z] Checked if tokens are valid: true, expires at: 1767910446517
[debug] [2026-01-08T21:51:27.268Z] >>> [apiv2][query] GET https://firebasehosting.googleapis.com/v1beta1/projects/blog-ca662/sites/blog-ca662 [none]
[debug] [2026-01-08T21:51:27.776Z] <<< [apiv2][status] GET https://firebasehosting.googleapis.com/v1beta1/projects/blog-ca662/sites/blog-ca662 200
[debug] [2026-01-08T21:51:27.776Z] <<< [apiv2][body] GET https://firebasehosting.googleapis.com/v1beta1/projects/blog-ca662/sites/blog-ca662 {"name":"projects/blog-ca662/sites/blog-ca662","defaultUrl":"https://blog-ca662.web.app","appId":"1:284614412812:web:1c1ccb42f7e0870875fc29","type":"DEFAULT_SITE"}
[debug] [2026-01-08T21:52:14.195Z] [web frameworks] effective firebase.json:  {
  "hosting": [
    {
      "source": ".",
      "ignore": [
        "firebase.json",
        "**/.*",
        "**/node_modules/**"
      ],
      "frameworksBackend": {
        "region": "us-central1"
      },
      "site": "blog-ca662",
      "rewrites": [
        {
          "source": "**",
          "function": {
            "functionId": "ssrblogca662",
            "region": "us-central1",
            "pinTag": true
          }
        }
      ],
      "redirects": [],
      "headers": [
        {
          "source": "/_global-error",
          "headers": [
            {
              "key": "x-nextjs-stale-time",
              "value": "300"
            },
            {
              "key": "x-nextjs-prerender",
              "value": "1"
            },
            {
              "key": "x-next-cache-tags",
              "value": "_N_T_/layout,_N_T_/_global-error/layout,_N_T_/_global-error/page,_N_T_/_global-error"
            }
          ]
        },
        {
          "source": "/_not-found",
          "headers": [
            {
              "key": "x-nextjs-stale-time",
              "value": "300"
            },
            {
              "key": "x-nextjs-prerender",
              "value": "1"
            },
            {
              "key": "x-next-cache-tags",
              "value": "_N_T_/layout,_N_T_/_not-found/layout,_N_T_/_not-found/page,_N_T_/_not-found"
            }
          ]
        },
        {
          "source": "/favicon.ico",
          "headers": [
            {
              "key": "cache-control",
              "value": "public, max-age=0, must-revalidate"
            },
            {
              "key": "content-type",
              "value": "image/x-icon"
            },
            {
              "key": "x-next-cache-tags",
              "value": "_N_T_/layout,_N_T_/favicon.ico/layout,_N_T_/favicon.ico/route,_N_T_/favicon.ico"
            }
          ]
        },
        {
          "source": "**/*.[jt]s",
          "headers": [
            {
              "key": "Set-Cookie",
              "value": "__FIREBASE_DEFAULTS__=eyJjb25maWciOnsicHJvamVjdElkIjoiYmxvZy1jYTY2MiIsImFwcElkIjoiMToyODQ2MTQ0MTI4MTI6d2ViOjFjMWNjYjQyZjdlMDg3MDg3NWZjMjkiLCJzdG9yYWdlQnVja2V0IjoiYmxvZy1jYTY2Mi5hcHBzcG90LmNvbSIsImxvY2F0aW9uSWQiOiJ1cy1jZW50cmFsIiwiYXBpS2V5IjoiQUl6YVN5QXZ2YnE3ZWdtSGJXMXo2d3k4Ti0wYU5lS09VZzFhMFE4IiwiYXV0aERvbWFpbiI6ImJsb2ctY2E2NjIuZmlyZWJhc2VhcHAuY29tIiwibWVzc2FnaW5nU2VuZGVySWQiOiIyODQ2MTQ0MTI4MTIiLCJtZWFzdXJlbWVudElkIjoiRy1SNjI0ODlZMzZHIiwicHJvamVjdE51bWJlciI6IjI4NDYxNDQxMjgxMiIsInZlcnNpb24iOiIyIn0sIl9hdXRoVG9rZW5TeW5jVVJMIjoiL19fc2Vzc2lvbiJ9; SameSite=Strict; Expires=2027-12-04T08:32:14.195Z; Path=/;"
            }
          ]
        }
      ],
      "cleanUrls": true,
      "trailingSlash": false,
      "public": ".firebase\\blog-ca662\\hosting",
      "webFramework": "next_ssr"
    }
  ],
  "functions": [
    {
      "source": ".firebase\\blog-ca662\\functions",
      "codebase": "firebase-frameworks-blog-ca662"
    }
  ]
}
[debug] [2026-01-08T21:52:14.196Z] > command requires scopes: ["email","openid","https://www.googleapis.com/auth/cloudplatformprojects.readonly","https://www.googleapis.com/auth/firebase","https://www.googleapis.com/auth/cloud-platform"]
[debug] [2026-01-08T21:52:14.196Z] > authorizing via signed-in user (revelacionesdecaroweb@gmail.com)
[debug] [2026-01-08T21:52:14.196Z] [iam] checking project blog-ca662 for permissions ["cloudfunctions.functions.create","cloudfunctions.functions.delete","cloudfunctions.functions.get","cloudfunctions.functions.list","cloudfunctions.functions.update","cloudfunctions.operations.get","firebase.projects.get"]
[debug] [2026-01-08T21:52:14.198Z] Checked if tokens are valid: true, expires at: 1767910446517
[debug] [2026-01-08T21:52:14.198Z] Checked if tokens are valid: true, expires at: 1767910446517
[debug] [2026-01-08T21:52:14.198Z] >>> [apiv2][query] POST https://cloudresourcemanager.googleapis.com/v1/projects/blog-ca662:testIamPermissions [none]
[debug] [2026-01-08T21:52:14.198Z] >>> [apiv2][(partial)header] POST https://cloudresourcemanager.googleapis.com/v1/projects/blog-ca662:testIamPermissions x-goog-quota-user=projects/blog-ca662
[debug] [2026-01-08T21:52:14.198Z] >>> [apiv2][body] POST https://cloudresourcemanager.googleapis.com/v1/projects/blog-ca662:testIamPermissions {"permissions":["cloudfunctions.functions.create","cloudfunctions.functions.delete","cloudfunctions.functions.get","cloudfunctions.functions.list","cloudfunctions.functions.update","cloudfunctions.operations.get","firebase.projects.get"]}
[debug] [2026-01-08T21:52:14.558Z] <<< [apiv2][status] POST https://cloudresourcemanager.googleapis.com/v1/projects/blog-ca662:testIamPermissions 200
[debug] [2026-01-08T21:52:14.559Z] <<< [apiv2][body] POST https://cloudresourcemanager.googleapis.com/v1/projects/blog-ca662:testIamPermissions {"permissions":["cloudfunctions.functions.create","cloudfunctions.functions.delete","cloudfunctions.functions.get","cloudfunctions.functions.list","cloudfunctions.functions.update","cloudfunctions.operations.get","firebase.projects.get"]}
[info] 
[info] === Deploying to 'blog-ca662'...
[info] 
[info] i  deploying functions, storage, firestore, hosting 
[debug] [2026-01-08T21:52:14.562Z] Checked if tokens are valid: true, expires at: 1767910446517
[debug] [2026-01-08T21:52:14.562Z] Checked if tokens are valid: true, expires at: 1767910446517
[debug] [2026-01-08T21:52:14.562Z] >>> [apiv2][query] GET https://cloudresourcemanager.googleapis.com/v1/projects/blog-ca662 [none]
[debug] [2026-01-08T21:52:14.716Z] <<< [apiv2][status] GET https://cloudresourcemanager.googleapis.com/v1/projects/blog-ca662 200
[debug] [2026-01-08T21:52:14.716Z] <<< [apiv2][body] GET https://cloudresourcemanager.googleapis.com/v1/projects/blog-ca662 {"projectNumber":"284614412812","projectId":"blog-ca662","lifecycleState":"ACTIVE","name":"blog","labels":{"firebase":"enabled"},"createTime":"2023-10-30T19:50:24.822180Z"}
[info] i  functions: preparing codebase firebase-frameworks-blog-ca662 for deployment 
[info] i  functions: ensuring required API cloudfunctions.googleapis.com is enabled... 
[debug] [2026-01-08T21:52:14.718Z] Checked if tokens are valid: true, expires at: 1767910446517
[debug] [2026-01-08T21:52:14.718Z] Checked if tokens are valid: true, expires at: 1767910446517
[debug] [2026-01-08T21:52:14.718Z] Checked if tokens are valid: true, expires at: 1767910446517
[debug] [2026-01-08T21:52:14.718Z] Checked if tokens are valid: true, expires at: 1767910446517
[info] i  functions: ensuring required API cloudbuild.googleapis.com is enabled... 
[debug] [2026-01-08T21:52:14.719Z] Checked if tokens are valid: true, expires at: 1767910446517
[debug] [2026-01-08T21:52:14.719Z] Checked if tokens are valid: true, expires at: 1767910446517
[info] i  artifactregistry: ensuring required API artifactregistry.googleapis.com is enabled... 
[debug] [2026-01-08T21:52:14.720Z] Checked if tokens are valid: true, expires at: 1767910446517
[debug] [2026-01-08T21:52:14.720Z] Checked if tokens are valid: true, expires at: 1767910446517
[debug] [2026-01-08T21:52:14.720Z] >>> [apiv2][query] GET https://serviceusage.googleapis.com/v1/projects/blog-ca662/services/cloudfunctions.googleapis.com [none]
[debug] [2026-01-08T21:52:14.720Z] >>> [apiv2][(partial)header] GET https://serviceusage.googleapis.com/v1/projects/blog-ca662/services/cloudfunctions.googleapis.com x-goog-quota-user=projects/blog-ca662
[debug] [2026-01-08T21:52:14.722Z] >>> [apiv2][query] GET https://serviceusage.googleapis.com/v1/projects/blog-ca662/services/runtimeconfig.googleapis.com [none]
[debug] [2026-01-08T21:52:14.722Z] >>> [apiv2][(partial)header] GET https://serviceusage.googleapis.com/v1/projects/blog-ca662/services/runtimeconfig.googleapis.com x-goog-quota-user=projects/blog-ca662
[debug] [2026-01-08T21:52:14.724Z] >>> [apiv2][query] GET https://serviceusage.googleapis.com/v1/projects/blog-ca662/services/cloudbuild.googleapis.com [none]
[debug] [2026-01-08T21:52:14.724Z] >>> [apiv2][(partial)header] GET https://serviceusage.googleapis.com/v1/projects/blog-ca662/services/cloudbuild.googleapis.com x-goog-quota-user=projects/blog-ca662
[debug] [2026-01-08T21:52:14.726Z] >>> [apiv2][query] GET https://serviceusage.googleapis.com/v1/projects/blog-ca662/services/artifactregistry.googleapis.com [none]
[debug] [2026-01-08T21:52:14.726Z] >>> [apiv2][(partial)header] GET https://serviceusage.googleapis.com/v1/projects/blog-ca662/services/artifactregistry.googleapis.com x-goog-quota-user=projects/blog-ca662
[debug] [2026-01-08T21:52:15.280Z] <<< [apiv2][status] GET https://serviceusage.googleapis.com/v1/projects/blog-ca662/services/runtimeconfig.googleapis.com 200
[debug] [2026-01-08T21:52:15.281Z] <<< [apiv2][body] GET https://serviceusage.googleapis.com/v1/projects/blog-ca662/services/runtimeconfig.googleapis.com [omitted]
[debug] [2026-01-08T21:52:15.285Z] <<< [apiv2][status] GET https://serviceusage.googleapis.com/v1/projects/blog-ca662/services/cloudfunctions.googleapis.com 200
[debug] [2026-01-08T21:52:15.285Z] <<< [apiv2][body] GET https://serviceusage.googleapis.com/v1/projects/blog-ca662/services/cloudfunctions.googleapis.com [omitted]
[info] +  functions: required API cloudfunctions.googleapis.com is enabled 
[debug] [2026-01-08T21:52:15.291Z] <<< [apiv2][status] GET https://serviceusage.googleapis.com/v1/projects/blog-ca662/services/cloudbuild.googleapis.com 200
[debug] [2026-01-08T21:52:15.291Z] <<< [apiv2][body] GET https://serviceusage.googleapis.com/v1/projects/blog-ca662/services/cloudbuild.googleapis.com [omitted]
[info] +  functions: required API cloudbuild.googleapis.com is enabled 
[debug] [2026-01-08T21:52:15.298Z] <<< [apiv2][status] GET https://serviceusage.googleapis.com/v1/projects/blog-ca662/services/artifactregistry.googleapis.com 200
[debug] [2026-01-08T21:52:15.298Z] <<< [apiv2][body] GET https://serviceusage.googleapis.com/v1/projects/blog-ca662/services/artifactregistry.googleapis.com [omitted]
[info] +  artifactregistry: required API artifactregistry.googleapis.com is enabled 
[debug] [2026-01-08T21:52:15.299Z] Checked if tokens are valid: true, expires at: 1767910446517
[debug] [2026-01-08T21:52:15.299Z] Checked if tokens are valid: true, expires at: 1767910446517
[debug] [2026-01-08T21:52:15.299Z] >>> [apiv2][query] GET https://firebase.googleapis.com/v1beta1/projects/blog-ca662/adminSdkConfig [none]
[debug] [2026-01-08T21:52:15.866Z] <<< [apiv2][status] GET https://firebase.googleapis.com/v1beta1/projects/blog-ca662/adminSdkConfig 200
[debug] [2026-01-08T21:52:15.866Z] <<< [apiv2][body] GET https://firebase.googleapis.com/v1beta1/projects/blog-ca662/adminSdkConfig {"projectId":"blog-ca662","storageBucket":"blog-ca662.appspot.com","locationId":"us-central"}
[debug] [2026-01-08T21:52:15.867Z] Checked if tokens are valid: true, expires at: 1767910446517
[debug] [2026-01-08T21:52:15.867Z] Checked if tokens are valid: true, expires at: 1767910446517
[debug] [2026-01-08T21:52:15.867Z] >>> [apiv2][query] GET https://runtimeconfig.googleapis.com/v1beta1/projects/blog-ca662/configs [none]
[debug] [2026-01-08T21:52:16.479Z] <<< [apiv2][status] GET https://runtimeconfig.googleapis.com/v1beta1/projects/blog-ca662/configs 200
[debug] [2026-01-08T21:52:16.479Z] <<< [apiv2][body] GET https://runtimeconfig.googleapis.com/v1beta1/projects/blog-ca662/configs {}
[debug] [2026-01-08T21:52:16.481Z] Validating nodejs source
[warn] !  functions: package.json indicates an outdated version of firebase-functions. Please upgrade using npm install --save firebase-functions@latest in your functions directory. 
[warn] !  functions: Please note that there will be breaking changes when you upgrade. 
[debug] [2026-01-08T21:52:18.016Z] > [functions] package.json contents: {
  "name": "stablo-free",
  "version": "3.0.0",
  "private": true,
  "engines": {
    "node": "20"
  },
  "dependencies": {
    "@headlessui/react": "^1.7.18",
    "@heroicons/react": "^2.1.1",
    "@portabletext/react": "^3.0.11",
    "@sanity/client": "^6.29.1",
    "@sanity/code-input": "^4.1.2",
    "@sanity/icons": "^2.8.0",
    "@sanity/image-url": "^1.0.2",
    "@sanity/table": "^1.1.2",
    "@sanity/types": "^3.26.0",
    "@sanity/ui": "^2.0.1",
    "@sanity/vision": "^3.26.0",
    "@tailwindcss/typography": "^0.5.10",
    "@vercel/og": "^0.6.2",
    "@web3forms/react": "^1.1.3",
    "clsx": "^2.1.0",
    "date-fns": "^3.3.1",
    "emailjs-com": "^3.2.0",
    "firebase": "^10.12.4",
    "get-video-id": "^3.6.5",
    "lucide-react": "^0.395.0",
    "next": "^15.1.6",
    "next-sanity": "^7.0.12",
    "next-seo": "^6.4.0",
    "next-sitemap": "^4.2.3",
    "next-themes": "^0.2.1",
    "react": "^18.2.0",
    "react-dom": "^18.2.0",
    "react-hook-form": "^7.49.3",
    "react-iframe": "^1.8.5",
    "react-refractor": "^2.1.7",
    "sanity": "^3.26.0",
    "sanity-plugin-asset-source-unsplash": "^1.1.2",
    "styled-components": "^6.1.8",
    "swr": "^2.2.4",
    "typescript": "^5.3.3",
    "firebase-frameworks": "^0.11.0",
    "firebase-functions": "^6.0.1",
    "firebase-admin": "^11.11.1"
  },
  "main": "server.js"
}
[debug] [2026-01-08T21:52:18.017Z] Building nodejs source
[info] i  functions: Loading and analyzing source code for codebase firebase-frameworks-blog-ca662 to determine what to deploy 
[debug] [2026-01-08T21:52:18.018Z] Could not find functions.yaml. Must use http discovery
[debug] [2026-01-08T21:52:18.032Z] Found firebase-functions binary at 'E:\Rodri\proyectos\revelacionesdecaro-rediseño-nextsj\.firebase\blog-ca662\functions\node_modules\.bin\firebase-functions'
[info] Serving at port 8589

[debug] [2026-01-08T21:52:19.111Z] Got response from /__/functions.yaml {"endpoints":{"ssrblogca662":{"availableMemoryMb":null,"timeoutSeconds":null,"minInstances":null,"maxInstances":null,"ingressSettings":null,"concurrency":null,"serviceAccountEmail":null,"vpc":null,"platform":"gcfv2","region":["us-central1"],"labels":{},"httpsTrigger":{},"entryPoint":"ssrblogca662"}},"specVersion":"v1alpha1","requiredAPIs":[],"extensions":{}}
[info] i  extensions: ensuring required API firebaseextensions.googleapis.com is enabled... 
[debug] [2026-01-08T21:52:24.154Z] Checked if tokens are valid: true, expires at: 1767910446517
[debug] [2026-01-08T21:52:24.154Z] Checked if tokens are valid: true, expires at: 1767910446517
[debug] [2026-01-08T21:52:24.154Z] >>> [apiv2][query] GET https://serviceusage.googleapis.com/v1/projects/blog-ca662/services/firebaseextensions.googleapis.com [none]
[debug] [2026-01-08T21:52:24.154Z] >>> [apiv2][(partial)header] GET https://serviceusage.googleapis.com/v1/projects/blog-ca662/services/firebaseextensions.googleapis.com x-goog-quota-user=projects/blog-ca662
[debug] [2026-01-08T21:52:24.659Z] <<< [apiv2][status] GET https://serviceusage.googleapis.com/v1/projects/blog-ca662/services/firebaseextensions.googleapis.com 200
[debug] [2026-01-08T21:52:24.659Z] <<< [apiv2][body] GET https://serviceusage.googleapis.com/v1/projects/blog-ca662/services/firebaseextensions.googleapis.com [omitted]
[info] +  extensions: required API firebaseextensions.googleapis.com is enabled 
[debug] [2026-01-08T21:52:24.660Z] > command requires scopes: ["email","openid","https://www.googleapis.com/auth/cloudplatformprojects.readonly","https://www.googleapis.com/auth/firebase","https://www.googleapis.com/auth/cloud-platform"]
[debug] [2026-01-08T21:52:24.660Z] > authorizing via signed-in user (revelacionesdecaroweb@gmail.com)
[debug] [2026-01-08T21:52:24.660Z] [iam] checking project blog-ca662 for permissions ["firebase.projects.get","firebaseextensions.instances.list"]
[debug] [2026-01-08T21:52:24.660Z] Checked if tokens are valid: true, expires at: 1767910446517
[debug] [2026-01-08T21:52:24.661Z] Checked if tokens are valid: true, expires at: 1767910446517
[debug] [2026-01-08T21:52:24.661Z] >>> [apiv2][query] POST https://cloudresourcemanager.googleapis.com/v1/projects/blog-ca662:testIamPermissions [none]
[debug] [2026-01-08T21:52:24.661Z] >>> [apiv2][(partial)header] POST https://cloudresourcemanager.googleapis.com/v1/projects/blog-ca662:testIamPermissions x-goog-quota-user=projects/blog-ca662
[debug] [2026-01-08T21:52:24.661Z] >>> [apiv2][body] POST https://cloudresourcemanager.googleapis.com/v1/projects/blog-ca662:testIamPermissions {"permissions":["firebase.projects.get","firebaseextensions.instances.list"]}
[debug] [2026-01-08T21:52:25.004Z] <<< [apiv2][status] POST https://cloudresourcemanager.googleapis.com/v1/projects/blog-ca662:testIamPermissions 200
[debug] [2026-01-08T21:52:25.004Z] <<< [apiv2][body] POST https://cloudresourcemanager.googleapis.com/v1/projects/blog-ca662:testIamPermissions {"permissions":["firebase.projects.get","firebaseextensions.instances.list"]}
[debug] [2026-01-08T21:52:25.005Z] Checked if tokens are valid: true, expires at: 1767910446517
[debug] [2026-01-08T21:52:25.005Z] Checked if tokens are valid: true, expires at: 1767910446517
[debug] [2026-01-08T21:52:25.005Z] >>> [apiv2][query] GET https://firebaseextensions.googleapis.com/v1beta/projects/blog-ca662/instances pageSize=100&pageToken=
[debug] [2026-01-08T21:52:25.623Z] <<< [apiv2][status] GET https://firebaseextensions.googleapis.com/v1beta/projects/blog-ca662/instances 200
[debug] [2026-01-08T21:52:25.624Z] <<< [apiv2][body] GET https://firebaseextensions.googleapis.com/v1beta/projects/blog-ca662/instances {}
[info] i  functions: Loaded environment variables from .env. 
[info] i  functions: preparing .firebase\blog-ca662\functions directory for uploading... 
[info] i  functions: packaged E:\Rodri\proyectos\revelacionesdecaro-rediseño-nextsj\.firebase\blog-ca662\functions (442.85 MB) for uploading 
[debug] [2026-01-08T21:53:19.622Z] Checked if tokens are valid: true, expires at: 1767910446517
[debug] [2026-01-08T21:53:19.622Z] Checked if tokens are valid: true, expires at: 1767910446517
[debug] [2026-01-08T21:53:19.622Z] >>> [apiv2][query] GET https://cloudfunctions.googleapis.com/v1/projects/blog-ca662/locations/-/functions [none]
[debug] [2026-01-08T21:53:20.439Z] <<< [apiv2][status] GET https://cloudfunctions.googleapis.com/v1/projects/blog-ca662/locations/-/functions 200
[debug] [2026-01-08T21:53:20.439Z] <<< [apiv2][body] GET https://cloudfunctions.googleapis.com/v1/projects/blog-ca662/locations/-/functions {}
[debug] [2026-01-08T21:53:20.439Z] Checked if tokens are valid: true, expires at: 1767910446517
[debug] [2026-01-08T21:53:20.440Z] Checked if tokens are valid: true, expires at: 1767910446517
[debug] [2026-01-08T21:53:20.440Z] >>> [apiv2][query] GET https://cloudfunctions.googleapis.com/v2/projects/blog-ca662/locations/-/functions filter=environment%3D%22GEN_2%22
[debug] [2026-01-08T21:53:21.011Z] <<< [apiv2][status] GET https://cloudfunctions.googleapis.com/v2/projects/blog-ca662/locations/-/functions 200
[debug] [2026-01-08T21:53:21.011Z] <<< [apiv2][body] GET https://cloudfunctions.googleapis.com/v2/projects/blog-ca662/locations/-/functions {"functions":[{"name":"projects/blog-ca662/locations/us-central1/functions/ssrblogca662","buildConfig":{"build":"projects/284614412812/locations/us-central1/builds/6ded7672-021d-4bc1-8368-24aea5dfaced","runtime":"nodejs18","entryPoint":"ssrblogca662","source":{"storageSource":{"bucket":"gcf-v2-sources-284614412812-us-central1","object":"ssrblogca662/function-source.zip","generation":"1736828886967681"}},"environmentVariables":{"GOOGLE_NODE_RUN_SCRIPTS":""},"dockerRepository":"projects/blog-ca662/locations/us-central1/repositories/gcf-artifacts","sourceProvenance":{"resolvedStorageSource":{"bucket":"gcf-v2-sources-284614412812-us-central1","object":"ssrblogca662/function-source.zip","generation":"1736828886967681"}},"dockerRegistry":"ARTIFACT_REGISTRY","serviceAccount":"projects/blog-ca662/serviceAccounts/284614412812-compute@developer.gserviceaccount.com","automaticUpdatePolicy":{}},"serviceConfig":{"service":"projects/blog-ca662/locations/us-central1/services/ssrblogca662","timeoutSeconds":60,"environmentVariables":{"VERCEL_URL":"blog-ca662.web.app","__FIREBASE_FRAMEWORKS_ENTRY__":"next.js","__FIREBASE_DEFAULTS__":"{\"config\":{\"projectId\":\"blog-ca662\",\"appId\":\"1:284614412812:web:1c1ccb42f7e0870875fc29\",\"storageBucket\":\"blog-ca662.appspot.com\",\"locationId\":\"us-central\",\"apiKey\":\"AIzaSyAvvbq7egmHbW1z6wy8N-0aNeKOUg1a0Q8\",\"authDomain\":\"blog-ca662.firebaseapp.com\",\"messagingSenderId\":\"284614412812\",\"measurementId\":\"G-R62489Y36G\"},\"_authTokenSyncURL\":\"/__session\"}","FIREBASE_CONFIG":"{\"projectId\":\"blog-ca662\",\"storageBucket\":\"blog-ca662.appspot.com\",\"locationId\":\"us-central\"}","GCLOUD_PROJECT":"blog-ca662","EVENTARC_CLOUD_EVENT_SOURCE":"projects/blog-ca662/locations/us-central1/services/ssrblogca662","FUNCTION_TARGET":"ssrblogca662","LOG_EXECUTION_ID":"true"},"maxInstanceCount":3,"ingressSettings":"ALLOW_ALL","uri":"https://ssrblogca662-jfo7awey6a-uc.a.run.app","serviceAccountEmail":"284614412812-compute@developer.gserviceaccount.com","availableMemory":"256Mi","allTrafficOnLatestRevision":true,"revision":"ssrblogca662-00049-jak","maxInstanceRequestConcurrency":80,"availableCpu":"1"},"state":"ACTIVE","updateTime":"2026-01-08T21:47:45.830572629Z","labels":{"deployment-tool":"cli-firebase","firebase-functions-codebase":"firebase-frameworks-blog-ca662","firebase-functions-hash":"0c820c1cae982882b46ba7ee8fa12d3aa81525b6"},"environment":"GEN_2","url":"https://us-central1-blog-ca662.cloudfunctions.net/ssrblogca662","createTime":"2024-06-21T22:38:53.450364029Z","satisfiesPzi":true}]}
[info] i  functions: ensuring required API run.googleapis.com is enabled... 
[debug] [2026-01-08T21:53:21.015Z] Checked if tokens are valid: true, expires at: 1767910446517
[debug] [2026-01-08T21:53:21.016Z] Checked if tokens are valid: true, expires at: 1767910446517
[info] i  functions: ensuring required API eventarc.googleapis.com is enabled... 
[debug] [2026-01-08T21:53:21.016Z] Checked if tokens are valid: true, expires at: 1767910446517
[debug] [2026-01-08T21:53:21.016Z] Checked if tokens are valid: true, expires at: 1767910446517
[info] i  functions: ensuring required API pubsub.googleapis.com is enabled... 
[debug] [2026-01-08T21:53:21.017Z] Checked if tokens are valid: true, expires at: 1767910446517
[debug] [2026-01-08T21:53:21.017Z] Checked if tokens are valid: true, expires at: 1767910446517
[info] i  functions: ensuring required API storage.googleapis.com is enabled... 
[debug] [2026-01-08T21:53:21.017Z] Checked if tokens are valid: true, expires at: 1767910446517
[debug] [2026-01-08T21:53:21.017Z] Checked if tokens are valid: true, expires at: 1767910446517
[debug] [2026-01-08T21:53:21.017Z] >>> [apiv2][query] GET https://serviceusage.googleapis.com/v1/projects/blog-ca662/services/run.googleapis.com [none]
[debug] [2026-01-08T21:53:21.018Z] >>> [apiv2][(partial)header] GET https://serviceusage.googleapis.com/v1/projects/blog-ca662/services/run.googleapis.com x-goog-quota-user=projects/blog-ca662
[debug] [2026-01-08T21:53:21.021Z] >>> [apiv2][query] GET https://serviceusage.googleapis.com/v1/projects/blog-ca662/services/eventarc.googleapis.com [none]
[debug] [2026-01-08T21:53:21.021Z] >>> [apiv2][(partial)header] GET https://serviceusage.googleapis.com/v1/projects/blog-ca662/services/eventarc.googleapis.com x-goog-quota-user=projects/blog-ca662
[debug] [2026-01-08T21:53:21.023Z] >>> [apiv2][query] GET https://serviceusage.googleapis.com/v1/projects/blog-ca662/services/pubsub.googleapis.com [none]
[debug] [2026-01-08T21:53:21.024Z] >>> [apiv2][(partial)header] GET https://serviceusage.googleapis.com/v1/projects/blog-ca662/services/pubsub.googleapis.com x-goog-quota-user=projects/blog-ca662
[debug] [2026-01-08T21:53:21.026Z] >>> [apiv2][query] GET https://serviceusage.googleapis.com/v1/projects/blog-ca662/services/storage.googleapis.com [none]
[debug] [2026-01-08T21:53:21.026Z] >>> [apiv2][(partial)header] GET https://serviceusage.googleapis.com/v1/projects/blog-ca662/services/storage.googleapis.com x-goog-quota-user=projects/blog-ca662
[debug] [2026-01-08T21:53:21.524Z] <<< [apiv2][status] GET https://serviceusage.googleapis.com/v1/projects/blog-ca662/services/pubsub.googleapis.com 200
[debug] [2026-01-08T21:53:21.524Z] <<< [apiv2][body] GET https://serviceusage.googleapis.com/v1/projects/blog-ca662/services/pubsub.googleapis.com [omitted]
[info] +  functions: required API pubsub.googleapis.com is enabled 
[debug] [2026-01-08T21:53:21.532Z] <<< [apiv2][status] GET https://serviceusage.googleapis.com/v1/projects/blog-ca662/services/run.googleapis.com 200
[debug] [2026-01-08T21:53:21.532Z] <<< [apiv2][body] GET https://serviceusage.googleapis.com/v1/projects/blog-ca662/services/run.googleapis.com [omitted]
[info] +  functions: required API run.googleapis.com is enabled 
[debug] [2026-01-08T21:53:21.535Z] <<< [apiv2][status] GET https://serviceusage.googleapis.com/v1/projects/blog-ca662/services/eventarc.googleapis.com 200
[debug] [2026-01-08T21:53:21.535Z] <<< [apiv2][body] GET https://serviceusage.googleapis.com/v1/projects/blog-ca662/services/eventarc.googleapis.com [omitted]
[info] +  functions: required API eventarc.googleapis.com is enabled 
[debug] [2026-01-08T21:53:21.542Z] <<< [apiv2][status] GET https://serviceusage.googleapis.com/v1/projects/blog-ca662/services/storage.googleapis.com 200
[debug] [2026-01-08T21:53:21.542Z] <<< [apiv2][body] GET https://serviceusage.googleapis.com/v1/projects/blog-ca662/services/storage.googleapis.com [omitted]
[info] +  functions: required API storage.googleapis.com is enabled 
[info] i  functions: generating the service identity for pubsub.googleapis.com... 
[debug] [2026-01-08T21:53:21.544Z] Checked if tokens are valid: true, expires at: 1767910446517
[debug] [2026-01-08T21:53:21.544Z] Checked if tokens are valid: true, expires at: 1767910446517
[info] i  functions: generating the service identity for eventarc.googleapis.com... 
[debug] [2026-01-08T21:53:21.544Z] Checked if tokens are valid: true, expires at: 1767910446517
[debug] [2026-01-08T21:53:21.544Z] Checked if tokens are valid: true, expires at: 1767910446517
[debug] [2026-01-08T21:53:21.544Z] >>> [apiv2][query] POST https://serviceusage.googleapis.com/v1beta1/projects/284614412812/services/pubsub.googleapis.com:generateServiceIdentity [none]
[debug] [2026-01-08T21:53:21.545Z] >>> [apiv2][query] POST https://serviceusage.googleapis.com/v1beta1/projects/284614412812/services/eventarc.googleapis.com:generateServiceIdentity [none]
[debug] [2026-01-08T21:53:21.884Z] <<< [apiv2][status] POST https://serviceusage.googleapis.com/v1beta1/projects/284614412812/services/pubsub.googleapis.com:generateServiceIdentity 200
[debug] [2026-01-08T21:53:21.884Z] <<< [apiv2][body] POST https://serviceusage.googleapis.com/v1beta1/projects/284614412812/services/pubsub.googleapis.com:generateServiceIdentity {"name":"operations/finished.DONE_OPERATION","done":true,"response":{"@type":"type.googleapis.com/google.api.serviceusage.v1beta1.ServiceIdentity","email":"service-284614412812@gcp-sa-pubsub.iam.gserviceaccount.com","uniqueId":"100513014033019281258"}}
[debug] [2026-01-08T21:53:21.932Z] <<< [apiv2][status] POST https://serviceusage.googleapis.com/v1beta1/projects/284614412812/services/eventarc.googleapis.com:generateServiceIdentity 200
[debug] [2026-01-08T21:53:21.932Z] <<< [apiv2][body] POST https://serviceusage.googleapis.com/v1beta1/projects/284614412812/services/eventarc.googleapis.com:generateServiceIdentity {"name":"operations/finished.DONE_OPERATION","done":true,"response":{"@type":"type.googleapis.com/google.api.serviceusage.v1beta1.ServiceIdentity","email":"service-284614412812@gcp-sa-eventarc.iam.gserviceaccount.com","uniqueId":"105055839260535793463"}}
[debug] [2026-01-08T21:53:21.934Z] Checked if tokens are valid: true, expires at: 1767910446517
[debug] [2026-01-08T21:53:21.934Z] Checked if tokens are valid: true, expires at: 1767910446517
[debug] [2026-01-08T21:53:21.934Z] >>> [apiv2][query] GET https://cloudresourcemanager.googleapis.com/v1/projects/blog-ca662 [none]
[debug] [2026-01-08T21:53:22.329Z] <<< [apiv2][status] GET https://cloudresourcemanager.googleapis.com/v1/projects/blog-ca662 200
[debug] [2026-01-08T21:53:22.330Z] <<< [apiv2][body] GET https://cloudresourcemanager.googleapis.com/v1/projects/blog-ca662 {"projectNumber":"284614412812","projectId":"blog-ca662","lifecycleState":"ACTIVE","name":"blog","labels":{"firebase":"enabled"},"createTime":"2023-10-30T19:50:24.822180Z"}
[info] i  storage: ensuring required API firebasestorage.googleapis.com is enabled... 
[debug] [2026-01-08T21:53:22.331Z] Checked if tokens are valid: true, expires at: 1767910446517
[debug] [2026-01-08T21:53:22.331Z] Checked if tokens are valid: true, expires at: 1767910446517
[debug] [2026-01-08T21:53:22.332Z] >>> [apiv2][query] GET https://serviceusage.googleapis.com/v1/projects/blog-ca662/services/firebasestorage.googleapis.com [none]
[debug] [2026-01-08T21:53:22.332Z] >>> [apiv2][(partial)header] GET https://serviceusage.googleapis.com/v1/projects/blog-ca662/services/firebasestorage.googleapis.com x-goog-quota-user=projects/blog-ca662
[debug] [2026-01-08T21:53:22.635Z] <<< [apiv2][status] GET https://serviceusage.googleapis.com/v1/projects/blog-ca662/services/firebasestorage.googleapis.com 200
[debug] [2026-01-08T21:53:22.636Z] <<< [apiv2][body] GET https://serviceusage.googleapis.com/v1/projects/blog-ca662/services/firebasestorage.googleapis.com [omitted]
[info] +  storage: required API firebasestorage.googleapis.com is enabled 
[debug] [2026-01-08T21:53:22.636Z] Checked if tokens are valid: true, expires at: 1767910446517
[debug] [2026-01-08T21:53:22.636Z] Checked if tokens are valid: true, expires at: 1767910446517
[debug] [2026-01-08T21:53:22.636Z] >>> [apiv2][query] GET https://firebasestorage.googleapis.com/v1alpha/projects/blog-ca662/defaultBucket [none]
[debug] [2026-01-08T21:53:23.151Z] <<< [apiv2][status] GET https://firebasestorage.googleapis.com/v1alpha/projects/blog-ca662/defaultBucket 200
[debug] [2026-01-08T21:53:23.152Z] <<< [apiv2][body] GET https://firebasestorage.googleapis.com/v1alpha/projects/blog-ca662/defaultBucket {"name":"projects/blog-ca662/defaultBucket","location":"US","bucket":{"name":"projects/blog-ca662/buckets/blog-ca662.appspot.com"},"storageClass":"STANDARD"}
[info] i  firebase.storage: checking storage.rules for compilation errors... 
[debug] [2026-01-08T21:53:23.154Z] Checked if tokens are valid: true, expires at: 1767910446517
[debug] [2026-01-08T21:53:23.154Z] Checked if tokens are valid: true, expires at: 1767910446517
[debug] [2026-01-08T21:53:23.154Z] >>> [apiv2][query] POST https://firebaserules.googleapis.com/v1/projects/blog-ca662:test [none]
[debug] [2026-01-08T21:53:23.154Z] >>> [apiv2][body] POST https://firebaserules.googleapis.com/v1/projects/blog-ca662:test [omitted]
[debug] [2026-01-08T21:53:23.596Z] <<< [apiv2][status] POST https://firebaserules.googleapis.com/v1/projects/blog-ca662:test 200
[debug] [2026-01-08T21:53:23.596Z] <<< [apiv2][body] POST https://firebaserules.googleapis.com/v1/projects/blog-ca662:test {}
[info] +  firebase.storage: rules file storage.rules compiled successfully 
[info] i  firestore: reading indexes from firestore.indexes.json... 
[info] i  cloud.firestore: checking firestore.rules for compilation errors... 
[debug] [2026-01-08T21:53:23.601Z] Checked if tokens are valid: true, expires at: 1767910446517
[debug] [2026-01-08T21:53:23.601Z] Checked if tokens are valid: true, expires at: 1767910446517
[debug] [2026-01-08T21:53:23.601Z] >>> [apiv2][query] POST https://firebaserules.googleapis.com/v1/projects/blog-ca662:test [none]
[debug] [2026-01-08T21:53:23.601Z] >>> [apiv2][body] POST https://firebaserules.googleapis.com/v1/projects/blog-ca662:test [omitted]
[debug] [2026-01-08T21:53:23.822Z] <<< [apiv2][status] POST https://firebaserules.googleapis.com/v1/projects/blog-ca662:test 200
[debug] [2026-01-08T21:53:23.823Z] <<< [apiv2][body] POST https://firebaserules.googleapis.com/v1/projects/blog-ca662:test {}
[info] +  cloud.firestore: rules file firestore.rules compiled successfully 
[debug] [2026-01-08T21:53:23.830Z] Checked if tokens are valid: true, expires at: 1767910446517
[debug] [2026-01-08T21:53:23.830Z] Checked if tokens are valid: true, expires at: 1767910446517
[debug] [2026-01-08T21:53:23.830Z] >>> [apiv2][query] POST https://firebasehosting.googleapis.com/v1beta1/projects/-/sites/blog-ca662/versions [none]
[debug] [2026-01-08T21:53:23.830Z] >>> [apiv2][body] POST https://firebasehosting.googleapis.com/v1beta1/projects/-/sites/blog-ca662/versions {"status":"CREATED","labels":{"deployment-tool":"cli-firebase","firebase-web-framework":"next_ssr"}}
[debug] [2026-01-08T21:53:24.554Z] <<< [apiv2][status] POST https://firebasehosting.googleapis.com/v1beta1/projects/-/sites/blog-ca662/versions 200
[debug] [2026-01-08T21:53:24.554Z] <<< [apiv2][body] POST https://firebasehosting.googleapis.com/v1beta1/projects/-/sites/blog-ca662/versions {"name":"projects/284614412812/sites/blog-ca662/versions/733d50f53714534d","status":"CREATED","config":{},"labels":{"deployment-tool":"cli-firebase","firebase-web-framework":"next_ssr"}}
[debug] [2026-01-08T21:53:24.555Z] Checked if tokens are valid: true, expires at: 1767910446517
[debug] [2026-01-08T21:53:24.555Z] Checked if tokens are valid: true, expires at: 1767910446517
[debug] [2026-01-08T21:53:24.555Z] >>> [apiv2][query] GET https://cloudbilling.googleapis.com/v1/projects/blog-ca662/billingInfo [none]
[debug] [2026-01-08T21:53:25.190Z] <<< [apiv2][status] GET https://cloudbilling.googleapis.com/v1/projects/blog-ca662/billingInfo 200
[debug] [2026-01-08T21:53:25.190Z] <<< [apiv2][body] GET https://cloudbilling.googleapis.com/v1/projects/blog-ca662/billingInfo {"name":"projects/blog-ca662/billingInfo","projectId":"blog-ca662","billingAccountName":"billingAccounts/012477-131165-2173D2","billingEnabled":true}
[debug] [2026-01-08T21:53:25.194Z] Checked if tokens are valid: true, expires at: 1767910446517
[debug] [2026-01-08T21:53:25.194Z] Checked if tokens are valid: true, expires at: 1767910446517
[debug] [2026-01-08T21:53:25.195Z] >>> [apiv2][query] POST https://cloudfunctions.googleapis.com/v2/projects/blog-ca662/locations/us-central1/functions:generateUploadUrl [none]
[debug] [2026-01-08T21:53:25.516Z] <<< [apiv2][status] POST https://cloudfunctions.googleapis.com/v2/projects/blog-ca662/locations/us-central1/functions:generateUploadUrl 200
[debug] [2026-01-08T21:53:25.516Z] <<< [apiv2][body] POST https://cloudfunctions.googleapis.com/v2/projects/blog-ca662/locations/us-central1/functions:generateUploadUrl {"uploadUrl":"https://storage.googleapis.com/gcf-v2-uploads-284614412812.us-central1.cloudfunctions.appspot.com/970dd398-d0f8-4cad-a9ad-c6f3da21b7b0.zip?GoogleAccessId=service-284614412812@gcf-admin-robot.iam.gserviceaccount.com&Expires=1767911009&Signature=SlvwPcPuqKKNlhi7pQ2HVWyRddqM4CpJa%2BuVvg43Dw2%2FRg28f5vuzZ3Ojw4OiyPSy18NbCsYXrSewhzJd3zO%2F7gwTeH25jZE39WcXy0wQia7s9hdYJuHMhJn7QgOkiH5fWMrWDOLopsGiO3ehlZroydggD5KdjOuG%2FqdbV2bYvusNKf7%2BnHOGIGXmlNuC%2FxmjdjfxjgTNdlu%2BzQt%2F2%2BOxJMUz57jTV3uVbyrwIqRRI21bNCnjT%2B1ibL3aW%2FobX6ht9%2FcztnVCURSLiGrmHrImstnomju7VDmtv8Xgl0tUs4Y8ImyoPU2Lej5AuqmgKI20SmSK1eCbHaTaZb%2BuTJeiw%3D%3D","storageSource":{"bucket":"gcf-v2-uploads-284614412812.us-central1.cloudfunctions.appspot.com","object":"970dd398-d0f8-4cad-a9ad-c6f3da21b7b0.zip"}}
[debug] [2026-01-08T21:53:25.519Z] >>> [apiv2][query] PUT https://storage.googleapis.com/gcf-v2-uploads-284614412812.us-central1.cloudfunctions.appspot.com/970dd398-d0f8-4cad-a9ad-c6f3da21b7b0.zip GoogleAccessId=service-284614412812%40gcf-admin-robot.iam.gserviceaccount.com&Expires=1767911009&Signature=SlvwPcPuqKKNlhi7pQ2HVWyRddqM4CpJa%2BuVvg43Dw2%2FRg28f5vuzZ3Ojw4OiyPSy18NbCsYXrSewhzJd3zO%2F7gwTeH25jZE39WcXy0wQia7s9hdYJuHMhJn7QgOkiH5fWMrWDOLopsGiO3ehlZroydggD5KdjOuG%2FqdbV2bYvusNKf7%2BnHOGIGXmlNuC%2FxmjdjfxjgTNdlu%2BzQt%2F2%2BOxJMUz57jTV3uVbyrwIqRRI21bNCnjT%2B1ibL3aW%2FobX6ht9%2FcztnVCURSLiGrmHrImstnomju7VDmtv8Xgl0tUs4Y8ImyoPU2Lej5AuqmgKI20SmSK1eCbHaTaZb%2BuTJeiw%3D%3D
[debug] [2026-01-08T21:53:25.519Z] >>> [apiv2][body] PUT https://storage.googleapis.com/gcf-v2-uploads-284614412812.us-central1.cloudfunctions.appspot.com/970dd398-d0f8-4cad-a9ad-c6f3da21b7b0.zip [stream]
[debug] [2026-01-08T21:57:48.330Z] <<< [apiv2][status] PUT https://storage.googleapis.com/gcf-v2-uploads-284614412812.us-central1.cloudfunctions.appspot.com/970dd398-d0f8-4cad-a9ad-c6f3da21b7b0.zip 200
[debug] [2026-01-08T21:57:48.331Z] <<< [apiv2][body] PUT https://storage.googleapis.com/gcf-v2-uploads-284614412812.us-central1.cloudfunctions.appspot.com/970dd398-d0f8-4cad-a9ad-c6f3da21b7b0.zip [omitted]
[info] +  functions: .firebase\blog-ca662\functions folder uploaded successfully 
[debug] [2026-01-08T21:57:48.333Z] Checked if tokens are valid: true, expires at: 1767910446517
[debug] [2026-01-08T21:57:48.333Z] Checked if tokens are valid: true, expires at: 1767910446517
[debug] [2026-01-08T21:57:48.333Z] >>> [apiv2][query] GET https://firebaserules.googleapis.com/v1/projects/blog-ca662/releases pageSize=10&pageToken=
[debug] [2026-01-08T21:57:48.732Z] <<< [apiv2][status] GET https://firebaserules.googleapis.com/v1/projects/blog-ca662/releases 200
[debug] [2026-01-08T21:57:48.732Z] <<< [apiv2][body] GET https://firebaserules.googleapis.com/v1/projects/blog-ca662/releases {"releases":[{"name":"projects/blog-ca662/releases/cloud.firestore","rulesetName":"projects/blog-ca662/rulesets/332e2199-bedf-4688-8094-49a40307f24f","createTime":"2023-10-31T14:06:19.804733Z","updateTime":"2024-05-30T22:06:20.797712Z"},{"name":"projects/blog-ca662/releases/firebase.storage/blog-ca662.appspot.com","rulesetName":"projects/blog-ca662/rulesets/e1d7bc46-73f8-4853-b023-473f16570555","createTime":"2023-11-04T03:51:29.134986Z","updateTime":"2023-11-04T03:51:41.117926Z"}]}
[debug] [2026-01-08T21:57:48.791Z] Checked if tokens are valid: true, expires at: 1767910446517
[debug] [2026-01-08T21:57:48.791Z] Checked if tokens are valid: true, expires at: 1767910446517
[debug] [2026-01-08T21:57:48.791Z] >>> [apiv2][query] GET https://firebaserules.googleapis.com/v1/projects/blog-ca662/rulesets/e1d7bc46-73f8-4853-b023-473f16570555 [none]
[debug] [2026-01-08T21:57:49.252Z] <<< [apiv2][status] GET https://firebaserules.googleapis.com/v1/projects/blog-ca662/rulesets/e1d7bc46-73f8-4853-b023-473f16570555 200
[debug] [2026-01-08T21:57:49.252Z] <<< [apiv2][body] GET https://firebaserules.googleapis.com/v1/projects/blog-ca662/rulesets/e1d7bc46-73f8-4853-b023-473f16570555 [omitted]
[debug] [2026-01-08T21:57:49.254Z] Checked if tokens are valid: true, expires at: 1767910446517
[debug] [2026-01-08T21:57:49.254Z] Checked if tokens are valid: true, expires at: 1767910446517
[debug] [2026-01-08T21:57:49.255Z] >>> [apiv2][query] POST https://cloudresourcemanager.googleapis.com/v1/projects/284614412812:getIamPolicy [none]
[debug] [2026-01-08T21:57:49.767Z] <<< [apiv2][status] POST https://cloudresourcemanager.googleapis.com/v1/projects/284614412812:getIamPolicy 200
[debug] [2026-01-08T21:57:49.768Z] <<< [apiv2][body] POST https://cloudresourcemanager.googleapis.com/v1/projects/284614412812:getIamPolicy {"version":1,"etag":"BwZH5ykZHDc=","bindings":[{"role":"roles/artifactregistry.serviceAgent","members":["serviceAccount:service-284614412812@gcp-sa-artifactregistry.iam.gserviceaccount.com"]},{"role":"roles/cloudbuild.builds.builder","members":["serviceAccount:284614412812@cloudbuild.gserviceaccount.com"]},{"role":"roles/cloudbuild.serviceAgent","members":["serviceAccount:service-284614412812@gcp-sa-cloudbuild.iam.gserviceaccount.com"]},{"role":"roles/cloudfunctions.serviceAgent","members":["serviceAccount:service-284614412812@gcf-admin-robot.iam.gserviceaccount.com"]},{"role":"roles/containerregistry.ServiceAgent","members":["serviceAccount:service-284614412812@containerregistry.iam.gserviceaccount.com"]},{"role":"roles/editor","members":["serviceAccount:284614412812-compute@developer.gserviceaccount.com","serviceAccount:284614412812@cloudservices.gserviceaccount.com","serviceAccount:blog-ca662@appspot.gserviceaccount.com"]},{"role":"roles/firebase.managementServiceAgent","members":["serviceAccount:firebase-service-account@firebase-sa-management.iam.gserviceaccount.com","serviceAccount:service-284614412812@gcp-sa-firebase.iam.gserviceaccount.com"]},{"role":"roles/firebase.sdkAdminServiceAgent","members":["serviceAccount:firebase-adminsdk-bm565@blog-ca662.iam.gserviceaccount.com"]},{"role":"roles/firebaseauth.admin","members":["serviceAccount:firebase-adminsdk-bm565@blog-ca662.iam.gserviceaccount.com"]},{"role":"roles/firebasemods.serviceAgent","members":["serviceAccount:service-284614412812@gcp-sa-firebasemods.iam.gserviceaccount.com"]},{"role":"roles/firebaserules.firestoreServiceAgent","members":["serviceAccount:service-284614412812@gcp-sa-firebasestorage.iam.gserviceaccount.com"]},{"role":"roles/firebaserules.system","members":["serviceAccount:service-284614412812@firebase-rules.iam.gserviceaccount.com"]},{"role":"roles/firebasestorage.serviceAgent","members":["serviceAccount:service-284614412812@gcp-sa-firebasestorage.iam.gserviceaccount.com"]},{"role":"roles/firestore.serviceAgent","members":["serviceAccount:service-284614412812@gcp-sa-firestore.iam.gserviceaccount.com"]},{"role":"roles/iam.serviceAccountTokenCreator","members":["serviceAccount:firebase-adminsdk-bm565@blog-ca662.iam.gserviceaccount.com"]},{"role":"roles/owner","members":["user:revelacionesdecaroweb@gmail.com"]},{"role":"roles/run.serviceAgent","members":["serviceAccount:service-284614412812@serverless-robot-prod.iam.gserviceaccount.com"]},{"role":"roles/storage.admin","members":["serviceAccount:firebase-adminsdk-bm565@blog-ca662.iam.gserviceaccount.com"]}]}
[info] i  storage: uploading rules storage.rules... 
[debug] [2026-01-08T21:57:49.769Z] Checked if tokens are valid: true, expires at: 1767910446517
[debug] [2026-01-08T21:57:49.769Z] Checked if tokens are valid: true, expires at: 1767910446517
[debug] [2026-01-08T21:57:49.769Z] >>> [apiv2][query] POST https://firebaserules.googleapis.com/v1/projects/blog-ca662/rulesets [none]
[debug] [2026-01-08T21:57:49.769Z] >>> [apiv2][body] POST https://firebaserules.googleapis.com/v1/projects/blog-ca662/rulesets [omitted]
[debug] [2026-01-08T21:57:50.116Z] <<< [apiv2][status] POST https://firebaserules.googleapis.com/v1/projects/blog-ca662/rulesets 200
[debug] [2026-01-08T21:57:50.117Z] <<< [apiv2][body] POST https://firebaserules.googleapis.com/v1/projects/blog-ca662/rulesets {"name":"projects/blog-ca662/rulesets/0c5f8356-ace6-4549-90b2-3054615e471e","source":{"files":[{"content":"rules_version = '2';\n\n// Craft rules based on data in your Firestore database\n// allow write: if firestore.get(\n//    /databases/(default)/documents/users/$(request.auth.uid)).data.isAdmin;\nservice firebase.storage {\n  match /b/{bucket}/o {\n    match /{allPaths=**} {\n      allow read, write: if false;\n    }\n  }\n}\n","name":"storage.rules"}]},"createTime":"2026-01-08T21:57:54.374719Z","metadata":{"services":["firebase.storage"]}}
[debug] [2026-01-08T21:57:50.117Z] [rules] created ruleset projects/blog-ca662/rulesets/0c5f8356-ace6-4549-90b2-3054615e471e
[debug] [2026-01-08T21:57:50.117Z] Checked if tokens are valid: true, expires at: 1767910446517
[debug] [2026-01-08T21:57:50.117Z] Checked if tokens are valid: true, expires at: 1767910446517
[info] i  firestore: deploying indexes... 
[debug] [2026-01-08T21:57:50.119Z] Checked if tokens are valid: true, expires at: 1767910446517
[debug] [2026-01-08T21:57:50.119Z] Checked if tokens are valid: true, expires at: 1767910446517
[debug] [2026-01-08T21:57:50.119Z] >>> [apiv2][query] GET https://firebaserules.googleapis.com/v1/projects/blog-ca662/releases pageSize=10&pageToken=
[debug] [2026-01-08T21:57:50.120Z] >>> [apiv2][query] GET https://firestore.googleapis.com/v1/projects/blog-ca662/databases/(default)/collectionGroups/-/indexes [none]
[debug] [2026-01-08T21:57:50.338Z] <<< [apiv2][status] GET https://firebaserules.googleapis.com/v1/projects/blog-ca662/releases 200
[debug] [2026-01-08T21:57:50.339Z] <<< [apiv2][body] GET https://firebaserules.googleapis.com/v1/projects/blog-ca662/releases {"releases":[{"name":"projects/blog-ca662/releases/cloud.firestore","rulesetName":"projects/blog-ca662/rulesets/332e2199-bedf-4688-8094-49a40307f24f","createTime":"2023-10-31T14:06:19.804733Z","updateTime":"2024-05-30T22:06:20.797712Z"},{"name":"projects/blog-ca662/releases/firebase.storage/blog-ca662.appspot.com","rulesetName":"projects/blog-ca662/rulesets/e1d7bc46-73f8-4853-b023-473f16570555","createTime":"2023-11-04T03:51:29.134986Z","updateTime":"2023-11-04T03:51:41.117926Z"}]}
[debug] [2026-01-08T21:57:50.339Z] Checked if tokens are valid: true, expires at: 1767910446517
[debug] [2026-01-08T21:57:50.339Z] Checked if tokens are valid: true, expires at: 1767910446517
[debug] [2026-01-08T21:57:50.339Z] >>> [apiv2][query] GET https://firebaserules.googleapis.com/v1/projects/blog-ca662/rulesets/332e2199-bedf-4688-8094-49a40307f24f [none]
[debug] [2026-01-08T21:57:50.559Z] <<< [apiv2][status] GET https://firebaserules.googleapis.com/v1/projects/blog-ca662/rulesets/332e2199-bedf-4688-8094-49a40307f24f 200
[debug] [2026-01-08T21:57:50.559Z] <<< [apiv2][body] GET https://firebaserules.googleapis.com/v1/projects/blog-ca662/rulesets/332e2199-bedf-4688-8094-49a40307f24f [omitted]
[info] i  firestore: latest version of firestore.rules already up to date, skipping upload... 
[debug] [2026-01-08T21:57:50.641Z] <<< [apiv2][status] GET https://firestore.googleapis.com/v1/projects/blog-ca662/databases/(default)/collectionGroups/-/indexes 200
[debug] [2026-01-08T21:57:50.641Z] <<< [apiv2][body] GET https://firestore.googleapis.com/v1/projects/blog-ca662/databases/(default)/collectionGroups/-/indexes {"indexes":[{"name":"projects/blog-ca662/databases/(default)/collectionGroups/articles/indexes/CICAgJim14AK","queryScope":"COLLECTION","fields":[{"fieldPath":"titulo","arrayConfig":"CONTAINS"},{"fieldPath":"fecha","order":"DESCENDING"},{"fieldPath":"__name__","order":"DESCENDING"}],"state":"READY","density":"SPARSE_ALL"},{"name":"projects/blog-ca662/databases/(default)/collectionGroups/articles/indexes/CICAgJjF9oIK","queryScope":"COLLECTION","fields":[{"fieldPath":"titulo","order":"ASCENDING"},{"fieldPath":"fecha","order":"DESCENDING"},{"fieldPath":"__name__","order":"DESCENDING"}],"state":"READY","density":"SPARSE_ALL"},{"name":"projects/blog-ca662/databases/(default)/collectionGroups/articles/indexes/CICAgJiUpoMK","queryScope":"COLLECTION","fields":[{"fieldPath":"titulo","order":"ASCENDING"},{"fieldPath":"id","order":"ASCENDING"},{"fieldPath":"__name__","order":"ASCENDING"}],"state":"READY","density":"SPARSE_ALL"},{"name":"projects/blog-ca662/databases/(default)/collectionGroups/articles/indexes/CICAgJiUsZIK","queryScope":"COLLECTION","fields":[{"fieldPath":"fecha","order":"DESCENDING"},{"fieldPath":"titulo","order":"ASCENDING"},{"fieldPath":"__name__","order":"ASCENDING"}],"state":"READY","density":"SPARSE_ALL"}]}
[debug] [2026-01-08T21:57:50.641Z] Checked if tokens are valid: true, expires at: 1767910446517
[debug] [2026-01-08T21:57:50.642Z] Checked if tokens are valid: true, expires at: 1767910446517
[debug] [2026-01-08T21:57:50.642Z] >>> [apiv2][query] GET https://firestore.googleapis.com/v1/projects/blog-ca662/databases/(default)/collectionGroups/-/fields?filter=indexConfig.usesAncestorConfig=false OR ttlConfig:* [none]
[debug] [2026-01-08T21:57:50.817Z] <<< [apiv2][status] GET https://firestore.googleapis.com/v1/projects/blog-ca662/databases/(default)/collectionGroups/-/fields?filter=indexConfig.usesAncestorConfig=false OR ttlConfig:* 200
[debug] [2026-01-08T21:57:50.817Z] <<< [apiv2][body] GET https://firestore.googleapis.com/v1/projects/blog-ca662/databases/(default)/collectionGroups/-/fields?filter=indexConfig.usesAncestorConfig=false OR ttlConfig:* {"fields":[{"name":"projects/blog-ca662/databases/(default)/collectionGroups/__default__/fields/*","indexConfig":{"indexes":[{"queryScope":"COLLECTION","fields":[{"fieldPath":"*","order":"ASCENDING"}],"state":"READY"},{"queryScope":"COLLECTION","fields":[{"fieldPath":"*","order":"DESCENDING"}],"state":"READY"},{"queryScope":"COLLECTION","fields":[{"fieldPath":"*","arrayConfig":"CONTAINS"}],"state":"READY"}]}}]}
[debug] [2026-01-08T21:57:50.818Z] Skipping existing index: {"collectionGroup":"articles","queryScope":"COLLECTION","fields":[{"fieldPath":"fecha","order":"DESCENDING"},{"fieldPath":"titulo","order":"ASCENDING"}]}
[debug] [2026-01-08T21:57:50.818Z] Skipping existing index: {"collectionGroup":"articles","queryScope":"COLLECTION","fields":[{"fieldPath":"titulo","order":"ASCENDING"},{"fieldPath":"fecha","order":"DESCENDING"}]}
[debug] [2026-01-08T21:57:50.818Z] Skipping existing index: {"collectionGroup":"articles","queryScope":"COLLECTION","fields":[{"fieldPath":"titulo","order":"ASCENDING"},{"fieldPath":"id","order":"ASCENDING"}]}
[debug] [2026-01-08T21:57:50.818Z] Skipping existing index: {"collectionGroup":"articles","queryScope":"COLLECTION","fields":[{"fieldPath":"titulo","arrayConfig":"CONTAINS"},{"fieldPath":"fecha","order":"DESCENDING"}]}
[info] +  firestore: deployed indexes in firestore.indexes.json successfully for (default) database 
[info] i  hosting[blog-ca662]: beginning deploy... 
[info] i  hosting[blog-ca662]: found 105 files in .firebase\blog-ca662\hosting 
[debug] [2026-01-08T21:57:50.879Z] [hosting] uploading with 200 concurrency
[debug] [2026-01-08T21:57:53.586Z] Checked if tokens are valid: true, expires at: 1767910446517
[debug] [2026-01-08T21:57:53.587Z] Checked if tokens are valid: true, expires at: 1767910446517
[debug] [2026-01-08T21:57:53.590Z] [hosting] hash cache [LmZpcmViYXNlXGJsb2ctY2E2NjJcaG9zdGluZw] stored for 105 files
[debug] [2026-01-08T21:57:53.591Z] [hosting][hash queue][FINAL] {"max":2686,"min":0,"avg":968.9142857142857,"active":0,"complete":105,"success":105,"errored":0,"retried":0,"total":105,"elapsed":2706}
[debug] [2026-01-08T21:57:53.591Z] >>> [apiv2][query] POST https://firebasehosting.googleapis.com/v1beta1/projects/284614412812/sites/blog-ca662/versions/733d50f53714534d:populateFiles [none]
[debug] [2026-01-08T21:57:53.592Z] >>> [apiv2][body] POST https://firebasehosting.googleapis.com/v1beta1/projects/284614412812/sites/blog-ca662/versions/733d50f53714534d:populateFiles {"files":{"/sitemap.xml":"68a3c00fedc53fc20621b687d764016a3a241cbc01a61d0af60fe2ae1a1929c2","/sitemap-0.xml":"cf853758f15d73baaaf71412dc250960d8852633fe5a509d9e344447cf1eb7f0","/robots.txt":"f8e3790994e3e8ec2ff4c8cbaf31f211833424ba52d0fae12908a54c2ddf34e7","/opengraph.jpg":"eb38813e28641586f007a67b4bf9be413679343178fc7361d734db96147a9fa5","/_global-error.html":"fcad2ea81de02305604139bcefa6285cdef378b6223560951b7db6249918fb8e","/favicon.ico":"45f75d5e6378e9268a50141e9f38dc98f12626d1bbbca920ac9bb3299b3d1cd7","/_not-found.html":"54fd7e0732a5236520fb267126d9fa9e8f1525b2eae78169dacfc783570ca0be","/500.html":"fcad2ea81de02305604139bcefa6285cdef378b6223560951b7db6249918fb8e","/contacto.html":"883d3abb6b9493f3db875d33ec2fd9edbdc758c66262724865ee8c8ae23eb4c9","/index.html":"fb9c067de834f2cb6776eacd71132a697dc55375dc15ff3254e18f4843fc0a70","/_next/static/media/favicon.b3b31c1b.ico":"45f75d5e6378e9268a50141e9f38dc98f12626d1bbbca920ac9bb3299b3d1cd7","/_next/static/media/vercel.a3e76a8d.svg":"3e4dcb2aa72833f0a509ba4ab5627d19c47c902b7cefb4b336605c017468bdfe","/sobremi.html":"e43f80ea8c5fe025e3a1a95c89c9ce2d67abb0057142e6c510efa1810138fde9","/_next/static/media/ad66f9afd8947f86-s.7a40eb73.woff2":"21b0ae0980798b857a8228d5c0a8a31372bd0b5db034530c056f3b36b037e482","/_next/static/media/e1ccd2766b08c828-s.838318db.woff2":"3db59b6f8d778b76875738873b5373463441751220b805ab14373c60edff67fa","/_next/static/media/2bbe8d2671613f1f-s.76dcb0b2.woff2":"5ef466d8ca6f4a51fa3751faea59ad2f63b15dbf9782ae4246bcadacc57f6b8f","/_next/static/chunks/ff27fbd2fec8d852.js":"d724c1159781a7eaa996f9b8ecd461dc5fee64202793c48c1d0e2d832cbe89c0","/_next/static/chunks/fb55646723c6a9d2.js":"ace4c9111db9a6b38284db52657e69060f07a8086b5fca3d883dec66c3ad68b2","/_next/static/chunks/turbopack-e512d1fe5c90f397.js":"20e415ccaded15caf4aca4d415e0abc21db9918927f3674aa922edf8706392fe","/_next/static/chunks/f5ca83d65faec0a4.js":"506839188bb5af39703c4477bbb4df116d131452c1b59d6ffd1ccfcc2a5b6581","/_next/static/chunks/f55b0de17f00181e.js":"e5394fb2030a066452d0a7f10e1e29f1a19fe2c48bc88a1141eac84e862c2833","/404.html":"54fd7e0732a5236520fb267126d9fa9e8f1525b2eae78169dacfc783570ca0be","/_next/static/chunks/ec8b185a9221424a.js":"c382b867ce2ce0de51eb340bc815e1ff6698550b1a831adbe3a0ddf900b6ff63","/_next/static/chunks/ec6e1e989deafd9c.js":"044f667fd10002f01ac211702350b4beea69c8d1fa2aadaf7971277ad0a36ed2","/_next/static/chunks/e3261e07e7102a89.js":"bf734772db54c41cbe0b53de8b60dd55fd639c3ff226e0ab13c7c70edab62ce1","/_next/static/chunks/ebf133ba149c9f42.js":"82f27834f41bbedd11ba00a8e6411280f0150134b95ecff21865f2b62273f56a","/_next/static/chunks/d96012bcfc98706a.js":"6cab918c834e4af36cab3d8f0370ebb1ef61568d672667bb41255d19a15d7109","/_next/static/chunks/cb233c8db84e9b54.js":"9f0a9161a43ee8c237aab3768e7c31d046378ab797677fbb4d14324c69ab3061","/_next/static/chunks/cb15cf34fdcc2fa7.js":"12fb794e986937f753343bffd841d84fab4614ce9e9103d3e827bd22022df536","/_next/static/chunks/c628f05a212befc9.js":"4164a7e0167f49d7b0e66fcea8b3eb5689d3f4b2fd956d200c2ce0bf7160c114","/_next/static/chunks/bb2d37474fcb2889.js":"aa67db5b42ae22f645770b7f06a26fde6c6bd02f4e8f39c50d57b17041d8474e","/_next/static/chunks/b60df4c31e442d3a.js":"fdd46407eee8ecc9acd465a778e3a74be6f80918007574929520744f89de8f68","/_next/static/chunks/b3568856fad4f85f.js":"c9587722d30214cf1836b0317e1748e869860b335e699a7bd0154c874fae414d","/_next/static/media/e9457141811d41ae-s.30a48620.woff2":"2d00b42a1fba09f0e23a707198ea6db865f97113e321825d3bf7841485f029e0","/_next/static/media/e7150917543fc9da-s.8200e9a3.woff2":"52150205a3ff78ae1d310a2ca5627e513c877bb5acad35fab5d51017ef5af476","/_next/static/media/ac34884600cd8d5d-s.7d4c278c.woff2":"df5eaeac1f6d51d085420a38d3d2aa72ccc2c6416a2bac79256a84b90fd36070","/_next/static/media/9c72aa0f40e4eef8-s.18a48cbc.woff2":"aeb03c5c1522d2fe6f6384711817dbd6cdbbb3dfa99276adf7325e9eacdae1ee","/_next/static/media/71fbf9c08529c2a5-s.91ff3091.woff2":"585d56896ef24693dfe922165efbf7ca9f0c3ba572ebb21e350dbbda6fd21934","/_next/static/media/5476f68d60460930-s.c995e352.woff2":"c4de9995b3bb8a73da02308cb75721515f897229c3c422e51304e8afc4bdeccd","/_next/static/media/507a47c1876d4ec2-s.303dbfb4.woff2":"259476323f7d26ce7c4c939425d338088e584c2c5c48a487edf1d0ff6d96b88e","/_next/static/media/2c55a0e60120577a-s.2a48534a.woff2":"4ca02247386c89e13dde6791dd0632e3f22aaf94e91bc35ece0edf79ff3e0e77","/_next/static/media/83afe278b6a6bb3c-s.p.3a6ba036.woff2":"86835ac53a0e1de04820388d01b501389d5e9311509282b5e3bfbfc752754083","/_next/static/media/8c2eb9ceedecfc8e-s.p.21935807.woff2":"906faab67d75dd1f94e4105804f26826a26547f9bc85eb6c113d71dd92a68e60","/_next/static/chunks/ffd67a335d30cd5b.js":"ae7eaa7864b59c40d5e581c0702eb226da5d4d0f1ad47f7ce5d3e771adea3966","/_next/static/chunks/bc99daab626db6a5.js":"379e9123453376a441f107edd499da397a6bcbf444dab0e53ad4ae8cd8220a3f","/_next/static/chunks/db459f5cc1fcad9f.js":"e91f9988b5a3f3becf87390d1b2c86776bae1cfcceaca54d1b716940e1373a5f","/_next/static/chunks/bad89ccc4ae5d43d.js":"ea31c51f0adab3403d49fa1914526ac789ff5c18d672e4124b2b07b1d9e3d138","/_next/static/chunks/a240be06b3604ac5.js":"29136d64c5f13a05832d858b6ba8fb1048f3b5acae717c7dfe50a2c2ef44a0f3","/img/w3t-logo.svg":"d857f4e77c750181382054393f715f89d024402da121ff2b094374f767ec1145","/img/vercel.svg":"3e4dcb2aa72833f0a509ba4ab5627d19c47c902b7cefb4b336605c017468bdfe","/img/skeleton.svg":"baca9afdf11fc0c67ccef507daf9971d8272309850c74a234b1734dba5a1341d","/img/opengraph.jpg":"8202d17395555cf4b76c840dc1dd71b2bb682aca2876555e6fad9e1c6500e534","/img/logo.svg":"8f8d9e5533dfabe08583bf87d253b77f7807a5b7054c5f175635f021e1b47887","/img/logo-white.svg":"95a75d706bf6deb3c10346b538440d5055f061c79045059a6235a3e52d9dfb53","/fonts/Inter-Regular.otf":"e8df7ff9165dd3e9632640b30016c77cc5b7d9646d9e6d089b0c2bc2e0417dbe","/fonts/Inter-Bold.otf":"eaccc6bdc1b10574d46c9adc789e1d1f566d8d3488acef56a19b9380eed0f39a","/_next/static/chunks/9eff449c4972c658.js":"02d13a32ab3a9448f74233988c2bd3554129e7e03cb388b75ae2ba3bdef882db","/_next/static/chunks/9c5457318a95020d.js":"8053775d4b9752de6e4802b163120ec32c048c39a04473635e49149bd228f158","/_next/static/chunks/8c0bc59115f85695.js":"777bd807569d1a32adfb00d14b0728659836fef26ef0d2f26428ecad46842c7e","/_next/static/chunks/8888b93bcd52ba8d.js":"fd09d13edd209a0718366e922ade6b37eac7a71969402a8bf20805679665ca45","/_next/static/chunks/963c71eec1d89c3f.js":"b35c488e105c868eadf91ee4b16550ddb52aaef62d77502b5488b790960e9615","/_next/static/chunks/7a1563a9d8a70b81.js":"247f449d5dec727f4200bd7a3ceb981a76620dcf0eccdf89c6c3804d985d5112","/_next/static/chunks/79659c7bb0b73fed.js":"8ba0263303705bdeb5e5f8e2d03ed5b8e7fbe9f067881e09106b7d5cff90489c","/_next/static/chunks/7e35a3ad8713683e.js":"cb1daffa3c007cc5f2672a1be15d991cfd2fcaf9d2a7cee274a177032927aa3f","/_next/static/chunks/63c218ce0242d93c.js":"cb7e5250edffcca9aecc31d38600eec77260023043eb686bee77463b59ba6402","/_next/static/chunks/7d261fba7ae2a825.js":"5532e870310617e7462198fe824f90055a9c390cd5dca3cf5d8478d09787a28f","/_next/static/chunks/559bdb69ebd02119.js":"3aabbe94706453b3a2914d222f3230111d9767bd497f0a7c2a94c30d8aa1addc","/_next/static/chunks/5a5025548a46274f.js":"0b4ff7f456703b7421c8512bf7d252d103431c7cbbeadf18c0b06d49052eb489","/_next/static/chunks/96b4c25f76184182.js":"1a5483aa3a487355dd88f9807178e9daf610947e91e115613683a7c63924de08","/_next/static/chunks/47e74f86775e3e46.js":"60bb02d60ee66cebceec7c0da0e1f7722772b2c61e2dc145115fb97713fa42f9","/_next/static/chunks/45266c6ff7ac754a.css":"4f166e2fc9cdff58e7788dceb178e00feceb93f2616e1001df59fd5044f80ab1","/_next/static/chunks/555a37b48c4b4d3d.js":"c003b1b620a390ab457b27778ce6f9507f66552be7d72e262f1eedbb51585e7e","/_next/static/chunks/3a54e531810d76b0.js":"57bcc8428230e17fe90736b82aa939f6f3b66c4a4ccb39b1afa049e242bd6f8b","/_next/static/chunks/3420e7f1d1990697.js":"6bc52f9a7ac8b6880f0552b39e1b046c057e0b864a0feb2be5798f83c79b53e8","/_next/static/chunks/4af7221124624ab4.js":"41dfaad8d5068cd9ea342035cbd8819e1ad29d0c215e5d85b75705df9142e421","/_next/static/chunks/aa02ea16d88ddf33.js":"3764fe8113fb9bb08f556a0badc949354694476c04f9d92d16939fda6a1e0148","/_next/static/chunks/16bbe515349ebe61.js":"ad1188edb838a13c3e3a230d65dcc402edcfc6caa63b2f287d5a7093d63b3bd6","/_next/static/chunks/23c014acf6140fad.js":"e2f915d82f6ffbd2e5cad51c17e5e54c3e4ffd76ab72153d9701892b9d6810f8","/_next/static/chunks/1488b8cd3978be34.js":"4cd2c40b33c44a224c8e0ffc73900c33cdd08cf2e1a4bc4bb76ae6091a337bb4","/_next/static/chunks/10f6785f00e0e5f4.js":"8dcaa1879d74624418e6dd617de72b3a00589aafe33e0a2ae57636243935d7f9","/_next/static/chunks/0f84e20767a37e22.css":"37d8011912386c508beec3dabb06a8661bc30a58d96880cd5993c234ac880022","/_next/static/chunks/0adad04bf8dc0e78.js":"29e55ed0647f9640f01f85ce963daccfe8f89d0e427cceef3859cfcf789f1982","/_next/static/chunks/4c16261f0f27151c.js":"0a2ed3b1b4f91d97b253215d1dd946c68f007a78a1c965d30f571d27a74be597","/_next/static/chunks/04cb280114eeb029.js":"11412118b81b35180c87c2753bc1700557b3aa3a59ecb402eaf2152615983335","/_next/static/media/1bffadaabf893a1e-s.7cd81963.woff2":"cd2992a875e4939d47289a3cc44c8b8a0e63817f4cc9fbd8b3bdf93b5f66fbb3","/_next/static/chunks/9be27002af0da510.js":"4dcd0f75b2b46c64bebe9faf08499f2e0888ebba08ed7d899865d184e8ec93cf","/_next/static/chunks/01aea1dcab130fe2.js":"fa1d0509b3810013fa135b0f0761c995e25825baab6900eaf0145f09fe2f08d8","/_next/static/chunks/00f1df9874f0f9f3.js":"d580db318eb10377fb3c4874f3b9c944e61a63eff0350f2e8a65e271fd5d8d66","/_next/static/-oIqWrns2PuBf-dNCmP1V/_ssgManifest.js":"1dc91f19c19c7fecab70147b7410104f5a1120d149cf7cb6b13a6770d77d7966","/_next/static/chunks/a6dad97d9634a72d.js.map":"25ae05f2ece4bc46d2351a2660b3f4347f1adc4181c38f3f596f60ccd615db6f","/_next/static/chunks/a6dad97d9634a72d.js":"18e28d3214eda45048d80d3925ea7627b809e69ad2e95f7f98459e9146a61c3d","/_next/static/-oIqWrns2PuBf-dNCmP1V/_clientMiddlewareManifest.json":"61663fde99b3394d71653f41c19fe91269442622a4a6695f8352a70fbf5ca4c1","/_next/static/chunks/e3703834d0c93667.js":"a049273349494f3cab0c13dd0236ae0baeb066e708a9cd19a26c9d36ad5a633e","/_next/static/-oIqWrns2PuBf-dNCmP1V/_buildManifest.js":"dcbe1c9b9159ca21caea98e1bad364012ae284e9551375ca62b83d2811efac91","/_next/static/chunks/109ded6b176cf8ff.js":"4d6680880956b91ba4ee6950e88c9e202f8d983d1031f3fcf65606e3051826e2","/_next/static/chunks/249284945a31060b.js":"aff1ce9926aa685ffd4b1208e106f77a6bc8be51c8b746bb3485f9c17871c7f7","/_next/static/chunks/15aac59396339d89.js":"c8c8a5011771dc68811a23b1db48ffbed728422b97e897722d4b974a65389217","/_next/static/chunks/b056a15eec95302c.js":"60c12bf02bc1194580d36fa5889b7f0f9243e73cdb6416705b8f84d1a81e2be4","/_next/static/chunks/f9a2aaa855d8520a.js":"d0c734083de2c08a1f29bfb61af7d55cf156390978d545dc450f246f281bac72","/_next/static/chunks/f97bd77b1c25fa68.js":"b7d46e7c256c45a33a70d05605883d922db995918a34774df073d9c40555e922","/_next/static/chunks/f4f0332781ec995c.js":"48ece4f3c99b3dc5a27cabafd1c0cf87631d94513360cc1d3193fff192cfcb3c","/_next/static/chunks/b07a167ea9343828.js":"dac5bc3cb64e4713c921622bd38e55f69c74a93a330f049a5af71e68002f9732","/_next/static/chunks/6e52f4e97db81764.js":"7f2422c0b816802f4a54b5fd9d5d57362f8ae4b57ae554d35c9577a73536c995","/_next/static/chunks/3ee71c0b8c63d0ae.js":"530f6bab9a5202024ed8d77f8b5d7d57bb7e6c779706753d21397a4c6e471e5b","/_next/static/chunks/e63dbc7cb52192fe.js":"4584471c28a3854d6568e419c9d5347d0f791219458be74c4a2b597d7df6624a"}}
[debug] [2026-01-08T21:57:54.142Z] <<< [apiv2][status] POST https://firebasehosting.googleapis.com/v1beta1/projects/284614412812/sites/blog-ca662/versions/733d50f53714534d:populateFiles 200
[debug] [2026-01-08T21:57:54.142Z] <<< [apiv2][body] POST https://firebasehosting.googleapis.com/v1beta1/projects/284614412812/sites/blog-ca662/versions/733d50f53714534d:populateFiles {"uploadRequiredHashes":["fcad2ea81de02305604139bcefa6285cdef378b6223560951b7db6249918fb8e","54fd7e0732a5236520fb267126d9fa9e8f1525b2eae78169dacfc783570ca0be","883d3abb6b9493f3db875d33ec2fd9edbdc758c66262724865ee8c8ae23eb4c9","e43f80ea8c5fe025e3a1a95c89c9ce2d67abb0057142e6c510efa1810138fde9","fb9c067de834f2cb6776eacd71132a697dc55375dc15ff3254e18f4843fc0a70"],"uploadUrl":"https://upload-firebasehosting.googleapis.com/upload/sites/blog-ca662/versions/733d50f53714534d/files"}
[debug] [2026-01-08T21:57:54.143Z] Checked if tokens are valid: true, expires at: 1767910446517
[debug] [2026-01-08T21:57:54.144Z] Checked if tokens are valid: true, expires at: 1767910446517
[debug] [2026-01-08T21:57:54.144Z] Checked if tokens are valid: true, expires at: 1767910446517
[debug] [2026-01-08T21:57:54.144Z] Checked if tokens are valid: true, expires at: 1767910446517
[debug] [2026-01-08T21:57:54.144Z] Checked if tokens are valid: true, expires at: 1767910446517
[debug] [2026-01-08T21:57:54.144Z] Checked if tokens are valid: true, expires at: 1767910446517
[debug] [2026-01-08T21:57:54.144Z] Checked if tokens are valid: true, expires at: 1767910446517
[debug] [2026-01-08T21:57:54.144Z] Checked if tokens are valid: true, expires at: 1767910446517
[debug] [2026-01-08T21:57:54.144Z] Checked if tokens are valid: true, expires at: 1767910446517
[debug] [2026-01-08T21:57:54.145Z] Checked if tokens are valid: true, expires at: 1767910446517
[debug] [2026-01-08T21:57:54.145Z] >>> [apiv2][query] POST https://upload-firebasehosting.googleapis.com/upload/sites/blog-ca662/versions/733d50f53714534d/files/fcad2ea81de02305604139bcefa6285cdef378b6223560951b7db6249918fb8e [none]
[debug] [2026-01-08T21:57:54.145Z] >>> [apiv2][body] POST https://upload-firebasehosting.googleapis.com/upload/sites/blog-ca662/versions/733d50f53714534d/files/fcad2ea81de02305604139bcefa6285cdef378b6223560951b7db6249918fb8e [stream]
[debug] [2026-01-08T21:57:54.148Z] >>> [apiv2][query] POST https://upload-firebasehosting.googleapis.com/upload/sites/blog-ca662/versions/733d50f53714534d/files/54fd7e0732a5236520fb267126d9fa9e8f1525b2eae78169dacfc783570ca0be [none]
[debug] [2026-01-08T21:57:54.148Z] >>> [apiv2][body] POST https://upload-firebasehosting.googleapis.com/upload/sites/blog-ca662/versions/733d50f53714534d/files/54fd7e0732a5236520fb267126d9fa9e8f1525b2eae78169dacfc783570ca0be [stream]
[debug] [2026-01-08T21:57:54.155Z] >>> [apiv2][query] POST https://upload-firebasehosting.googleapis.com/upload/sites/blog-ca662/versions/733d50f53714534d/files/883d3abb6b9493f3db875d33ec2fd9edbdc758c66262724865ee8c8ae23eb4c9 [none]
[debug] [2026-01-08T21:57:54.156Z] >>> [apiv2][body] POST https://upload-firebasehosting.googleapis.com/upload/sites/blog-ca662/versions/733d50f53714534d/files/883d3abb6b9493f3db875d33ec2fd9edbdc758c66262724865ee8c8ae23eb4c9 [stream]
[debug] [2026-01-08T21:57:54.159Z] >>> [apiv2][query] POST https://upload-firebasehosting.googleapis.com/upload/sites/blog-ca662/versions/733d50f53714534d/files/e43f80ea8c5fe025e3a1a95c89c9ce2d67abb0057142e6c510efa1810138fde9 [none]
[debug] [2026-01-08T21:57:54.160Z] >>> [apiv2][body] POST https://upload-firebasehosting.googleapis.com/upload/sites/blog-ca662/versions/733d50f53714534d/files/e43f80ea8c5fe025e3a1a95c89c9ce2d67abb0057142e6c510efa1810138fde9 [stream]
[debug] [2026-01-08T21:57:54.161Z] >>> [apiv2][query] POST https://upload-firebasehosting.googleapis.com/upload/sites/blog-ca662/versions/733d50f53714534d/files/fb9c067de834f2cb6776eacd71132a697dc55375dc15ff3254e18f4843fc0a70 [none]
[debug] [2026-01-08T21:57:54.161Z] >>> [apiv2][body] POST https://upload-firebasehosting.googleapis.com/upload/sites/blog-ca662/versions/733d50f53714534d/files/fb9c067de834f2cb6776eacd71132a697dc55375dc15ff3254e18f4843fc0a70 [stream]
[debug] [2026-01-08T21:57:54.163Z] [hosting][populate queue][FINAL] {"max":559,"min":559,"avg":559,"active":0,"complete":1,"success":1,"errored":0,"retried":0,"total":1,"elapsed":577}
[debug] [2026-01-08T21:57:54.164Z] [hosting] uploads queued: 5
[debug] [2026-01-08T21:57:54.976Z] <<< [apiv2][status] POST https://upload-firebasehosting.googleapis.com/upload/sites/blog-ca662/versions/733d50f53714534d/files/fcad2ea81de02305604139bcefa6285cdef378b6223560951b7db6249918fb8e 200
[debug] [2026-01-08T21:57:54.976Z] <<< [apiv2][body] POST https://upload-firebasehosting.googleapis.com/upload/sites/blog-ca662/versions/733d50f53714534d/files/fcad2ea81de02305604139bcefa6285cdef378b6223560951b7db6249918fb8e [stream]
[debug] [2026-01-08T21:57:55.049Z] <<< [apiv2][status] POST https://upload-firebasehosting.googleapis.com/upload/sites/blog-ca662/versions/733d50f53714534d/files/e43f80ea8c5fe025e3a1a95c89c9ce2d67abb0057142e6c510efa1810138fde9 200
[debug] [2026-01-08T21:57:55.056Z] <<< [apiv2][body] POST https://upload-firebasehosting.googleapis.com/upload/sites/blog-ca662/versions/733d50f53714534d/files/e43f80ea8c5fe025e3a1a95c89c9ce2d67abb0057142e6c510efa1810138fde9 [stream]
[debug] [2026-01-08T21:57:55.057Z] <<< [apiv2][status] POST https://upload-firebasehosting.googleapis.com/upload/sites/blog-ca662/versions/733d50f53714534d/files/fb9c067de834f2cb6776eacd71132a697dc55375dc15ff3254e18f4843fc0a70 200
[debug] [2026-01-08T21:57:55.057Z] <<< [apiv2][body] POST https://upload-firebasehosting.googleapis.com/upload/sites/blog-ca662/versions/733d50f53714534d/files/fb9c067de834f2cb6776eacd71132a697dc55375dc15ff3254e18f4843fc0a70 [stream]
[debug] [2026-01-08T21:57:55.107Z] <<< [apiv2][status] POST https://upload-firebasehosting.googleapis.com/upload/sites/blog-ca662/versions/733d50f53714534d/files/883d3abb6b9493f3db875d33ec2fd9edbdc758c66262724865ee8c8ae23eb4c9 200
[debug] [2026-01-08T21:57:55.107Z] <<< [apiv2][body] POST https://upload-firebasehosting.googleapis.com/upload/sites/blog-ca662/versions/733d50f53714534d/files/883d3abb6b9493f3db875d33ec2fd9edbdc758c66262724865ee8c8ae23eb4c9 [stream]
[debug] [2026-01-08T21:57:55.161Z] <<< [apiv2][status] POST https://upload-firebasehosting.googleapis.com/upload/sites/blog-ca662/versions/733d50f53714534d/files/54fd7e0732a5236520fb267126d9fa9e8f1525b2eae78169dacfc783570ca0be 200
[debug] [2026-01-08T21:57:55.162Z] <<< [apiv2][body] POST https://upload-firebasehosting.googleapis.com/upload/sites/blog-ca662/versions/733d50f53714534d/files/54fd7e0732a5236520fb267126d9fa9e8f1525b2eae78169dacfc783570ca0be [stream]
[debug] [2026-01-08T21:57:55.162Z] [hosting][upload queue][FINAL] {"max":1018,"min":833,"avg":936,"active":0,"complete":5,"success":5,"errored":0,"retried":0,"total":5,"elapsed":1019}
[info] +  hosting[blog-ca662]: file upload complete 
[debug] [2026-01-08T21:57:55.172Z] [hosting] deploy completed after 4349ms
[info] i  functions: updating Node.js 20 (2nd Gen) function firebase-frameworks-blog-ca662:ssrblogca662(us-central1)... 
[debug] [2026-01-08T21:57:55.217Z] Checked if tokens are valid: true, expires at: 1767910446517
[debug] [2026-01-08T21:57:55.218Z] Checked if tokens are valid: true, expires at: 1767910446517
[debug] [2026-01-08T21:57:55.219Z] >>> [apiv2][query] PATCH https://cloudfunctions.googleapis.com/v2/projects/blog-ca662/locations/us-central1/functions/ssrblogca662 updateMask=name%2CbuildConfig.runtime%2CbuildConfig.entryPoint%2CbuildConfig.source.storageSource.bucket%2CbuildConfig.source.storageSource.object%2CbuildConfig.environmentVariables%2CbuildConfig.sourceToken%2CserviceConfig.environmentVariables%2CserviceConfig.ingressSettings%2CserviceConfig.timeoutSeconds%2CserviceConfig.serviceAccountEmail%2CserviceConfig.availableMemory%2CserviceConfig.minInstanceCount%2CserviceConfig.maxInstanceCount%2CserviceConfig.maxInstanceRequestConcurrency%2CserviceConfig.availableCpu%2CserviceConfig.vpcConnector%2CserviceConfig.vpcConnectorEgressSettings%2Clabels%2CbuildConfig.buildEnvironmentVariables
[debug] [2026-01-08T21:57:55.219Z] >>> [apiv2][body] PATCH https://cloudfunctions.googleapis.com/v2/projects/blog-ca662/locations/us-central1/functions/ssrblogca662 {"name":"projects/blog-ca662/locations/us-central1/functions/ssrblogca662","buildConfig":{"runtime":"nodejs20","entryPoint":"ssrblogca662","source":{"storageSource":{"bucket":"gcf-v2-uploads-284614412812.us-central1.cloudfunctions.appspot.com","object":"970dd398-d0f8-4cad-a9ad-c6f3da21b7b0.zip"}},"environmentVariables":{"GOOGLE_NODE_RUN_SCRIPTS":""}},"serviceConfig":{"environmentVariables":{"VERCEL_URL":"blog-ca662.web.app","__FIREBASE_FRAMEWORKS_ENTRY__":"next.js","__FIREBASE_DEFAULTS__":"{\"config\":{\"projectId\":\"blog-ca662\",\"appId\":\"1:284614412812:web:1c1ccb42f7e0870875fc29\",\"storageBucket\":\"blog-ca662.appspot.com\",\"locationId\":\"us-central\",\"apiKey\":\"AIzaSyAvvbq7egmHbW1z6wy8N-0aNeKOUg1a0Q8\",\"authDomain\":\"blog-ca662.firebaseapp.com\",\"messagingSenderId\":\"284614412812\",\"measurementId\":\"G-R62489Y36G\",\"projectNumber\":\"284614412812\",\"version\":\"2\"},\"_authTokenSyncURL\":\"/__session\"}","FIREBASE_CONFIG":"{\"projectId\":\"blog-ca662\",\"storageBucket\":\"blog-ca662.appspot.com\",\"locationId\":\"us-central\"}","GCLOUD_PROJECT":"blog-ca662","EVENTARC_CLOUD_EVENT_SOURCE":"projects/blog-ca662/locations/us-central1/services/ssrblogca662","FUNCTION_TARGET":"ssrblogca662","LOG_EXECUTION_ID":"true"},"ingressSettings":null,"timeoutSeconds":null,"serviceAccountEmail":null,"availableMemory":"256Mi","minInstanceCount":null,"maxInstanceCount":null,"maxInstanceRequestConcurrency":80,"availableCpu":"1","vpcConnector":null,"vpcConnectorEgressSettings":null},"labels":{"deployment-tool":"cli-firebase","firebase-functions-codebase":"firebase-frameworks-blog-ca662","firebase-functions-hash":"3035f0f240ad132446f14cec3f6f98ec5be46102"}}
[debug] [2026-01-08T21:57:56.524Z] <<< [apiv2][status] PATCH https://cloudfunctions.googleapis.com/v2/projects/blog-ca662/locations/us-central1/functions/ssrblogca662 200
[debug] [2026-01-08T21:57:56.524Z] <<< [apiv2][body] PATCH https://cloudfunctions.googleapis.com/v2/projects/blog-ca662/locations/us-central1/functions/ssrblogca662 {"name":"projects/blog-ca662/locations/us-central1/operations/operation-1767909479913-647e7808b96df-ce4d8597-58a5e5f3","metadata":{"@type":"type.googleapis.com/google.cloud.functions.v2.OperationMetadata","createTime":"2026-01-08T21:58:00.762922284Z","target":"projects/blog-ca662/locations/us-central1/functions/ssrblogca662","verb":"update","cancelRequested":false,"apiVersion":"v2"},"done":false}
[debug] [2026-01-08T21:57:56.526Z] Checked if tokens are valid: true, expires at: 1767910446517
[debug] [2026-01-08T21:57:56.526Z] Checked if tokens are valid: true, expires at: 1767910446517
[debug] [2026-01-08T21:57:56.526Z] >>> [apiv2][query] GET https://cloudfunctions.googleapis.com/v2/projects/blog-ca662/locations/us-central1/operations/operation-1767909479913-647e7808b96df-ce4d8597-58a5e5f3 [none]
[debug] [2026-01-08T21:57:56.680Z] <<< [apiv2][status] GET https://cloudfunctions.googleapis.com/v2/projects/blog-ca662/locations/us-central1/operations/operation-1767909479913-647e7808b96df-ce4d8597-58a5e5f3 200
[debug] [2026-01-08T21:57:56.680Z] <<< [apiv2][body] GET https://cloudfunctions.googleapis.com/v2/projects/blog-ca662/locations/us-central1/operations/operation-1767909479913-647e7808b96df-ce4d8597-58a5e5f3 {"name":"projects/blog-ca662/locations/us-central1/operations/operation-1767909479913-647e7808b96df-ce4d8597-58a5e5f3","metadata":{"@type":"type.googleapis.com/google.cloud.functions.v2.OperationMetadata","createTime":"2026-01-08T21:58:00.762922284Z","target":"projects/blog-ca662/locations/us-central1/functions/ssrblogca662","verb":"update","cancelRequested":false,"apiVersion":"v2","requestResource":{"@type":"type.googleapis.com/google.cloud.functions.v2.Function","name":"projects/blog-ca662/locations/us-central1/functions/ssrblogca662","buildConfig":{"runtime":"nodejs20","entryPoint":"ssrblogca662","source":{"storageSource":{"bucket":"gcf-v2-sources-284614412812-us-central1","object":"ssrblogca662/function-source.zip","generation":"1767909480701365"}},"environmentVariables":{"GOOGLE_NODE_RUN_SCRIPTS":""},"dockerRepository":"projects/blog-ca662/locations/us-central1/repositories/gcf-artifacts","sourceProvenance":{"resolvedStorageSource":{"bucket":"gcf-v2-sources-284614412812-us-central1","object":"ssrblogca662/function-source.zip","generation":"1736828886967681"}},"dockerRegistry":"ARTIFACT_REGISTRY","serviceAccount":"projects/blog-ca662/serviceAccounts/284614412812-compute@developer.gserviceaccount.com","automaticUpdatePolicy":{}},"serviceConfig":{"service":"projects/blog-ca662/locations/us-central1/services/ssrblogca662","timeoutSeconds":60,"environmentVariables":{"VERCEL_URL":"blog-ca662.web.app","__FIREBASE_FRAMEWORKS_ENTRY__":"next.js","__FIREBASE_DEFAULTS__":"{\"config\":{\"projectId\":\"blog-ca662\",\"appId\":\"1:284614412812:web:1c1ccb42f7e0870875fc29\",\"storageBucket\":\"blog-ca662.appspot.com\",\"locationId\":\"us-central\",\"apiKey\":\"AIzaSyAvvbq7egmHbW1z6wy8N-0aNeKOUg1a0Q8\",\"authDomain\":\"blog-ca662.firebaseapp.com\",\"messagingSenderId\":\"284614412812\",\"measurementId\":\"G-R62489Y36G\",\"projectNumber\":\"284614412812\",\"version\":\"2\"},\"_authTokenSyncURL\":\"/__session\"}","FIREBASE_CONFIG":"{\"projectId\":\"blog-ca662\",\"storageBucket\":\"blog-ca662.appspot.com\",\"locationId\":\"us-central\"}","GCLOUD_PROJECT":"blog-ca662","EVENTARC_CLOUD_EVENT_SOURCE":"projects/blog-ca662/locations/us-central1/services/ssrblogca662","FUNCTION_TARGET":"ssrblogca662","LOG_EXECUTION_ID":"true"},"ingressSettings":"ALLOW_ALL","uri":"https://ssrblogca662-jfo7awey6a-uc.a.run.app","serviceAccountEmail":"284614412812-compute@developer.gserviceaccount.com","availableMemory":"256Mi","allTrafficOnLatestRevision":true,"revision":"ssrblogca662-00049-jak","maxInstanceRequestConcurrency":80,"availableCpu":"1"},"state":"ACTIVE","labels":{"deployment-tool":"cli-firebase","firebase-functions-codebase":"firebase-frameworks-blog-ca662","firebase-functions-hash":"3035f0f240ad132446f14cec3f6f98ec5be46102"},"environment":"GEN_2","url":"https://us-central1-blog-ca662.cloudfunctions.net/ssrblogca662","satisfiesPzi":true},"stages":[{"name":"BUILD","state":"NOT_STARTED"},{"name":"SERVICE","state":"NOT_STARTED"}],"operationType":"UPDATE_FUNCTION"},"done":false}
[debug] [2026-01-08T21:57:57.183Z] [update-firebase-frameworks-blog-ca662-us-central1-ssrblogca662] Retrying task index 0
[debug] [2026-01-08T21:57:57.184Z] Checked if tokens are valid: true, expires at: 1767910446517
[debug] [2026-01-08T21:57:57.184Z] Checked if tokens are valid: true, expires at: 1767910446517
[debug] [2026-01-08T21:57:57.184Z] >>> [apiv2][query] GET https://cloudfunctions.googleapis.com/v2/projects/blog-ca662/locations/us-central1/operations/operation-1767909479913-647e7808b96df-ce4d8597-58a5e5f3 [none]
[debug] [2026-01-08T21:57:57.458Z] <<< [apiv2][status] GET https://cloudfunctions.googleapis.com/v2/projects/blog-ca662/locations/us-central1/operations/operation-1767909479913-647e7808b96df-ce4d8597-58a5e5f3 200
[debug] [2026-01-08T21:57:57.458Z] <<< [apiv2][body] GET https://cloudfunctions.googleapis.com/v2/projects/blog-ca662/locations/us-central1/operations/operation-1767909479913-647e7808b96df-ce4d8597-58a5e5f3 {"name":"projects/blog-ca662/locations/us-central1/operations/operation-1767909479913-647e7808b96df-ce4d8597-58a5e5f3","metadata":{"@type":"type.googleapis.com/google.cloud.functions.v2.OperationMetadata","createTime":"2026-01-08T21:58:00.762922284Z","target":"projects/blog-ca662/locations/us-central1/functions/ssrblogca662","verb":"update","cancelRequested":false,"apiVersion":"v2","requestResource":{"@type":"type.googleapis.com/google.cloud.functions.v2.Function","name":"projects/blog-ca662/locations/us-central1/functions/ssrblogca662","buildConfig":{"runtime":"nodejs20","entryPoint":"ssrblogca662","source":{"storageSource":{"bucket":"gcf-v2-sources-284614412812-us-central1","object":"ssrblogca662/function-source.zip","generation":"1767909480701365"}},"environmentVariables":{"GOOGLE_NODE_RUN_SCRIPTS":""},"dockerRepository":"projects/blog-ca662/locations/us-central1/repositories/gcf-artifacts","sourceProvenance":{"resolvedStorageSource":{"bucket":"gcf-v2-sources-284614412812-us-central1","object":"ssrblogca662/function-source.zip","generation":"1736828886967681"}},"dockerRegistry":"ARTIFACT_REGISTRY","serviceAccount":"projects/blog-ca662/serviceAccounts/284614412812-compute@developer.gserviceaccount.com","automaticUpdatePolicy":{}},"serviceConfig":{"service":"projects/blog-ca662/locations/us-central1/services/ssrblogca662","timeoutSeconds":60,"environmentVariables":{"VERCEL_URL":"blog-ca662.web.app","__FIREBASE_FRAMEWORKS_ENTRY__":"next.js","__FIREBASE_DEFAULTS__":"{\"config\":{\"projectId\":\"blog-ca662\",\"appId\":\"1:284614412812:web:1c1ccb42f7e0870875fc29\",\"storageBucket\":\"blog-ca662.appspot.com\",\"locationId\":\"us-central\",\"apiKey\":\"AIzaSyAvvbq7egmHbW1z6wy8N-0aNeKOUg1a0Q8\",\"authDomain\":\"blog-ca662.firebaseapp.com\",\"messagingSenderId\":\"284614412812\",\"measurementId\":\"G-R62489Y36G\",\"projectNumber\":\"284614412812\",\"version\":\"2\"},\"_authTokenSyncURL\":\"/__session\"}","FIREBASE_CONFIG":"{\"projectId\":\"blog-ca662\",\"storageBucket\":\"blog-ca662.appspot.com\",\"locationId\":\"us-central\"}","GCLOUD_PROJECT":"blog-ca662","EVENTARC_CLOUD_EVENT_SOURCE":"projects/blog-ca662/locations/us-central1/services/ssrblogca662","FUNCTION_TARGET":"ssrblogca662","LOG_EXECUTION_ID":"true"},"ingressSettings":"ALLOW_ALL","uri":"https://ssrblogca662-jfo7awey6a-uc.a.run.app","serviceAccountEmail":"284614412812-compute@developer.gserviceaccount.com","availableMemory":"256Mi","allTrafficOnLatestRevision":true,"revision":"ssrblogca662-00049-jak","maxInstanceRequestConcurrency":80,"availableCpu":"1"},"state":"ACTIVE","labels":{"deployment-tool":"cli-firebase","firebase-functions-codebase":"firebase-frameworks-blog-ca662","firebase-functions-hash":"3035f0f240ad132446f14cec3f6f98ec5be46102"},"environment":"GEN_2","url":"https://us-central1-blog-ca662.cloudfunctions.net/ssrblogca662","satisfiesPzi":true},"stages":[{"name":"BUILD","message":"Build in progress","state":"IN_PROGRESS","resource":"projects/284614412812/locations/us-central1/builds/05b0f0e5-0c80-4987-8313-a742c75b3e34","resourceUri":"https://console.cloud.google.com/cloud-build/builds;region=us-central1/05b0f0e5-0c80-4987-8313-a742c75b3e34?project=284614412812"},{"name":"SERVICE","state":"NOT_STARTED"}],"operationType":"UPDATE_FUNCTION","buildName":"projects/284614412812/locations/us-central1/builds/05b0f0e5-0c80-4987-8313-a742c75b3e34"},"done":false}
[debug] [2026-01-08T21:57:58.462Z] [update-firebase-frameworks-blog-ca662-us-central1-ssrblogca662] Retrying task index 0
[debug] [2026-01-08T21:57:58.462Z] Checked if tokens are valid: true, expires at: 1767910446517
[debug] [2026-01-08T21:57:58.462Z] Checked if tokens are valid: true, expires at: 1767910446517
[debug] [2026-01-08T21:57:58.462Z] >>> [apiv2][query] GET https://cloudfunctions.googleapis.com/v2/projects/blog-ca662/locations/us-central1/operations/operation-1767909479913-647e7808b96df-ce4d8597-58a5e5f3 [none]
[debug] [2026-01-08T21:57:58.707Z] <<< [apiv2][status] GET https://cloudfunctions.googleapis.com/v2/projects/blog-ca662/locations/us-central1/operations/operation-1767909479913-647e7808b96df-ce4d8597-58a5e5f3 200
[debug] [2026-01-08T21:57:58.707Z] <<< [apiv2][body] GET https://cloudfunctions.googleapis.com/v2/projects/blog-ca662/locations/us-central1/operations/operation-1767909479913-647e7808b96df-ce4d8597-58a5e5f3 {"name":"projects/blog-ca662/locations/us-central1/operations/operation-1767909479913-647e7808b96df-ce4d8597-58a5e5f3","metadata":{"@type":"type.googleapis.com/google.cloud.functions.v2.OperationMetadata","createTime":"2026-01-08T21:58:00.762922284Z","target":"projects/blog-ca662/locations/us-central1/functions/ssrblogca662","verb":"update","cancelRequested":false,"apiVersion":"v2","requestResource":{"@type":"type.googleapis.com/google.cloud.functions.v2.Function","name":"projects/blog-ca662/locations/us-central1/functions/ssrblogca662","buildConfig":{"runtime":"nodejs20","entryPoint":"ssrblogca662","source":{"storageSource":{"bucket":"gcf-v2-sources-284614412812-us-central1","object":"ssrblogca662/function-source.zip","generation":"1767909480701365"}},"environmentVariables":{"GOOGLE_NODE_RUN_SCRIPTS":""},"dockerRepository":"projects/blog-ca662/locations/us-central1/repositories/gcf-artifacts","sourceProvenance":{"resolvedStorageSource":{"bucket":"gcf-v2-sources-284614412812-us-central1","object":"ssrblogca662/function-source.zip","generation":"1736828886967681"}},"dockerRegistry":"ARTIFACT_REGISTRY","serviceAccount":"projects/blog-ca662/serviceAccounts/284614412812-compute@developer.gserviceaccount.com","automaticUpdatePolicy":{}},"serviceConfig":{"service":"projects/blog-ca662/locations/us-central1/services/ssrblogca662","timeoutSeconds":60,"environmentVariables":{"VERCEL_URL":"blog-ca662.web.app","__FIREBASE_FRAMEWORKS_ENTRY__":"next.js","__FIREBASE_DEFAULTS__":"{\"config\":{\"projectId\":\"blog-ca662\",\"appId\":\"1:284614412812:web:1c1ccb42f7e0870875fc29\",\"storageBucket\":\"blog-ca662.appspot.com\",\"locationId\":\"us-central\",\"apiKey\":\"AIzaSyAvvbq7egmHbW1z6wy8N-0aNeKOUg1a0Q8\",\"authDomain\":\"blog-ca662.firebaseapp.com\",\"messagingSenderId\":\"284614412812\",\"measurementId\":\"G-R62489Y36G\",\"projectNumber\":\"284614412812\",\"version\":\"2\"},\"_authTokenSyncURL\":\"/__session\"}","FIREBASE_CONFIG":"{\"projectId\":\"blog-ca662\",\"storageBucket\":\"blog-ca662.appspot.com\",\"locationId\":\"us-central\"}","GCLOUD_PROJECT":"blog-ca662","EVENTARC_CLOUD_EVENT_SOURCE":"projects/blog-ca662/locations/us-central1/services/ssrblogca662","FUNCTION_TARGET":"ssrblogca662","LOG_EXECUTION_ID":"true"},"ingressSettings":"ALLOW_ALL","uri":"https://ssrblogca662-jfo7awey6a-uc.a.run.app","serviceAccountEmail":"284614412812-compute@developer.gserviceaccount.com","availableMemory":"256Mi","allTrafficOnLatestRevision":true,"revision":"ssrblogca662-00049-jak","maxInstanceRequestConcurrency":80,"availableCpu":"1"},"state":"ACTIVE","labels":{"deployment-tool":"cli-firebase","firebase-functions-codebase":"firebase-frameworks-blog-ca662","firebase-functions-hash":"3035f0f240ad132446f14cec3f6f98ec5be46102"},"environment":"GEN_2","url":"https://us-central1-blog-ca662.cloudfunctions.net/ssrblogca662","satisfiesPzi":true},"stages":[{"name":"BUILD","message":"Build in progress","state":"IN_PROGRESS","resource":"projects/284614412812/locations/us-central1/builds/05b0f0e5-0c80-4987-8313-a742c75b3e34","resourceUri":"https://console.cloud.google.com/cloud-build/builds;region=us-central1/05b0f0e5-0c80-4987-8313-a742c75b3e34?project=284614412812"},{"name":"SERVICE","state":"NOT_STARTED"}],"operationType":"UPDATE_FUNCTION","buildName":"projects/284614412812/locations/us-central1/builds/05b0f0e5-0c80-4987-8313-a742c75b3e34"},"done":false}
[debug] [2026-01-08T21:58:00.710Z] [update-firebase-frameworks-blog-ca662-us-central1-ssrblogca662] Retrying task index 0
[debug] [2026-01-08T21:58:00.711Z] Checked if tokens are valid: true, expires at: 1767910446517
[debug] [2026-01-08T21:58:00.711Z] Checked if tokens are valid: true, expires at: 1767910446517
[debug] [2026-01-08T21:58:00.711Z] >>> [apiv2][query] GET https://cloudfunctions.googleapis.com/v2/projects/blog-ca662/locations/us-central1/operations/operation-1767909479913-647e7808b96df-ce4d8597-58a5e5f3 [none]
[debug] [2026-01-08T21:58:01.251Z] <<< [apiv2][status] GET https://cloudfunctions.googleapis.com/v2/projects/blog-ca662/locations/us-central1/operations/operation-1767909479913-647e7808b96df-ce4d8597-58a5e5f3 200
[debug] [2026-01-08T21:58:01.252Z] <<< [apiv2][body] GET https://cloudfunctions.googleapis.com/v2/projects/blog-ca662/locations/us-central1/operations/operation-1767909479913-647e7808b96df-ce4d8597-58a5e5f3 {"name":"projects/blog-ca662/locations/us-central1/operations/operation-1767909479913-647e7808b96df-ce4d8597-58a5e5f3","metadata":{"@type":"type.googleapis.com/google.cloud.functions.v2.OperationMetadata","createTime":"2026-01-08T21:58:00.762922284Z","target":"projects/blog-ca662/locations/us-central1/functions/ssrblogca662","verb":"update","cancelRequested":false,"apiVersion":"v2","requestResource":{"@type":"type.googleapis.com/google.cloud.functions.v2.Function","name":"projects/blog-ca662/locations/us-central1/functions/ssrblogca662","buildConfig":{"runtime":"nodejs20","entryPoint":"ssrblogca662","source":{"storageSource":{"bucket":"gcf-v2-sources-284614412812-us-central1","object":"ssrblogca662/function-source.zip","generation":"1767909480701365"}},"environmentVariables":{"GOOGLE_NODE_RUN_SCRIPTS":""},"dockerRepository":"projects/blog-ca662/locations/us-central1/repositories/gcf-artifacts","sourceProvenance":{"resolvedStorageSource":{"bucket":"gcf-v2-sources-284614412812-us-central1","object":"ssrblogca662/function-source.zip","generation":"1736828886967681"}},"dockerRegistry":"ARTIFACT_REGISTRY","serviceAccount":"projects/blog-ca662/serviceAccounts/284614412812-compute@developer.gserviceaccount.com","automaticUpdatePolicy":{}},"serviceConfig":{"service":"projects/blog-ca662/locations/us-central1/services/ssrblogca662","timeoutSeconds":60,"environmentVariables":{"VERCEL_URL":"blog-ca662.web.app","__FIREBASE_FRAMEWORKS_ENTRY__":"next.js","__FIREBASE_DEFAULTS__":"{\"config\":{\"projectId\":\"blog-ca662\",\"appId\":\"1:284614412812:web:1c1ccb42f7e0870875fc29\",\"storageBucket\":\"blog-ca662.appspot.com\",\"locationId\":\"us-central\",\"apiKey\":\"AIzaSyAvvbq7egmHbW1z6wy8N-0aNeKOUg1a0Q8\",\"authDomain\":\"blog-ca662.firebaseapp.com\",\"messagingSenderId\":\"284614412812\",\"measurementId\":\"G-R62489Y36G\",\"projectNumber\":\"284614412812\",\"version\":\"2\"},\"_authTokenSyncURL\":\"/__session\"}","FIREBASE_CONFIG":"{\"projectId\":\"blog-ca662\",\"storageBucket\":\"blog-ca662.appspot.com\",\"locationId\":\"us-central\"}","GCLOUD_PROJECT":"blog-ca662","EVENTARC_CLOUD_EVENT_SOURCE":"projects/blog-ca662/locations/us-central1/services/ssrblogca662","FUNCTION_TARGET":"ssrblogca662","LOG_EXECUTION_ID":"true"},"ingressSettings":"ALLOW_ALL","uri":"https://ssrblogca662-jfo7awey6a-uc.a.run.app","serviceAccountEmail":"284614412812-compute@developer.gserviceaccount.com","availableMemory":"256Mi","allTrafficOnLatestRevision":true,"revision":"ssrblogca662-00049-jak","maxInstanceRequestConcurrency":80,"availableCpu":"1"},"state":"ACTIVE","labels":{"deployment-tool":"cli-firebase","firebase-functions-codebase":"firebase-frameworks-blog-ca662","firebase-functions-hash":"3035f0f240ad132446f14cec3f6f98ec5be46102"},"environment":"GEN_2","url":"https://us-central1-blog-ca662.cloudfunctions.net/ssrblogca662","satisfiesPzi":true},"stages":[{"name":"BUILD","message":"Build in progress","state":"IN_PROGRESS","resource":"projects/284614412812/locations/us-central1/builds/05b0f0e5-0c80-4987-8313-a742c75b3e34","resourceUri":"https://console.cloud.google.com/cloud-build/builds;region=us-central1/05b0f0e5-0c80-4987-8313-a742c75b3e34?project=284614412812"},{"name":"SERVICE","state":"NOT_STARTED"}],"operationType":"UPDATE_FUNCTION","buildName":"projects/284614412812/locations/us-central1/builds/05b0f0e5-0c80-4987-8313-a742c75b3e34"},"done":false}
[debug] [2026-01-08T21:58:05.263Z] [update-firebase-frameworks-blog-ca662-us-central1-ssrblogca662] Retrying task index 0
[debug] [2026-01-08T21:58:05.263Z] Checked if tokens are valid: true, expires at: 1767910446517
[debug] [2026-01-08T21:58:05.263Z] Checked if tokens are valid: true, expires at: 1767910446517
[debug] [2026-01-08T21:58:05.263Z] >>> [apiv2][query] GET https://cloudfunctions.googleapis.com/v2/projects/blog-ca662/locations/us-central1/operations/operation-1767909479913-647e7808b96df-ce4d8597-58a5e5f3 [none]
[debug] [2026-01-08T21:58:05.415Z] <<< [apiv2][status] GET https://cloudfunctions.googleapis.com/v2/projects/blog-ca662/locations/us-central1/operations/operation-1767909479913-647e7808b96df-ce4d8597-58a5e5f3 200
[debug] [2026-01-08T21:58:05.415Z] <<< [apiv2][body] GET https://cloudfunctions.googleapis.com/v2/projects/blog-ca662/locations/us-central1/operations/operation-1767909479913-647e7808b96df-ce4d8597-58a5e5f3 {"name":"projects/blog-ca662/locations/us-central1/operations/operation-1767909479913-647e7808b96df-ce4d8597-58a5e5f3","metadata":{"@type":"type.googleapis.com/google.cloud.functions.v2.OperationMetadata","createTime":"2026-01-08T21:58:00.762922284Z","target":"projects/blog-ca662/locations/us-central1/functions/ssrblogca662","verb":"update","cancelRequested":false,"apiVersion":"v2","requestResource":{"@type":"type.googleapis.com/google.cloud.functions.v2.Function","name":"projects/blog-ca662/locations/us-central1/functions/ssrblogca662","buildConfig":{"runtime":"nodejs20","entryPoint":"ssrblogca662","source":{"storageSource":{"bucket":"gcf-v2-sources-284614412812-us-central1","object":"ssrblogca662/function-source.zip","generation":"1767909480701365"}},"environmentVariables":{"GOOGLE_NODE_RUN_SCRIPTS":""},"dockerRepository":"projects/blog-ca662/locations/us-central1/repositories/gcf-artifacts","sourceProvenance":{"resolvedStorageSource":{"bucket":"gcf-v2-sources-284614412812-us-central1","object":"ssrblogca662/function-source.zip","generation":"1736828886967681"}},"dockerRegistry":"ARTIFACT_REGISTRY","serviceAccount":"projects/blog-ca662/serviceAccounts/284614412812-compute@developer.gserviceaccount.com","automaticUpdatePolicy":{}},"serviceConfig":{"service":"projects/blog-ca662/locations/us-central1/services/ssrblogca662","timeoutSeconds":60,"environmentVariables":{"VERCEL_URL":"blog-ca662.web.app","__FIREBASE_FRAMEWORKS_ENTRY__":"next.js","__FIREBASE_DEFAULTS__":"{\"config\":{\"projectId\":\"blog-ca662\",\"appId\":\"1:284614412812:web:1c1ccb42f7e0870875fc29\",\"storageBucket\":\"blog-ca662.appspot.com\",\"locationId\":\"us-central\",\"apiKey\":\"AIzaSyAvvbq7egmHbW1z6wy8N-0aNeKOUg1a0Q8\",\"authDomain\":\"blog-ca662.firebaseapp.com\",\"messagingSenderId\":\"284614412812\",\"measurementId\":\"G-R62489Y36G\",\"projectNumber\":\"284614412812\",\"version\":\"2\"},\"_authTokenSyncURL\":\"/__session\"}","FIREBASE_CONFIG":"{\"projectId\":\"blog-ca662\",\"storageBucket\":\"blog-ca662.appspot.com\",\"locationId\":\"us-central\"}","GCLOUD_PROJECT":"blog-ca662","EVENTARC_CLOUD_EVENT_SOURCE":"projects/blog-ca662/locations/us-central1/services/ssrblogca662","FUNCTION_TARGET":"ssrblogca662","LOG_EXECUTION_ID":"true"},"ingressSettings":"ALLOW_ALL","uri":"https://ssrblogca662-jfo7awey6a-uc.a.run.app","serviceAccountEmail":"284614412812-compute@developer.gserviceaccount.com","availableMemory":"256Mi","allTrafficOnLatestRevision":true,"revision":"ssrblogca662-00049-jak","maxInstanceRequestConcurrency":80,"availableCpu":"1"},"state":"ACTIVE","labels":{"deployment-tool":"cli-firebase","firebase-functions-codebase":"firebase-frameworks-blog-ca662","firebase-functions-hash":"3035f0f240ad132446f14cec3f6f98ec5be46102"},"environment":"GEN_2","url":"https://us-central1-blog-ca662.cloudfunctions.net/ssrblogca662","satisfiesPzi":true},"stages":[{"name":"BUILD","message":"Build in progress","state":"IN_PROGRESS","resource":"projects/284614412812/locations/us-central1/builds/05b0f0e5-0c80-4987-8313-a742c75b3e34","resourceUri":"https://console.cloud.google.com/cloud-build/builds;region=us-central1/05b0f0e5-0c80-4987-8313-a742c75b3e34?project=284614412812"},{"name":"SERVICE","state":"NOT_STARTED"}],"operationType":"UPDATE_FUNCTION","buildName":"projects/284614412812/locations/us-central1/builds/05b0f0e5-0c80-4987-8313-a742c75b3e34"},"done":false}
[debug] [2026-01-08T21:58:13.416Z] [update-firebase-frameworks-blog-ca662-us-central1-ssrblogca662] Retrying task index 0
[debug] [2026-01-08T21:58:13.416Z] Checked if tokens are valid: true, expires at: 1767910446517
[debug] [2026-01-08T21:58:13.416Z] Checked if tokens are valid: true, expires at: 1767910446517
[debug] [2026-01-08T21:58:13.416Z] >>> [apiv2][query] GET https://cloudfunctions.googleapis.com/v2/projects/blog-ca662/locations/us-central1/operations/operation-1767909479913-647e7808b96df-ce4d8597-58a5e5f3 [none]
[debug] [2026-01-08T21:58:13.848Z] <<< [apiv2][status] GET https://cloudfunctions.googleapis.com/v2/projects/blog-ca662/locations/us-central1/operations/operation-1767909479913-647e7808b96df-ce4d8597-58a5e5f3 200
[debug] [2026-01-08T21:58:13.848Z] <<< [apiv2][body] GET https://cloudfunctions.googleapis.com/v2/projects/blog-ca662/locations/us-central1/operations/operation-1767909479913-647e7808b96df-ce4d8597-58a5e5f3 {"name":"projects/blog-ca662/locations/us-central1/operations/operation-1767909479913-647e7808b96df-ce4d8597-58a5e5f3","metadata":{"@type":"type.googleapis.com/google.cloud.functions.v2.OperationMetadata","createTime":"2026-01-08T21:58:00.762922284Z","target":"projects/blog-ca662/locations/us-central1/functions/ssrblogca662","verb":"update","cancelRequested":false,"apiVersion":"v2","requestResource":{"@type":"type.googleapis.com/google.cloud.functions.v2.Function","name":"projects/blog-ca662/locations/us-central1/functions/ssrblogca662","buildConfig":{"runtime":"nodejs20","entryPoint":"ssrblogca662","source":{"storageSource":{"bucket":"gcf-v2-sources-284614412812-us-central1","object":"ssrblogca662/function-source.zip","generation":"1767909480701365"}},"environmentVariables":{"GOOGLE_NODE_RUN_SCRIPTS":""},"dockerRepository":"projects/blog-ca662/locations/us-central1/repositories/gcf-artifacts","sourceProvenance":{"resolvedStorageSource":{"bucket":"gcf-v2-sources-284614412812-us-central1","object":"ssrblogca662/function-source.zip","generation":"1736828886967681"}},"dockerRegistry":"ARTIFACT_REGISTRY","serviceAccount":"projects/blog-ca662/serviceAccounts/284614412812-compute@developer.gserviceaccount.com","automaticUpdatePolicy":{}},"serviceConfig":{"service":"projects/blog-ca662/locations/us-central1/services/ssrblogca662","timeoutSeconds":60,"environmentVariables":{"VERCEL_URL":"blog-ca662.web.app","__FIREBASE_FRAMEWORKS_ENTRY__":"next.js","__FIREBASE_DEFAULTS__":"{\"config\":{\"projectId\":\"blog-ca662\",\"appId\":\"1:284614412812:web:1c1ccb42f7e0870875fc29\",\"storageBucket\":\"blog-ca662.appspot.com\",\"locationId\":\"us-central\",\"apiKey\":\"AIzaSyAvvbq7egmHbW1z6wy8N-0aNeKOUg1a0Q8\",\"authDomain\":\"blog-ca662.firebaseapp.com\",\"messagingSenderId\":\"284614412812\",\"measurementId\":\"G-R62489Y36G\",\"projectNumber\":\"284614412812\",\"version\":\"2\"},\"_authTokenSyncURL\":\"/__session\"}","FIREBASE_CONFIG":"{\"projectId\":\"blog-ca662\",\"storageBucket\":\"blog-ca662.appspot.com\",\"locationId\":\"us-central\"}","GCLOUD_PROJECT":"blog-ca662","EVENTARC_CLOUD_EVENT_SOURCE":"projects/blog-ca662/locations/us-central1/services/ssrblogca662","FUNCTION_TARGET":"ssrblogca662","LOG_EXECUTION_ID":"true"},"ingressSettings":"ALLOW_ALL","uri":"https://ssrblogca662-jfo7awey6a-uc.a.run.app","serviceAccountEmail":"284614412812-compute@developer.gserviceaccount.com","availableMemory":"256Mi","allTrafficOnLatestRevision":true,"revision":"ssrblogca662-00049-jak","maxInstanceRequestConcurrency":80,"availableCpu":"1"},"state":"ACTIVE","labels":{"deployment-tool":"cli-firebase","firebase-functions-codebase":"firebase-frameworks-blog-ca662","firebase-functions-hash":"3035f0f240ad132446f14cec3f6f98ec5be46102"},"environment":"GEN_2","url":"https://us-central1-blog-ca662.cloudfunctions.net/ssrblogca662","satisfiesPzi":true},"stages":[{"name":"BUILD","message":"Build in progress","state":"IN_PROGRESS","resource":"projects/284614412812/locations/us-central1/builds/05b0f0e5-0c80-4987-8313-a742c75b3e34","resourceUri":"https://console.cloud.google.com/cloud-build/builds;region=us-central1/05b0f0e5-0c80-4987-8313-a742c75b3e34?project=284614412812"},{"name":"SERVICE","state":"NOT_STARTED"}],"operationType":"UPDATE_FUNCTION","buildName":"projects/284614412812/locations/us-central1/builds/05b0f0e5-0c80-4987-8313-a742c75b3e34"},"done":false}
[debug] [2026-01-08T21:58:23.857Z] [update-firebase-frameworks-blog-ca662-us-central1-ssrblogca662] Retrying task index 0
[debug] [2026-01-08T21:58:23.857Z] Checked if tokens are valid: true, expires at: 1767910446517
[debug] [2026-01-08T21:58:23.857Z] Checked if tokens are valid: true, expires at: 1767910446517
[debug] [2026-01-08T21:58:23.857Z] >>> [apiv2][query] GET https://cloudfunctions.googleapis.com/v2/projects/blog-ca662/locations/us-central1/operations/operation-1767909479913-647e7808b96df-ce4d8597-58a5e5f3 [none]
[debug] [2026-01-08T21:58:24.275Z] <<< [apiv2][status] GET https://cloudfunctions.googleapis.com/v2/projects/blog-ca662/locations/us-central1/operations/operation-1767909479913-647e7808b96df-ce4d8597-58a5e5f3 200
[debug] [2026-01-08T21:58:24.275Z] <<< [apiv2][body] GET https://cloudfunctions.googleapis.com/v2/projects/blog-ca662/locations/us-central1/operations/operation-1767909479913-647e7808b96df-ce4d8597-58a5e5f3 {"name":"projects/blog-ca662/locations/us-central1/operations/operation-1767909479913-647e7808b96df-ce4d8597-58a5e5f3","metadata":{"@type":"type.googleapis.com/google.cloud.functions.v2.OperationMetadata","createTime":"2026-01-08T21:58:00.762922284Z","target":"projects/blog-ca662/locations/us-central1/functions/ssrblogca662","verb":"update","cancelRequested":false,"apiVersion":"v2","requestResource":{"@type":"type.googleapis.com/google.cloud.functions.v2.Function","name":"projects/blog-ca662/locations/us-central1/functions/ssrblogca662","buildConfig":{"runtime":"nodejs20","entryPoint":"ssrblogca662","source":{"storageSource":{"bucket":"gcf-v2-sources-284614412812-us-central1","object":"ssrblogca662/function-source.zip","generation":"1767909480701365"}},"environmentVariables":{"GOOGLE_NODE_RUN_SCRIPTS":""},"dockerRepository":"projects/blog-ca662/locations/us-central1/repositories/gcf-artifacts","sourceProvenance":{"resolvedStorageSource":{"bucket":"gcf-v2-sources-284614412812-us-central1","object":"ssrblogca662/function-source.zip","generation":"1736828886967681"}},"dockerRegistry":"ARTIFACT_REGISTRY","serviceAccount":"projects/blog-ca662/serviceAccounts/284614412812-compute@developer.gserviceaccount.com","automaticUpdatePolicy":{}},"serviceConfig":{"service":"projects/blog-ca662/locations/us-central1/services/ssrblogca662","timeoutSeconds":60,"environmentVariables":{"VERCEL_URL":"blog-ca662.web.app","__FIREBASE_FRAMEWORKS_ENTRY__":"next.js","__FIREBASE_DEFAULTS__":"{\"config\":{\"projectId\":\"blog-ca662\",\"appId\":\"1:284614412812:web:1c1ccb42f7e0870875fc29\",\"storageBucket\":\"blog-ca662.appspot.com\",\"locationId\":\"us-central\",\"apiKey\":\"AIzaSyAvvbq7egmHbW1z6wy8N-0aNeKOUg1a0Q8\",\"authDomain\":\"blog-ca662.firebaseapp.com\",\"messagingSenderId\":\"284614412812\",\"measurementId\":\"G-R62489Y36G\",\"projectNumber\":\"284614412812\",\"version\":\"2\"},\"_authTokenSyncURL\":\"/__session\"}","FIREBASE_CONFIG":"{\"projectId\":\"blog-ca662\",\"storageBucket\":\"blog-ca662.appspot.com\",\"locationId\":\"us-central\"}","GCLOUD_PROJECT":"blog-ca662","EVENTARC_CLOUD_EVENT_SOURCE":"projects/blog-ca662/locations/us-central1/services/ssrblogca662","FUNCTION_TARGET":"ssrblogca662","LOG_EXECUTION_ID":"true"},"ingressSettings":"ALLOW_ALL","uri":"https://ssrblogca662-jfo7awey6a-uc.a.run.app","serviceAccountEmail":"284614412812-compute@developer.gserviceaccount.com","availableMemory":"256Mi","allTrafficOnLatestRevision":true,"revision":"ssrblogca662-00049-jak","maxInstanceRequestConcurrency":80,"availableCpu":"1"},"state":"ACTIVE","labels":{"deployment-tool":"cli-firebase","firebase-functions-codebase":"firebase-frameworks-blog-ca662","firebase-functions-hash":"3035f0f240ad132446f14cec3f6f98ec5be46102"},"environment":"GEN_2","url":"https://us-central1-blog-ca662.cloudfunctions.net/ssrblogca662","satisfiesPzi":true},"stages":[{"name":"BUILD","message":"Build in progress","state":"IN_PROGRESS","resource":"projects/284614412812/locations/us-central1/builds/05b0f0e5-0c80-4987-8313-a742c75b3e34","resourceUri":"https://console.cloud.google.com/cloud-build/builds;region=us-central1/05b0f0e5-0c80-4987-8313-a742c75b3e34?project=284614412812"},{"name":"SERVICE","state":"NOT_STARTED"}],"operationType":"UPDATE_FUNCTION","buildName":"projects/284614412812/locations/us-central1/builds/05b0f0e5-0c80-4987-8313-a742c75b3e34"},"done":false}
[debug] [2026-01-08T21:58:34.283Z] [update-firebase-frameworks-blog-ca662-us-central1-ssrblogca662] Retrying task index 0
[debug] [2026-01-08T21:58:34.283Z] Checked if tokens are valid: true, expires at: 1767910446517
[debug] [2026-01-08T21:58:34.284Z] Checked if tokens are valid: true, expires at: 1767910446517
[debug] [2026-01-08T21:58:34.284Z] >>> [apiv2][query] GET https://cloudfunctions.googleapis.com/v2/projects/blog-ca662/locations/us-central1/operations/operation-1767909479913-647e7808b96df-ce4d8597-58a5e5f3 [none]
[debug] [2026-01-08T21:58:34.706Z] <<< [apiv2][status] GET https://cloudfunctions.googleapis.com/v2/projects/blog-ca662/locations/us-central1/operations/operation-1767909479913-647e7808b96df-ce4d8597-58a5e5f3 200
[debug] [2026-01-08T21:58:34.706Z] <<< [apiv2][body] GET https://cloudfunctions.googleapis.com/v2/projects/blog-ca662/locations/us-central1/operations/operation-1767909479913-647e7808b96df-ce4d8597-58a5e5f3 {"name":"projects/blog-ca662/locations/us-central1/operations/operation-1767909479913-647e7808b96df-ce4d8597-58a5e5f3","metadata":{"@type":"type.googleapis.com/google.cloud.functions.v2.OperationMetadata","createTime":"2026-01-08T21:58:00.762922284Z","target":"projects/blog-ca662/locations/us-central1/functions/ssrblogca662","verb":"update","cancelRequested":false,"apiVersion":"v2","requestResource":{"@type":"type.googleapis.com/google.cloud.functions.v2.Function","name":"projects/blog-ca662/locations/us-central1/functions/ssrblogca662","buildConfig":{"runtime":"nodejs20","entryPoint":"ssrblogca662","source":{"storageSource":{"bucket":"gcf-v2-sources-284614412812-us-central1","object":"ssrblogca662/function-source.zip","generation":"1767909480701365"}},"environmentVariables":{"GOOGLE_NODE_RUN_SCRIPTS":""},"dockerRepository":"projects/blog-ca662/locations/us-central1/repositories/gcf-artifacts","sourceProvenance":{"resolvedStorageSource":{"bucket":"gcf-v2-sources-284614412812-us-central1","object":"ssrblogca662/function-source.zip","generation":"1736828886967681"}},"dockerRegistry":"ARTIFACT_REGISTRY","serviceAccount":"projects/blog-ca662/serviceAccounts/284614412812-compute@developer.gserviceaccount.com","automaticUpdatePolicy":{}},"serviceConfig":{"service":"projects/blog-ca662/locations/us-central1/services/ssrblogca662","timeoutSeconds":60,"environmentVariables":{"VERCEL_URL":"blog-ca662.web.app","__FIREBASE_FRAMEWORKS_ENTRY__":"next.js","__FIREBASE_DEFAULTS__":"{\"config\":{\"projectId\":\"blog-ca662\",\"appId\":\"1:284614412812:web:1c1ccb42f7e0870875fc29\",\"storageBucket\":\"blog-ca662.appspot.com\",\"locationId\":\"us-central\",\"apiKey\":\"AIzaSyAvvbq7egmHbW1z6wy8N-0aNeKOUg1a0Q8\",\"authDomain\":\"blog-ca662.firebaseapp.com\",\"messagingSenderId\":\"284614412812\",\"measurementId\":\"G-R62489Y36G\",\"projectNumber\":\"284614412812\",\"version\":\"2\"},\"_authTokenSyncURL\":\"/__session\"}","FIREBASE_CONFIG":"{\"projectId\":\"blog-ca662\",\"storageBucket\":\"blog-ca662.appspot.com\",\"locationId\":\"us-central\"}","GCLOUD_PROJECT":"blog-ca662","EVENTARC_CLOUD_EVENT_SOURCE":"projects/blog-ca662/locations/us-central1/services/ssrblogca662","FUNCTION_TARGET":"ssrblogca662","LOG_EXECUTION_ID":"true"},"ingressSettings":"ALLOW_ALL","uri":"https://ssrblogca662-jfo7awey6a-uc.a.run.app","serviceAccountEmail":"284614412812-compute@developer.gserviceaccount.com","availableMemory":"256Mi","allTrafficOnLatestRevision":true,"revision":"ssrblogca662-00049-jak","maxInstanceRequestConcurrency":80,"availableCpu":"1"},"state":"ACTIVE","labels":{"deployment-tool":"cli-firebase","firebase-functions-codebase":"firebase-frameworks-blog-ca662","firebase-functions-hash":"3035f0f240ad132446f14cec3f6f98ec5be46102"},"environment":"GEN_2","url":"https://us-central1-blog-ca662.cloudfunctions.net/ssrblogca662","satisfiesPzi":true},"stages":[{"name":"BUILD","message":"Build in progress","state":"IN_PROGRESS","resource":"projects/284614412812/locations/us-central1/builds/05b0f0e5-0c80-4987-8313-a742c75b3e34","resourceUri":"https://console.cloud.google.com/cloud-build/builds;region=us-central1/05b0f0e5-0c80-4987-8313-a742c75b3e34?project=284614412812"},{"name":"SERVICE","state":"NOT_STARTED"}],"operationType":"UPDATE_FUNCTION","buildName":"projects/284614412812/locations/us-central1/builds/05b0f0e5-0c80-4987-8313-a742c75b3e34"},"done":false}
[debug] [2026-01-08T21:58:44.721Z] [update-firebase-frameworks-blog-ca662-us-central1-ssrblogca662] Retrying task index 0
[debug] [2026-01-08T21:58:44.721Z] Checked if tokens are valid: true, expires at: 1767910446517
[debug] [2026-01-08T21:58:44.722Z] Checked if tokens are valid: true, expires at: 1767910446517
[debug] [2026-01-08T21:58:44.722Z] >>> [apiv2][query] GET https://cloudfunctions.googleapis.com/v2/projects/blog-ca662/locations/us-central1/operations/operation-1767909479913-647e7808b96df-ce4d8597-58a5e5f3 [none]
[debug] [2026-01-08T21:58:45.310Z] <<< [apiv2][status] GET https://cloudfunctions.googleapis.com/v2/projects/blog-ca662/locations/us-central1/operations/operation-1767909479913-647e7808b96df-ce4d8597-58a5e5f3 200
[debug] [2026-01-08T21:58:45.310Z] <<< [apiv2][body] GET https://cloudfunctions.googleapis.com/v2/projects/blog-ca662/locations/us-central1/operations/operation-1767909479913-647e7808b96df-ce4d8597-58a5e5f3 {"name":"projects/blog-ca662/locations/us-central1/operations/operation-1767909479913-647e7808b96df-ce4d8597-58a5e5f3","metadata":{"@type":"type.googleapis.com/google.cloud.functions.v2.OperationMetadata","createTime":"2026-01-08T21:58:00.762922284Z","target":"projects/blog-ca662/locations/us-central1/functions/ssrblogca662","verb":"update","cancelRequested":false,"apiVersion":"v2","requestResource":{"@type":"type.googleapis.com/google.cloud.functions.v2.Function","name":"projects/blog-ca662/locations/us-central1/functions/ssrblogca662","buildConfig":{"runtime":"nodejs20","entryPoint":"ssrblogca662","source":{"storageSource":{"bucket":"gcf-v2-sources-284614412812-us-central1","object":"ssrblogca662/function-source.zip","generation":"1767909480701365"}},"environmentVariables":{"GOOGLE_NODE_RUN_SCRIPTS":""},"dockerRepository":"projects/blog-ca662/locations/us-central1/repositories/gcf-artifacts","sourceProvenance":{"resolvedStorageSource":{"bucket":"gcf-v2-sources-284614412812-us-central1","object":"ssrblogca662/function-source.zip","generation":"1736828886967681"}},"dockerRegistry":"ARTIFACT_REGISTRY","serviceAccount":"projects/blog-ca662/serviceAccounts/284614412812-compute@developer.gserviceaccount.com","automaticUpdatePolicy":{}},"serviceConfig":{"service":"projects/blog-ca662/locations/us-central1/services/ssrblogca662","timeoutSeconds":60,"environmentVariables":{"VERCEL_URL":"blog-ca662.web.app","__FIREBASE_FRAMEWORKS_ENTRY__":"next.js","__FIREBASE_DEFAULTS__":"{\"config\":{\"projectId\":\"blog-ca662\",\"appId\":\"1:284614412812:web:1c1ccb42f7e0870875fc29\",\"storageBucket\":\"blog-ca662.appspot.com\",\"locationId\":\"us-central\",\"apiKey\":\"AIzaSyAvvbq7egmHbW1z6wy8N-0aNeKOUg1a0Q8\",\"authDomain\":\"blog-ca662.firebaseapp.com\",\"messagingSenderId\":\"284614412812\",\"measurementId\":\"G-R62489Y36G\",\"projectNumber\":\"284614412812\",\"version\":\"2\"},\"_authTokenSyncURL\":\"/__session\"}","FIREBASE_CONFIG":"{\"projectId\":\"blog-ca662\",\"storageBucket\":\"blog-ca662.appspot.com\",\"locationId\":\"us-central\"}","GCLOUD_PROJECT":"blog-ca662","EVENTARC_CLOUD_EVENT_SOURCE":"projects/blog-ca662/locations/us-central1/services/ssrblogca662","FUNCTION_TARGET":"ssrblogca662","LOG_EXECUTION_ID":"true"},"ingressSettings":"ALLOW_ALL","uri":"https://ssrblogca662-jfo7awey6a-uc.a.run.app","serviceAccountEmail":"284614412812-compute@developer.gserviceaccount.com","availableMemory":"256Mi","allTrafficOnLatestRevision":true,"revision":"ssrblogca662-00049-jak","maxInstanceRequestConcurrency":80,"availableCpu":"1"},"state":"ACTIVE","labels":{"deployment-tool":"cli-firebase","firebase-functions-codebase":"firebase-frameworks-blog-ca662","firebase-functions-hash":"3035f0f240ad132446f14cec3f6f98ec5be46102"},"environment":"GEN_2","url":"https://us-central1-blog-ca662.cloudfunctions.net/ssrblogca662","satisfiesPzi":true},"stages":[{"name":"BUILD","message":"Build in progress","state":"IN_PROGRESS","resource":"projects/284614412812/locations/us-central1/builds/05b0f0e5-0c80-4987-8313-a742c75b3e34","resourceUri":"https://console.cloud.google.com/cloud-build/builds;region=us-central1/05b0f0e5-0c80-4987-8313-a742c75b3e34?project=284614412812"},{"name":"SERVICE","state":"NOT_STARTED"}],"operationType":"UPDATE_FUNCTION","buildName":"projects/284614412812/locations/us-central1/builds/05b0f0e5-0c80-4987-8313-a742c75b3e34"},"done":false}
[debug] [2026-01-08T21:58:55.318Z] [update-firebase-frameworks-blog-ca662-us-central1-ssrblogca662] Retrying task index 0
[debug] [2026-01-08T21:58:55.318Z] Checked if tokens are valid: true, expires at: 1767910446517
[debug] [2026-01-08T21:58:55.318Z] Checked if tokens are valid: true, expires at: 1767910446517
[debug] [2026-01-08T21:58:55.318Z] >>> [apiv2][query] GET https://cloudfunctions.googleapis.com/v2/projects/blog-ca662/locations/us-central1/operations/operation-1767909479913-647e7808b96df-ce4d8597-58a5e5f3 [none]
[debug] [2026-01-08T21:58:55.771Z] <<< [apiv2][status] GET https://cloudfunctions.googleapis.com/v2/projects/blog-ca662/locations/us-central1/operations/operation-1767909479913-647e7808b96df-ce4d8597-58a5e5f3 200
[debug] [2026-01-08T21:58:55.772Z] <<< [apiv2][body] GET https://cloudfunctions.googleapis.com/v2/projects/blog-ca662/locations/us-central1/operations/operation-1767909479913-647e7808b96df-ce4d8597-58a5e5f3 {"name":"projects/blog-ca662/locations/us-central1/operations/operation-1767909479913-647e7808b96df-ce4d8597-58a5e5f3","metadata":{"@type":"type.googleapis.com/google.cloud.functions.v2.OperationMetadata","createTime":"2026-01-08T21:58:00.762922284Z","target":"projects/blog-ca662/locations/us-central1/functions/ssrblogca662","verb":"update","cancelRequested":false,"apiVersion":"v2","requestResource":{"@type":"type.googleapis.com/google.cloud.functions.v2.Function","name":"projects/blog-ca662/locations/us-central1/functions/ssrblogca662","buildConfig":{"runtime":"nodejs20","entryPoint":"ssrblogca662","source":{"storageSource":{"bucket":"gcf-v2-sources-284614412812-us-central1","object":"ssrblogca662/function-source.zip","generation":"1767909480701365"}},"environmentVariables":{"GOOGLE_NODE_RUN_SCRIPTS":""},"dockerRepository":"projects/blog-ca662/locations/us-central1/repositories/gcf-artifacts","sourceProvenance":{"resolvedStorageSource":{"bucket":"gcf-v2-sources-284614412812-us-central1","object":"ssrblogca662/function-source.zip","generation":"1736828886967681"}},"dockerRegistry":"ARTIFACT_REGISTRY","serviceAccount":"projects/blog-ca662/serviceAccounts/284614412812-compute@developer.gserviceaccount.com","automaticUpdatePolicy":{}},"serviceConfig":{"service":"projects/blog-ca662/locations/us-central1/services/ssrblogca662","timeoutSeconds":60,"environmentVariables":{"VERCEL_URL":"blog-ca662.web.app","__FIREBASE_FRAMEWORKS_ENTRY__":"next.js","__FIREBASE_DEFAULTS__":"{\"config\":{\"projectId\":\"blog-ca662\",\"appId\":\"1:284614412812:web:1c1ccb42f7e0870875fc29\",\"storageBucket\":\"blog-ca662.appspot.com\",\"locationId\":\"us-central\",\"apiKey\":\"AIzaSyAvvbq7egmHbW1z6wy8N-0aNeKOUg1a0Q8\",\"authDomain\":\"blog-ca662.firebaseapp.com\",\"messagingSenderId\":\"284614412812\",\"measurementId\":\"G-R62489Y36G\",\"projectNumber\":\"284614412812\",\"version\":\"2\"},\"_authTokenSyncURL\":\"/__session\"}","FIREBASE_CONFIG":"{\"projectId\":\"blog-ca662\",\"storageBucket\":\"blog-ca662.appspot.com\",\"locationId\":\"us-central\"}","GCLOUD_PROJECT":"blog-ca662","EVENTARC_CLOUD_EVENT_SOURCE":"projects/blog-ca662/locations/us-central1/services/ssrblogca662","FUNCTION_TARGET":"ssrblogca662","LOG_EXECUTION_ID":"true"},"ingressSettings":"ALLOW_ALL","uri":"https://ssrblogca662-jfo7awey6a-uc.a.run.app","serviceAccountEmail":"284614412812-compute@developer.gserviceaccount.com","availableMemory":"256Mi","allTrafficOnLatestRevision":true,"revision":"ssrblogca662-00049-jak","maxInstanceRequestConcurrency":80,"availableCpu":"1"},"state":"ACTIVE","labels":{"deployment-tool":"cli-firebase","firebase-functions-codebase":"firebase-frameworks-blog-ca662","firebase-functions-hash":"3035f0f240ad132446f14cec3f6f98ec5be46102"},"environment":"GEN_2","url":"https://us-central1-blog-ca662.cloudfunctions.net/ssrblogca662","satisfiesPzi":true},"stages":[{"name":"BUILD","message":"Build in progress","state":"IN_PROGRESS","resource":"projects/284614412812/locations/us-central1/builds/05b0f0e5-0c80-4987-8313-a742c75b3e34","resourceUri":"https://console.cloud.google.com/cloud-build/builds;region=us-central1/05b0f0e5-0c80-4987-8313-a742c75b3e34?project=284614412812"},{"name":"SERVICE","state":"NOT_STARTED"}],"operationType":"UPDATE_FUNCTION","buildName":"projects/284614412812/locations/us-central1/builds/05b0f0e5-0c80-4987-8313-a742c75b3e34"},"done":false}
[debug] [2026-01-08T21:59:05.783Z] [update-firebase-frameworks-blog-ca662-us-central1-ssrblogca662] Retrying task index 0
[debug] [2026-01-08T21:59:05.784Z] Checked if tokens are valid: true, expires at: 1767910446517
[debug] [2026-01-08T21:59:05.784Z] Checked if tokens are valid: true, expires at: 1767910446517
[debug] [2026-01-08T21:59:05.784Z] >>> [apiv2][query] GET https://cloudfunctions.googleapis.com/v2/projects/blog-ca662/locations/us-central1/operations/operation-1767909479913-647e7808b96df-ce4d8597-58a5e5f3 [none]
[debug] [2026-01-08T21:59:06.159Z] <<< [apiv2][status] GET https://cloudfunctions.googleapis.com/v2/projects/blog-ca662/locations/us-central1/operations/operation-1767909479913-647e7808b96df-ce4d8597-58a5e5f3 200
[debug] [2026-01-08T21:59:06.159Z] <<< [apiv2][body] GET https://cloudfunctions.googleapis.com/v2/projects/blog-ca662/locations/us-central1/operations/operation-1767909479913-647e7808b96df-ce4d8597-58a5e5f3 {"name":"projects/blog-ca662/locations/us-central1/operations/operation-1767909479913-647e7808b96df-ce4d8597-58a5e5f3","metadata":{"@type":"type.googleapis.com/google.cloud.functions.v2.OperationMetadata","createTime":"2026-01-08T21:58:00.762922284Z","target":"projects/blog-ca662/locations/us-central1/functions/ssrblogca662","verb":"update","cancelRequested":false,"apiVersion":"v2","requestResource":{"@type":"type.googleapis.com/google.cloud.functions.v2.Function","name":"projects/blog-ca662/locations/us-central1/functions/ssrblogca662","buildConfig":{"runtime":"nodejs20","entryPoint":"ssrblogca662","source":{"storageSource":{"bucket":"gcf-v2-sources-284614412812-us-central1","object":"ssrblogca662/function-source.zip","generation":"1767909480701365"}},"environmentVariables":{"GOOGLE_NODE_RUN_SCRIPTS":""},"dockerRepository":"projects/blog-ca662/locations/us-central1/repositories/gcf-artifacts","sourceProvenance":{"resolvedStorageSource":{"bucket":"gcf-v2-sources-284614412812-us-central1","object":"ssrblogca662/function-source.zip","generation":"1736828886967681"}},"dockerRegistry":"ARTIFACT_REGISTRY","serviceAccount":"projects/blog-ca662/serviceAccounts/284614412812-compute@developer.gserviceaccount.com","automaticUpdatePolicy":{}},"serviceConfig":{"service":"projects/blog-ca662/locations/us-central1/services/ssrblogca662","timeoutSeconds":60,"environmentVariables":{"VERCEL_URL":"blog-ca662.web.app","__FIREBASE_FRAMEWORKS_ENTRY__":"next.js","__FIREBASE_DEFAULTS__":"{\"config\":{\"projectId\":\"blog-ca662\",\"appId\":\"1:284614412812:web:1c1ccb42f7e0870875fc29\",\"storageBucket\":\"blog-ca662.appspot.com\",\"locationId\":\"us-central\",\"apiKey\":\"AIzaSyAvvbq7egmHbW1z6wy8N-0aNeKOUg1a0Q8\",\"authDomain\":\"blog-ca662.firebaseapp.com\",\"messagingSenderId\":\"284614412812\",\"measurementId\":\"G-R62489Y36G\",\"projectNumber\":\"284614412812\",\"version\":\"2\"},\"_authTokenSyncURL\":\"/__session\"}","FIREBASE_CONFIG":"{\"projectId\":\"blog-ca662\",\"storageBucket\":\"blog-ca662.appspot.com\",\"locationId\":\"us-central\"}","GCLOUD_PROJECT":"blog-ca662","EVENTARC_CLOUD_EVENT_SOURCE":"projects/blog-ca662/locations/us-central1/services/ssrblogca662","FUNCTION_TARGET":"ssrblogca662","LOG_EXECUTION_ID":"true"},"ingressSettings":"ALLOW_ALL","uri":"https://ssrblogca662-jfo7awey6a-uc.a.run.app","serviceAccountEmail":"284614412812-compute@developer.gserviceaccount.com","availableMemory":"256Mi","allTrafficOnLatestRevision":true,"revision":"ssrblogca662-00049-jak","maxInstanceRequestConcurrency":80,"availableCpu":"1"},"state":"ACTIVE","labels":{"deployment-tool":"cli-firebase","firebase-functions-codebase":"firebase-frameworks-blog-ca662","firebase-functions-hash":"3035f0f240ad132446f14cec3f6f98ec5be46102"},"environment":"GEN_2","url":"https://us-central1-blog-ca662.cloudfunctions.net/ssrblogca662","satisfiesPzi":true},"stages":[{"name":"BUILD","message":"Build in progress","state":"IN_PROGRESS","resource":"projects/284614412812/locations/us-central1/builds/05b0f0e5-0c80-4987-8313-a742c75b3e34","resourceUri":"https://console.cloud.google.com/cloud-build/builds;region=us-central1/05b0f0e5-0c80-4987-8313-a742c75b3e34?project=284614412812"},{"name":"SERVICE","state":"NOT_STARTED"}],"operationType":"UPDATE_FUNCTION","buildName":"projects/284614412812/locations/us-central1/builds/05b0f0e5-0c80-4987-8313-a742c75b3e34"},"done":false}
[debug] [2026-01-08T21:59:16.174Z] [update-firebase-frameworks-blog-ca662-us-central1-ssrblogca662] Retrying task index 0
[debug] [2026-01-08T21:59:16.175Z] Checked if tokens are valid: false, expires at: 1767910446517
[debug] [2026-01-08T21:59:16.175Z] Checked if tokens are valid: false, expires at: 1767910446517
[debug] [2026-01-08T21:59:16.175Z] > refreshing access token with scopes: []
[debug] [2026-01-08T21:59:16.176Z] >>> [apiv2][query] POST https://www.googleapis.com/oauth2/v3/token [none]
[debug] [2026-01-08T21:59:16.176Z] >>> [apiv2][body] POST https://www.googleapis.com/oauth2/v3/token [omitted]
[debug] [2026-01-08T21:59:16.592Z] <<< [apiv2][status] POST https://www.googleapis.com/oauth2/v3/token 200
[debug] [2026-01-08T21:59:16.592Z] <<< [apiv2][body] POST https://www.googleapis.com/oauth2/v3/token [omitted]
[debug] [2026-01-08T21:59:16.637Z] >>> [apiv2][query] GET https://cloudfunctions.googleapis.com/v2/projects/blog-ca662/locations/us-central1/operations/operation-1767909479913-647e7808b96df-ce4d8597-58a5e5f3 [none]
[debug] [2026-01-08T21:59:17.009Z] <<< [apiv2][status] GET https://cloudfunctions.googleapis.com/v2/projects/blog-ca662/locations/us-central1/operations/operation-1767909479913-647e7808b96df-ce4d8597-58a5e5f3 200
[debug] [2026-01-08T21:59:17.009Z] <<< [apiv2][body] GET https://cloudfunctions.googleapis.com/v2/projects/blog-ca662/locations/us-central1/operations/operation-1767909479913-647e7808b96df-ce4d8597-58a5e5f3 {"name":"projects/blog-ca662/locations/us-central1/operations/operation-1767909479913-647e7808b96df-ce4d8597-58a5e5f3","metadata":{"@type":"type.googleapis.com/google.cloud.functions.v2.OperationMetadata","createTime":"2026-01-08T21:58:00.762922284Z","target":"projects/blog-ca662/locations/us-central1/functions/ssrblogca662","verb":"update","cancelRequested":false,"apiVersion":"v2","requestResource":{"@type":"type.googleapis.com/google.cloud.functions.v2.Function","name":"projects/blog-ca662/locations/us-central1/functions/ssrblogca662","buildConfig":{"runtime":"nodejs20","entryPoint":"ssrblogca662","source":{"storageSource":{"bucket":"gcf-v2-sources-284614412812-us-central1","object":"ssrblogca662/function-source.zip","generation":"1767909480701365"}},"environmentVariables":{"GOOGLE_NODE_RUN_SCRIPTS":""},"dockerRepository":"projects/blog-ca662/locations/us-central1/repositories/gcf-artifacts","sourceProvenance":{"resolvedStorageSource":{"bucket":"gcf-v2-sources-284614412812-us-central1","object":"ssrblogca662/function-source.zip","generation":"1736828886967681"}},"dockerRegistry":"ARTIFACT_REGISTRY","serviceAccount":"projects/blog-ca662/serviceAccounts/284614412812-compute@developer.gserviceaccount.com","automaticUpdatePolicy":{}},"serviceConfig":{"service":"projects/blog-ca662/locations/us-central1/services/ssrblogca662","timeoutSeconds":60,"environmentVariables":{"VERCEL_URL":"blog-ca662.web.app","__FIREBASE_FRAMEWORKS_ENTRY__":"next.js","__FIREBASE_DEFAULTS__":"{\"config\":{\"projectId\":\"blog-ca662\",\"appId\":\"1:284614412812:web:1c1ccb42f7e0870875fc29\",\"storageBucket\":\"blog-ca662.appspot.com\",\"locationId\":\"us-central\",\"apiKey\":\"AIzaSyAvvbq7egmHbW1z6wy8N-0aNeKOUg1a0Q8\",\"authDomain\":\"blog-ca662.firebaseapp.com\",\"messagingSenderId\":\"284614412812\",\"measurementId\":\"G-R62489Y36G\",\"projectNumber\":\"284614412812\",\"version\":\"2\"},\"_authTokenSyncURL\":\"/__session\"}","FIREBASE_CONFIG":"{\"projectId\":\"blog-ca662\",\"storageBucket\":\"blog-ca662.appspot.com\",\"locationId\":\"us-central\"}","GCLOUD_PROJECT":"blog-ca662","EVENTARC_CLOUD_EVENT_SOURCE":"projects/blog-ca662/locations/us-central1/services/ssrblogca662","FUNCTION_TARGET":"ssrblogca662","LOG_EXECUTION_ID":"true"},"ingressSettings":"ALLOW_ALL","uri":"https://ssrblogca662-jfo7awey6a-uc.a.run.app","serviceAccountEmail":"284614412812-compute@developer.gserviceaccount.com","availableMemory":"256Mi","allTrafficOnLatestRevision":true,"revision":"ssrblogca662-00049-jak","maxInstanceRequestConcurrency":80,"availableCpu":"1"},"state":"ACTIVE","labels":{"deployment-tool":"cli-firebase","firebase-functions-codebase":"firebase-frameworks-blog-ca662","firebase-functions-hash":"3035f0f240ad132446f14cec3f6f98ec5be46102"},"environment":"GEN_2","url":"https://us-central1-blog-ca662.cloudfunctions.net/ssrblogca662","satisfiesPzi":true},"stages":[{"name":"BUILD","message":"Build in progress","state":"IN_PROGRESS","resource":"projects/284614412812/locations/us-central1/builds/05b0f0e5-0c80-4987-8313-a742c75b3e34","resourceUri":"https://console.cloud.google.com/cloud-build/builds;region=us-central1/05b0f0e5-0c80-4987-8313-a742c75b3e34?project=284614412812"},{"name":"SERVICE","state":"NOT_STARTED"}],"operationType":"UPDATE_FUNCTION","buildName":"projects/284614412812/locations/us-central1/builds/05b0f0e5-0c80-4987-8313-a742c75b3e34"},"done":false}
[debug] [2026-01-08T21:59:27.021Z] [update-firebase-frameworks-blog-ca662-us-central1-ssrblogca662] Retrying task index 0
[debug] [2026-01-08T21:59:27.022Z] Checked if tokens are valid: true, expires at: 1767913155592
[debug] [2026-01-08T21:59:27.022Z] Checked if tokens are valid: true, expires at: 1767913155592
[debug] [2026-01-08T21:59:27.022Z] >>> [apiv2][query] GET https://cloudfunctions.googleapis.com/v2/projects/blog-ca662/locations/us-central1/operations/operation-1767909479913-647e7808b96df-ce4d8597-58a5e5f3 [none]
[debug] [2026-01-08T21:59:27.444Z] <<< [apiv2][status] GET https://cloudfunctions.googleapis.com/v2/projects/blog-ca662/locations/us-central1/operations/operation-1767909479913-647e7808b96df-ce4d8597-58a5e5f3 200
[debug] [2026-01-08T21:59:27.444Z] <<< [apiv2][body] GET https://cloudfunctions.googleapis.com/v2/projects/blog-ca662/locations/us-central1/operations/operation-1767909479913-647e7808b96df-ce4d8597-58a5e5f3 {"name":"projects/blog-ca662/locations/us-central1/operations/operation-1767909479913-647e7808b96df-ce4d8597-58a5e5f3","metadata":{"@type":"type.googleapis.com/google.cloud.functions.v2.OperationMetadata","createTime":"2026-01-08T21:58:00.762922284Z","target":"projects/blog-ca662/locations/us-central1/functions/ssrblogca662","verb":"update","cancelRequested":false,"apiVersion":"v2","requestResource":{"@type":"type.googleapis.com/google.cloud.functions.v2.Function","name":"projects/blog-ca662/locations/us-central1/functions/ssrblogca662","buildConfig":{"runtime":"nodejs20","entryPoint":"ssrblogca662","source":{"storageSource":{"bucket":"gcf-v2-sources-284614412812-us-central1","object":"ssrblogca662/function-source.zip","generation":"1767909480701365"}},"environmentVariables":{"GOOGLE_NODE_RUN_SCRIPTS":""},"dockerRepository":"projects/blog-ca662/locations/us-central1/repositories/gcf-artifacts","sourceProvenance":{"resolvedStorageSource":{"bucket":"gcf-v2-sources-284614412812-us-central1","object":"ssrblogca662/function-source.zip","generation":"1736828886967681"}},"dockerRegistry":"ARTIFACT_REGISTRY","serviceAccount":"projects/blog-ca662/serviceAccounts/284614412812-compute@developer.gserviceaccount.com","automaticUpdatePolicy":{}},"serviceConfig":{"service":"projects/blog-ca662/locations/us-central1/services/ssrblogca662","timeoutSeconds":60,"environmentVariables":{"VERCEL_URL":"blog-ca662.web.app","__FIREBASE_FRAMEWORKS_ENTRY__":"next.js","__FIREBASE_DEFAULTS__":"{\"config\":{\"projectId\":\"blog-ca662\",\"appId\":\"1:284614412812:web:1c1ccb42f7e0870875fc29\",\"storageBucket\":\"blog-ca662.appspot.com\",\"locationId\":\"us-central\",\"apiKey\":\"AIzaSyAvvbq7egmHbW1z6wy8N-0aNeKOUg1a0Q8\",\"authDomain\":\"blog-ca662.firebaseapp.com\",\"messagingSenderId\":\"284614412812\",\"measurementId\":\"G-R62489Y36G\",\"projectNumber\":\"284614412812\",\"version\":\"2\"},\"_authTokenSyncURL\":\"/__session\"}","FIREBASE_CONFIG":"{\"projectId\":\"blog-ca662\",\"storageBucket\":\"blog-ca662.appspot.com\",\"locationId\":\"us-central\"}","GCLOUD_PROJECT":"blog-ca662","EVENTARC_CLOUD_EVENT_SOURCE":"projects/blog-ca662/locations/us-central1/services/ssrblogca662","FUNCTION_TARGET":"ssrblogca662","LOG_EXECUTION_ID":"true"},"ingressSettings":"ALLOW_ALL","uri":"https://ssrblogca662-jfo7awey6a-uc.a.run.app","serviceAccountEmail":"284614412812-compute@developer.gserviceaccount.com","availableMemory":"256Mi","allTrafficOnLatestRevision":true,"revision":"ssrblogca662-00049-jak","maxInstanceRequestConcurrency":80,"availableCpu":"1"},"state":"ACTIVE","labels":{"deployment-tool":"cli-firebase","firebase-functions-codebase":"firebase-frameworks-blog-ca662","firebase-functions-hash":"3035f0f240ad132446f14cec3f6f98ec5be46102"},"environment":"GEN_2","url":"https://us-central1-blog-ca662.cloudfunctions.net/ssrblogca662","satisfiesPzi":true},"stages":[{"name":"BUILD","message":"Build in progress","state":"IN_PROGRESS","resource":"projects/284614412812/locations/us-central1/builds/05b0f0e5-0c80-4987-8313-a742c75b3e34","resourceUri":"https://console.cloud.google.com/cloud-build/builds;region=us-central1/05b0f0e5-0c80-4987-8313-a742c75b3e34?project=284614412812"},{"name":"SERVICE","state":"NOT_STARTED"}],"operationType":"UPDATE_FUNCTION","buildName":"projects/284614412812/locations/us-central1/builds/05b0f0e5-0c80-4987-8313-a742c75b3e34"},"done":false}
[debug] [2026-01-08T21:59:37.455Z] [update-firebase-frameworks-blog-ca662-us-central1-ssrblogca662] Retrying task index 0
[debug] [2026-01-08T21:59:37.455Z] Checked if tokens are valid: true, expires at: 1767913155592
[debug] [2026-01-08T21:59:37.455Z] Checked if tokens are valid: true, expires at: 1767913155592
[debug] [2026-01-08T21:59:37.455Z] >>> [apiv2][query] GET https://cloudfunctions.googleapis.com/v2/projects/blog-ca662/locations/us-central1/operations/operation-1767909479913-647e7808b96df-ce4d8597-58a5e5f3 [none]
[debug] [2026-01-08T21:59:37.812Z] <<< [apiv2][status] GET https://cloudfunctions.googleapis.com/v2/projects/blog-ca662/locations/us-central1/operations/operation-1767909479913-647e7808b96df-ce4d8597-58a5e5f3 200
[debug] [2026-01-08T21:59:37.812Z] <<< [apiv2][body] GET https://cloudfunctions.googleapis.com/v2/projects/blog-ca662/locations/us-central1/operations/operation-1767909479913-647e7808b96df-ce4d8597-58a5e5f3 {"name":"projects/blog-ca662/locations/us-central1/operations/operation-1767909479913-647e7808b96df-ce4d8597-58a5e5f3","metadata":{"@type":"type.googleapis.com/google.cloud.functions.v2.OperationMetadata","createTime":"2026-01-08T21:58:00.762922284Z","target":"projects/blog-ca662/locations/us-central1/functions/ssrblogca662","verb":"update","cancelRequested":false,"apiVersion":"v2","requestResource":{"@type":"type.googleapis.com/google.cloud.functions.v2.Function","name":"projects/blog-ca662/locations/us-central1/functions/ssrblogca662","buildConfig":{"runtime":"nodejs20","entryPoint":"ssrblogca662","source":{"storageSource":{"bucket":"gcf-v2-sources-284614412812-us-central1","object":"ssrblogca662/function-source.zip","generation":"1767909480701365"}},"environmentVariables":{"GOOGLE_NODE_RUN_SCRIPTS":""},"dockerRepository":"projects/blog-ca662/locations/us-central1/repositories/gcf-artifacts","sourceProvenance":{"resolvedStorageSource":{"bucket":"gcf-v2-sources-284614412812-us-central1","object":"ssrblogca662/function-source.zip","generation":"1736828886967681"}},"dockerRegistry":"ARTIFACT_REGISTRY","serviceAccount":"projects/blog-ca662/serviceAccounts/284614412812-compute@developer.gserviceaccount.com","automaticUpdatePolicy":{}},"serviceConfig":{"service":"projects/blog-ca662/locations/us-central1/services/ssrblogca662","timeoutSeconds":60,"environmentVariables":{"VERCEL_URL":"blog-ca662.web.app","__FIREBASE_FRAMEWORKS_ENTRY__":"next.js","__FIREBASE_DEFAULTS__":"{\"config\":{\"projectId\":\"blog-ca662\",\"appId\":\"1:284614412812:web:1c1ccb42f7e0870875fc29\",\"storageBucket\":\"blog-ca662.appspot.com\",\"locationId\":\"us-central\",\"apiKey\":\"AIzaSyAvvbq7egmHbW1z6wy8N-0aNeKOUg1a0Q8\",\"authDomain\":\"blog-ca662.firebaseapp.com\",\"messagingSenderId\":\"284614412812\",\"measurementId\":\"G-R62489Y36G\",\"projectNumber\":\"284614412812\",\"version\":\"2\"},\"_authTokenSyncURL\":\"/__session\"}","FIREBASE_CONFIG":"{\"projectId\":\"blog-ca662\",\"storageBucket\":\"blog-ca662.appspot.com\",\"locationId\":\"us-central\"}","GCLOUD_PROJECT":"blog-ca662","EVENTARC_CLOUD_EVENT_SOURCE":"projects/blog-ca662/locations/us-central1/services/ssrblogca662","FUNCTION_TARGET":"ssrblogca662","LOG_EXECUTION_ID":"true"},"ingressSettings":"ALLOW_ALL","uri":"https://ssrblogca662-jfo7awey6a-uc.a.run.app","serviceAccountEmail":"284614412812-compute@developer.gserviceaccount.com","availableMemory":"256Mi","allTrafficOnLatestRevision":true,"revision":"ssrblogca662-00049-jak","maxInstanceRequestConcurrency":80,"availableCpu":"1"},"state":"ACTIVE","labels":{"deployment-tool":"cli-firebase","firebase-functions-codebase":"firebase-frameworks-blog-ca662","firebase-functions-hash":"3035f0f240ad132446f14cec3f6f98ec5be46102"},"environment":"GEN_2","url":"https://us-central1-blog-ca662.cloudfunctions.net/ssrblogca662","satisfiesPzi":true},"stages":[{"name":"BUILD","message":"Build in progress","state":"IN_PROGRESS","resource":"projects/284614412812/locations/us-central1/builds/05b0f0e5-0c80-4987-8313-a742c75b3e34","resourceUri":"https://console.cloud.google.com/cloud-build/builds;region=us-central1/05b0f0e5-0c80-4987-8313-a742c75b3e34?project=284614412812"},{"name":"SERVICE","state":"NOT_STARTED"}],"operationType":"UPDATE_FUNCTION","buildName":"projects/284614412812/locations/us-central1/builds/05b0f0e5-0c80-4987-8313-a742c75b3e34"},"done":false}
[debug] [2026-01-08T21:59:47.818Z] [update-firebase-frameworks-blog-ca662-us-central1-ssrblogca662] Retrying task index 0
[debug] [2026-01-08T21:59:47.819Z] Checked if tokens are valid: true, expires at: 1767913155592
[debug] [2026-01-08T21:59:47.819Z] Checked if tokens are valid: true, expires at: 1767913155592
[debug] [2026-01-08T21:59:47.819Z] >>> [apiv2][query] GET https://cloudfunctions.googleapis.com/v2/projects/blog-ca662/locations/us-central1/operations/operation-1767909479913-647e7808b96df-ce4d8597-58a5e5f3 [none]
[debug] [2026-01-08T21:59:57.521Z] <<< [apiv2][status] GET https://cloudfunctions.googleapis.com/v2/projects/blog-ca662/locations/us-central1/operations/operation-1767909479913-647e7808b96df-ce4d8597-58a5e5f3 200
[debug] [2026-01-08T21:59:57.521Z] <<< [apiv2][body] GET https://cloudfunctions.googleapis.com/v2/projects/blog-ca662/locations/us-central1/operations/operation-1767909479913-647e7808b96df-ce4d8597-58a5e5f3 {"name":"projects/blog-ca662/locations/us-central1/operations/operation-1767909479913-647e7808b96df-ce4d8597-58a5e5f3","metadata":{"@type":"type.googleapis.com/google.cloud.functions.v2.OperationMetadata","createTime":"2026-01-08T21:58:00.762922284Z","target":"projects/blog-ca662/locations/us-central1/functions/ssrblogca662","verb":"update","cancelRequested":false,"apiVersion":"v2","requestResource":{"@type":"type.googleapis.com/google.cloud.functions.v2.Function","name":"projects/blog-ca662/locations/us-central1/functions/ssrblogca662","buildConfig":{"runtime":"nodejs20","entryPoint":"ssrblogca662","source":{"storageSource":{"bucket":"gcf-v2-sources-284614412812-us-central1","object":"ssrblogca662/function-source.zip","generation":"1767909480701365"}},"environmentVariables":{"GOOGLE_NODE_RUN_SCRIPTS":""},"dockerRepository":"projects/blog-ca662/locations/us-central1/repositories/gcf-artifacts","sourceProvenance":{"resolvedStorageSource":{"bucket":"gcf-v2-sources-284614412812-us-central1","object":"ssrblogca662/function-source.zip","generation":"1736828886967681"}},"dockerRegistry":"ARTIFACT_REGISTRY","serviceAccount":"projects/blog-ca662/serviceAccounts/284614412812-compute@developer.gserviceaccount.com","automaticUpdatePolicy":{}},"serviceConfig":{"service":"projects/blog-ca662/locations/us-central1/services/ssrblogca662","timeoutSeconds":60,"environmentVariables":{"VERCEL_URL":"blog-ca662.web.app","__FIREBASE_FRAMEWORKS_ENTRY__":"next.js","__FIREBASE_DEFAULTS__":"{\"config\":{\"projectId\":\"blog-ca662\",\"appId\":\"1:284614412812:web:1c1ccb42f7e0870875fc29\",\"storageBucket\":\"blog-ca662.appspot.com\",\"locationId\":\"us-central\",\"apiKey\":\"AIzaSyAvvbq7egmHbW1z6wy8N-0aNeKOUg1a0Q8\",\"authDomain\":\"blog-ca662.firebaseapp.com\",\"messagingSenderId\":\"284614412812\",\"measurementId\":\"G-R62489Y36G\",\"projectNumber\":\"284614412812\",\"version\":\"2\"},\"_authTokenSyncURL\":\"/__session\"}","FIREBASE_CONFIG":"{\"projectId\":\"blog-ca662\",\"storageBucket\":\"blog-ca662.appspot.com\",\"locationId\":\"us-central\"}","GCLOUD_PROJECT":"blog-ca662","EVENTARC_CLOUD_EVENT_SOURCE":"projects/blog-ca662/locations/us-central1/services/ssrblogca662","FUNCTION_TARGET":"ssrblogca662","LOG_EXECUTION_ID":"true"},"ingressSettings":"ALLOW_ALL","uri":"https://ssrblogca662-jfo7awey6a-uc.a.run.app","serviceAccountEmail":"284614412812-compute@developer.gserviceaccount.com","availableMemory":"256Mi","allTrafficOnLatestRevision":true,"revision":"ssrblogca662-00049-jak","maxInstanceRequestConcurrency":80,"availableCpu":"1"},"state":"ACTIVE","labels":{"deployment-tool":"cli-firebase","firebase-functions-codebase":"firebase-frameworks-blog-ca662","firebase-functions-hash":"3035f0f240ad132446f14cec3f6f98ec5be46102"},"environment":"GEN_2","url":"https://us-central1-blog-ca662.cloudfunctions.net/ssrblogca662","satisfiesPzi":true},"stages":[{"name":"BUILD","message":"Build in progress","state":"IN_PROGRESS","resource":"projects/284614412812/locations/us-central1/builds/05b0f0e5-0c80-4987-8313-a742c75b3e34","resourceUri":"https://console.cloud.google.com/cloud-build/builds;region=us-central1/05b0f0e5-0c80-4987-8313-a742c75b3e34?project=284614412812"},{"name":"SERVICE","state":"NOT_STARTED"}],"operationType":"UPDATE_FUNCTION","buildName":"projects/284614412812/locations/us-central1/builds/05b0f0e5-0c80-4987-8313-a742c75b3e34"},"done":false}
[debug] [2026-01-08T22:00:07.522Z] [update-firebase-frameworks-blog-ca662-us-central1-ssrblogca662] Retrying task index 0
[debug] [2026-01-08T22:00:07.522Z] Checked if tokens are valid: true, expires at: 1767913155592
[debug] [2026-01-08T22:00:07.522Z] Checked if tokens are valid: true, expires at: 1767913155592
[debug] [2026-01-08T22:00:07.522Z] >>> [apiv2][query] GET https://cloudfunctions.googleapis.com/v2/projects/blog-ca662/locations/us-central1/operations/operation-1767909479913-647e7808b96df-ce4d8597-58a5e5f3 [none]
[debug] [2026-01-08T22:00:07.919Z] <<< [apiv2][status] GET https://cloudfunctions.googleapis.com/v2/projects/blog-ca662/locations/us-central1/operations/operation-1767909479913-647e7808b96df-ce4d8597-58a5e5f3 200
[debug] [2026-01-08T22:00:07.919Z] <<< [apiv2][body] GET https://cloudfunctions.googleapis.com/v2/projects/blog-ca662/locations/us-central1/operations/operation-1767909479913-647e7808b96df-ce4d8597-58a5e5f3 {"name":"projects/blog-ca662/locations/us-central1/operations/operation-1767909479913-647e7808b96df-ce4d8597-58a5e5f3","metadata":{"@type":"type.googleapis.com/google.cloud.functions.v2.OperationMetadata","createTime":"2026-01-08T21:58:00.762922284Z","target":"projects/blog-ca662/locations/us-central1/functions/ssrblogca662","verb":"update","cancelRequested":false,"apiVersion":"v2","requestResource":{"@type":"type.googleapis.com/google.cloud.functions.v2.Function","name":"projects/blog-ca662/locations/us-central1/functions/ssrblogca662","buildConfig":{"runtime":"nodejs20","entryPoint":"ssrblogca662","source":{"storageSource":{"bucket":"gcf-v2-sources-284614412812-us-central1","object":"ssrblogca662/function-source.zip","generation":"1767909480701365"}},"environmentVariables":{"GOOGLE_NODE_RUN_SCRIPTS":""},"dockerRepository":"projects/blog-ca662/locations/us-central1/repositories/gcf-artifacts","sourceProvenance":{"resolvedStorageSource":{"bucket":"gcf-v2-sources-284614412812-us-central1","object":"ssrblogca662/function-source.zip","generation":"1736828886967681"}},"dockerRegistry":"ARTIFACT_REGISTRY","serviceAccount":"projects/blog-ca662/serviceAccounts/284614412812-compute@developer.gserviceaccount.com","automaticUpdatePolicy":{}},"serviceConfig":{"service":"projects/blog-ca662/locations/us-central1/services/ssrblogca662","timeoutSeconds":60,"environmentVariables":{"VERCEL_URL":"blog-ca662.web.app","__FIREBASE_FRAMEWORKS_ENTRY__":"next.js","__FIREBASE_DEFAULTS__":"{\"config\":{\"projectId\":\"blog-ca662\",\"appId\":\"1:284614412812:web:1c1ccb42f7e0870875fc29\",\"storageBucket\":\"blog-ca662.appspot.com\",\"locationId\":\"us-central\",\"apiKey\":\"AIzaSyAvvbq7egmHbW1z6wy8N-0aNeKOUg1a0Q8\",\"authDomain\":\"blog-ca662.firebaseapp.com\",\"messagingSenderId\":\"284614412812\",\"measurementId\":\"G-R62489Y36G\",\"projectNumber\":\"284614412812\",\"version\":\"2\"},\"_authTokenSyncURL\":\"/__session\"}","FIREBASE_CONFIG":"{\"projectId\":\"blog-ca662\",\"storageBucket\":\"blog-ca662.appspot.com\",\"locationId\":\"us-central\"}","GCLOUD_PROJECT":"blog-ca662","EVENTARC_CLOUD_EVENT_SOURCE":"projects/blog-ca662/locations/us-central1/services/ssrblogca662","FUNCTION_TARGET":"ssrblogca662","LOG_EXECUTION_ID":"true"},"ingressSettings":"ALLOW_ALL","uri":"https://ssrblogca662-jfo7awey6a-uc.a.run.app","serviceAccountEmail":"284614412812-compute@developer.gserviceaccount.com","availableMemory":"256Mi","allTrafficOnLatestRevision":true,"revision":"ssrblogca662-00049-jak","maxInstanceRequestConcurrency":80,"availableCpu":"1"},"state":"ACTIVE","labels":{"deployment-tool":"cli-firebase","firebase-functions-codebase":"firebase-frameworks-blog-ca662","firebase-functions-hash":"3035f0f240ad132446f14cec3f6f98ec5be46102"},"environment":"GEN_2","url":"https://us-central1-blog-ca662.cloudfunctions.net/ssrblogca662","satisfiesPzi":true},"stages":[{"name":"BUILD","message":"Build in progress","state":"IN_PROGRESS","resource":"projects/284614412812/locations/us-central1/builds/05b0f0e5-0c80-4987-8313-a742c75b3e34","resourceUri":"https://console.cloud.google.com/cloud-build/builds;region=us-central1/05b0f0e5-0c80-4987-8313-a742c75b3e34?project=284614412812"},{"name":"SERVICE","state":"NOT_STARTED"}],"operationType":"UPDATE_FUNCTION","buildName":"projects/284614412812/locations/us-central1/builds/05b0f0e5-0c80-4987-8313-a742c75b3e34"},"done":false}
[debug] [2026-01-08T22:00:17.922Z] [update-firebase-frameworks-blog-ca662-us-central1-ssrblogca662] Retrying task index 0
[debug] [2026-01-08T22:00:17.923Z] Checked if tokens are valid: true, expires at: 1767913155592
[debug] [2026-01-08T22:00:17.923Z] Checked if tokens are valid: true, expires at: 1767913155592
[debug] [2026-01-08T22:00:17.923Z] >>> [apiv2][query] GET https://cloudfunctions.googleapis.com/v2/projects/blog-ca662/locations/us-central1/operations/operation-1767909479913-647e7808b96df-ce4d8597-58a5e5f3 [none]
[debug] [2026-01-08T22:00:18.494Z] <<< [apiv2][status] GET https://cloudfunctions.googleapis.com/v2/projects/blog-ca662/locations/us-central1/operations/operation-1767909479913-647e7808b96df-ce4d8597-58a5e5f3 200
[debug] [2026-01-08T22:00:18.494Z] <<< [apiv2][body] GET https://cloudfunctions.googleapis.com/v2/projects/blog-ca662/locations/us-central1/operations/operation-1767909479913-647e7808b96df-ce4d8597-58a5e5f3 {"name":"projects/blog-ca662/locations/us-central1/operations/operation-1767909479913-647e7808b96df-ce4d8597-58a5e5f3","metadata":{"@type":"type.googleapis.com/google.cloud.functions.v2.OperationMetadata","createTime":"2026-01-08T21:58:00.762922284Z","target":"projects/blog-ca662/locations/us-central1/functions/ssrblogca662","verb":"update","cancelRequested":false,"apiVersion":"v2","requestResource":{"@type":"type.googleapis.com/google.cloud.functions.v2.Function","name":"projects/blog-ca662/locations/us-central1/functions/ssrblogca662","buildConfig":{"runtime":"nodejs20","entryPoint":"ssrblogca662","source":{"storageSource":{"bucket":"gcf-v2-sources-284614412812-us-central1","object":"ssrblogca662/function-source.zip","generation":"1767909480701365"}},"environmentVariables":{"GOOGLE_NODE_RUN_SCRIPTS":""},"dockerRepository":"projects/blog-ca662/locations/us-central1/repositories/gcf-artifacts","sourceProvenance":{"resolvedStorageSource":{"bucket":"gcf-v2-sources-284614412812-us-central1","object":"ssrblogca662/function-source.zip","generation":"1736828886967681"}},"dockerRegistry":"ARTIFACT_REGISTRY","serviceAccount":"projects/blog-ca662/serviceAccounts/284614412812-compute@developer.gserviceaccount.com","automaticUpdatePolicy":{}},"serviceConfig":{"service":"projects/blog-ca662/locations/us-central1/services/ssrblogca662","timeoutSeconds":60,"environmentVariables":{"VERCEL_URL":"blog-ca662.web.app","__FIREBASE_FRAMEWORKS_ENTRY__":"next.js","__FIREBASE_DEFAULTS__":"{\"config\":{\"projectId\":\"blog-ca662\",\"appId\":\"1:284614412812:web:1c1ccb42f7e0870875fc29\",\"storageBucket\":\"blog-ca662.appspot.com\",\"locationId\":\"us-central\",\"apiKey\":\"AIzaSyAvvbq7egmHbW1z6wy8N-0aNeKOUg1a0Q8\",\"authDomain\":\"blog-ca662.firebaseapp.com\",\"messagingSenderId\":\"284614412812\",\"measurementId\":\"G-R62489Y36G\",\"projectNumber\":\"284614412812\",\"version\":\"2\"},\"_authTokenSyncURL\":\"/__session\"}","FIREBASE_CONFIG":"{\"projectId\":\"blog-ca662\",\"storageBucket\":\"blog-ca662.appspot.com\",\"locationId\":\"us-central\"}","GCLOUD_PROJECT":"blog-ca662","EVENTARC_CLOUD_EVENT_SOURCE":"projects/blog-ca662/locations/us-central1/services/ssrblogca662","FUNCTION_TARGET":"ssrblogca662","LOG_EXECUTION_ID":"true"},"ingressSettings":"ALLOW_ALL","uri":"https://ssrblogca662-jfo7awey6a-uc.a.run.app","serviceAccountEmail":"284614412812-compute@developer.gserviceaccount.com","availableMemory":"256Mi","allTrafficOnLatestRevision":true,"revision":"ssrblogca662-00049-jak","maxInstanceRequestConcurrency":80,"availableCpu":"1"},"state":"ACTIVE","labels":{"deployment-tool":"cli-firebase","firebase-functions-codebase":"firebase-frameworks-blog-ca662","firebase-functions-hash":"3035f0f240ad132446f14cec3f6f98ec5be46102"},"environment":"GEN_2","url":"https://us-central1-blog-ca662.cloudfunctions.net/ssrblogca662","satisfiesPzi":true},"stages":[{"name":"BUILD","message":"Build in progress","state":"IN_PROGRESS","resource":"projects/284614412812/locations/us-central1/builds/05b0f0e5-0c80-4987-8313-a742c75b3e34","resourceUri":"https://console.cloud.google.com/cloud-build/builds;region=us-central1/05b0f0e5-0c80-4987-8313-a742c75b3e34?project=284614412812"},{"name":"SERVICE","state":"NOT_STARTED"}],"operationType":"UPDATE_FUNCTION","buildName":"projects/284614412812/locations/us-central1/builds/05b0f0e5-0c80-4987-8313-a742c75b3e34"},"done":false}
[debug] [2026-01-08T22:00:28.503Z] [update-firebase-frameworks-blog-ca662-us-central1-ssrblogca662] Retrying task index 0
[debug] [2026-01-08T22:00:28.503Z] Checked if tokens are valid: true, expires at: 1767913155592
[debug] [2026-01-08T22:00:28.503Z] Checked if tokens are valid: true, expires at: 1767913155592
[debug] [2026-01-08T22:00:28.503Z] >>> [apiv2][query] GET https://cloudfunctions.googleapis.com/v2/projects/blog-ca662/locations/us-central1/operations/operation-1767909479913-647e7808b96df-ce4d8597-58a5e5f3 [none]
[debug] [2026-01-08T22:00:28.928Z] <<< [apiv2][status] GET https://cloudfunctions.googleapis.com/v2/projects/blog-ca662/locations/us-central1/operations/operation-1767909479913-647e7808b96df-ce4d8597-58a5e5f3 200
[debug] [2026-01-08T22:00:28.928Z] <<< [apiv2][body] GET https://cloudfunctions.googleapis.com/v2/projects/blog-ca662/locations/us-central1/operations/operation-1767909479913-647e7808b96df-ce4d8597-58a5e5f3 {"name":"projects/blog-ca662/locations/us-central1/operations/operation-1767909479913-647e7808b96df-ce4d8597-58a5e5f3","metadata":{"@type":"type.googleapis.com/google.cloud.functions.v2.OperationMetadata","createTime":"2026-01-08T21:58:00.762922284Z","target":"projects/blog-ca662/locations/us-central1/functions/ssrblogca662","verb":"update","cancelRequested":false,"apiVersion":"v2","requestResource":{"@type":"type.googleapis.com/google.cloud.functions.v2.Function","name":"projects/blog-ca662/locations/us-central1/functions/ssrblogca662","buildConfig":{"runtime":"nodejs20","entryPoint":"ssrblogca662","source":{"storageSource":{"bucket":"gcf-v2-sources-284614412812-us-central1","object":"ssrblogca662/function-source.zip","generation":"1767909480701365"}},"environmentVariables":{"GOOGLE_NODE_RUN_SCRIPTS":""},"dockerRepository":"projects/blog-ca662/locations/us-central1/repositories/gcf-artifacts","sourceProvenance":{"resolvedStorageSource":{"bucket":"gcf-v2-sources-284614412812-us-central1","object":"ssrblogca662/function-source.zip","generation":"1736828886967681"}},"dockerRegistry":"ARTIFACT_REGISTRY","serviceAccount":"projects/blog-ca662/serviceAccounts/284614412812-compute@developer.gserviceaccount.com","automaticUpdatePolicy":{}},"serviceConfig":{"service":"projects/blog-ca662/locations/us-central1/services/ssrblogca662","timeoutSeconds":60,"environmentVariables":{"VERCEL_URL":"blog-ca662.web.app","__FIREBASE_FRAMEWORKS_ENTRY__":"next.js","__FIREBASE_DEFAULTS__":"{\"config\":{\"projectId\":\"blog-ca662\",\"appId\":\"1:284614412812:web:1c1ccb42f7e0870875fc29\",\"storageBucket\":\"blog-ca662.appspot.com\",\"locationId\":\"us-central\",\"apiKey\":\"AIzaSyAvvbq7egmHbW1z6wy8N-0aNeKOUg1a0Q8\",\"authDomain\":\"blog-ca662.firebaseapp.com\",\"messagingSenderId\":\"284614412812\",\"measurementId\":\"G-R62489Y36G\",\"projectNumber\":\"284614412812\",\"version\":\"2\"},\"_authTokenSyncURL\":\"/__session\"}","FIREBASE_CONFIG":"{\"projectId\":\"blog-ca662\",\"storageBucket\":\"blog-ca662.appspot.com\",\"locationId\":\"us-central\"}","GCLOUD_PROJECT":"blog-ca662","EVENTARC_CLOUD_EVENT_SOURCE":"projects/blog-ca662/locations/us-central1/services/ssrblogca662","FUNCTION_TARGET":"ssrblogca662","LOG_EXECUTION_ID":"true"},"ingressSettings":"ALLOW_ALL","uri":"https://ssrblogca662-jfo7awey6a-uc.a.run.app","serviceAccountEmail":"284614412812-compute@developer.gserviceaccount.com","availableMemory":"256Mi","allTrafficOnLatestRevision":true,"revision":"ssrblogca662-00049-jak","maxInstanceRequestConcurrency":80,"availableCpu":"1"},"state":"ACTIVE","labels":{"deployment-tool":"cli-firebase","firebase-functions-codebase":"firebase-frameworks-blog-ca662","firebase-functions-hash":"3035f0f240ad132446f14cec3f6f98ec5be46102"},"environment":"GEN_2","url":"https://us-central1-blog-ca662.cloudfunctions.net/ssrblogca662","satisfiesPzi":true},"stages":[{"name":"BUILD","message":"Build in progress","state":"IN_PROGRESS","resource":"projects/284614412812/locations/us-central1/builds/05b0f0e5-0c80-4987-8313-a742c75b3e34","resourceUri":"https://console.cloud.google.com/cloud-build/builds;region=us-central1/05b0f0e5-0c80-4987-8313-a742c75b3e34?project=284614412812"},{"name":"SERVICE","state":"NOT_STARTED"}],"operationType":"UPDATE_FUNCTION","buildName":"projects/284614412812/locations/us-central1/builds/05b0f0e5-0c80-4987-8313-a742c75b3e34"},"done":false}
[debug] [2026-01-08T22:00:38.940Z] [update-firebase-frameworks-blog-ca662-us-central1-ssrblogca662] Retrying task index 0
[debug] [2026-01-08T22:00:38.940Z] Checked if tokens are valid: true, expires at: 1767913155592
[debug] [2026-01-08T22:00:38.940Z] Checked if tokens are valid: true, expires at: 1767913155592
[debug] [2026-01-08T22:00:38.940Z] >>> [apiv2][query] GET https://cloudfunctions.googleapis.com/v2/projects/blog-ca662/locations/us-central1/operations/operation-1767909479913-647e7808b96df-ce4d8597-58a5e5f3 [none]
[debug] [2026-01-08T22:00:39.908Z] <<< [apiv2][status] GET https://cloudfunctions.googleapis.com/v2/projects/blog-ca662/locations/us-central1/operations/operation-1767909479913-647e7808b96df-ce4d8597-58a5e5f3 200
[debug] [2026-01-08T22:00:39.909Z] <<< [apiv2][body] GET https://cloudfunctions.googleapis.com/v2/projects/blog-ca662/locations/us-central1/operations/operation-1767909479913-647e7808b96df-ce4d8597-58a5e5f3 {"name":"projects/blog-ca662/locations/us-central1/operations/operation-1767909479913-647e7808b96df-ce4d8597-58a5e5f3","metadata":{"@type":"type.googleapis.com/google.cloud.functions.v2.OperationMetadata","createTime":"2026-01-08T21:58:00.762922284Z","endTime":"2026-01-08T22:00:36.042633067Z","target":"projects/blog-ca662/locations/us-central1/functions/ssrblogca662","verb":"update","cancelRequested":false,"apiVersion":"v2","requestResource":{"@type":"type.googleapis.com/google.cloud.functions.v2.Function","name":"projects/blog-ca662/locations/us-central1/functions/ssrblogca662","buildConfig":{"runtime":"nodejs20","entryPoint":"ssrblogca662","source":{"storageSource":{"bucket":"gcf-v2-sources-284614412812-us-central1","object":"ssrblogca662/function-source.zip","generation":"1767909480701365"}},"environmentVariables":{"GOOGLE_NODE_RUN_SCRIPTS":""},"dockerRepository":"projects/blog-ca662/locations/us-central1/repositories/gcf-artifacts","sourceProvenance":{"resolvedStorageSource":{"bucket":"gcf-v2-sources-284614412812-us-central1","object":"ssrblogca662/function-source.zip","generation":"1736828886967681"}},"dockerRegistry":"ARTIFACT_REGISTRY","serviceAccount":"projects/blog-ca662/serviceAccounts/284614412812-compute@developer.gserviceaccount.com","automaticUpdatePolicy":{}},"serviceConfig":{"service":"projects/blog-ca662/locations/us-central1/services/ssrblogca662","timeoutSeconds":60,"environmentVariables":{"VERCEL_URL":"blog-ca662.web.app","__FIREBASE_FRAMEWORKS_ENTRY__":"next.js","__FIREBASE_DEFAULTS__":"{\"config\":{\"projectId\":\"blog-ca662\",\"appId\":\"1:284614412812:web:1c1ccb42f7e0870875fc29\",\"storageBucket\":\"blog-ca662.appspot.com\",\"locationId\":\"us-central\",\"apiKey\":\"AIzaSyAvvbq7egmHbW1z6wy8N-0aNeKOUg1a0Q8\",\"authDomain\":\"blog-ca662.firebaseapp.com\",\"messagingSenderId\":\"284614412812\",\"measurementId\":\"G-R62489Y36G\",\"projectNumber\":\"284614412812\",\"version\":\"2\"},\"_authTokenSyncURL\":\"/__session\"}","FIREBASE_CONFIG":"{\"projectId\":\"blog-ca662\",\"storageBucket\":\"blog-ca662.appspot.com\",\"locationId\":\"us-central\"}","GCLOUD_PROJECT":"blog-ca662","EVENTARC_CLOUD_EVENT_SOURCE":"projects/blog-ca662/locations/us-central1/services/ssrblogca662","FUNCTION_TARGET":"ssrblogca662","LOG_EXECUTION_ID":"true"},"ingressSettings":"ALLOW_ALL","uri":"https://ssrblogca662-jfo7awey6a-uc.a.run.app","serviceAccountEmail":"284614412812-compute@developer.gserviceaccount.com","availableMemory":"256Mi","allTrafficOnLatestRevision":true,"revision":"ssrblogca662-00049-jak","maxInstanceRequestConcurrency":80,"availableCpu":"1"},"state":"ACTIVE","labels":{"deployment-tool":"cli-firebase","firebase-functions-codebase":"firebase-frameworks-blog-ca662","firebase-functions-hash":"3035f0f240ad132446f14cec3f6f98ec5be46102"},"environment":"GEN_2","url":"https://us-central1-blog-ca662.cloudfunctions.net/ssrblogca662","satisfiesPzi":true},"stages":[{"name":"SERVICE","state":"NOT_STARTED"}],"operationType":"UPDATE_FUNCTION"},"done":true,"error":{"code":3,"message":"Build failed with status: FAILURE and message: npm warn ERESOLVE overriding peer dependency\nnpm warn While resolving: @sanity/insert-menu@1.1.13\nnpm warn Found: react-is@18.2.0\nnpm warn node_modules/react-is\nnpm warn   peer react-is@\"^18\" from @sanity/ui@1.9.3\nnpm warn   node_modules/@sanity/code-input/node_modules/@sanity/ui\nnpm warn     @sanity/ui@\"^1.0.0\" from @sanity/code-input@4.1.4\nnpm warn     node_modules/@sanity/code-input\nnpm warn   3 more (@sanity/ui, sanity, @sanity/ui)\nnpm warn\nnpm warn Could not resolve dependency:\nnpm warn peer react-is@\"^18.3 || >=19.0.0-rc\" from @sanity/insert-menu@1.1.13\nnpm warn node_modules/@sanity/insert-menu\nnpm warn   @sanity/insert-menu@\"^1.1.12\" from sanity@3.99.0\nnpm warn   node_modules/sanity\nnpm warn\nnpm warn Conflicting peer dependency: react-is@19.2.3\nnpm warn node_modules/react-is\nnpm warn   peer react-is@\"^18.3 || >=19.0.0-rc\" from @sanity/insert-menu@1.1.13\nnpm warn   node_modules/@sanity/insert-menu\nnpm warn     @sanity/insert-menu@\"^1.1.12\" from sanity@3.99.0\nnpm warn     node_modules/sanity\nnpm warn ERESOLVE overriding peer dependency\nnpm warn While resolving: @sanity/preview-url-secret@2.1.16\nnpm warn Found: @sanity/client@6.29.1\nnpm warn node_modules/@sanity/client\nnpm warn   @sanity/client@\"^6.29.1\" from the root project\nnpm warn   7 more (@sanity/export, @sanity/types, @sanity/util, ...)\nnpm warn\nnpm warn Could not resolve dependency:\nnpm warn peer @sanity/client@\"^7.12.0\" from @sanity/preview-url-secret@2.1.16\nnpm warn node_modules/@sanity/preview-url-secret\nnpm warn   @sanity/preview-url-secret@\"^2.1.11\" from sanity@3.99.0\nnpm warn\nnpm warn Conflicting peer dependency: @sanity/client@7.14.0\nnpm warn node_modules/@sanity/client\nnpm warn   peer @sanity/client@\"^7.12.0\" from @sanity/preview-url-secret@2.1.16\nnpm warn   node_modules/@sanity/preview-url-secret\nnpm warn     @sanity/preview-url-secret@\"^2.1.11\" from sanity@3.99.0\nnpm warn ERESOLVE overriding peer dependency\nnpm warn While resolving: @sanity/visual-editing-types@1.1.8\nnpm warn Found: @sanity/client@6.29.1\nnpm warn node_modules/@sanity/client\nnpm warn   @sanity/client@\"^6.29.1\" from the root project\nnpm warn   7 more (@sanity/export, @sanity/types, @sanity/util, ...)\nnpm warn\nnpm warn Could not resolve dependency:\nnpm warn peer @sanity/client@\"^7.11.2\" from @sanity/visual-editing-types@1.1.8\nnpm warn node_modules/@sanity/visual-editing-types\nnpm warn   @sanity/visual-editing-types@\"^1.1.6\" from @sanity/presentation-comlink@1.0.33\nnpm warn   node_modules/@sanity/presentation-comlink\nnpm warn\nnpm warn Conflicting peer dependency: @sanity/client@7.14.0\nnpm warn node_modules/@sanity/client\nnpm warn   peer @sanity/client@\"^7.11.2\" from @sanity/visual-editing-types@1.1.8\nnpm warn   node_modules/@sanity/visual-editing-types\nnpm warn     @sanity/visual-editing-types@\"^1.1.6\" from @sanity/presentation-comlink@1.0.33\nnpm warn     node_modules/@sanity/presentation-comlink\nnpm error code ERESOLVE\nnpm error ERESOLVE could not resolve\nnpm error\nnpm error While resolving: next-sanity@7.0.12\nnpm error Found: next@15.5.9\nnpm error node_modules/next\nnpm error   next@\"^15.1.6\" from the root project\nnpm error   peer next@\"^8.1.1-canary.54 || >=9.0.0\" from next-seo@6.8.0\nnpm error   node_modules/next-seo\nnpm error     next-seo@\"^6.4.0\" from the root project\nnpm error   2 more (next-sitemap, next-themes)\nnpm error\nnpm error Could not resolve dependency:\nnpm error peer next@\"^14.1\" from next-sanity@7.0.12\nnpm error node_modules/next-sanity\nnpm error   next-sanity@\"^7.0.12\" from the root project\nnpm error\nnpm error Conflicting peer dependency: next@14.2.35\nnpm error node_modules/next\nnpm error   peer next@\"^14.1\" from next-sanity@7.0.12\nnpm error   node_modules/next-sanity\nnpm error     next-sanity@\"^7.0.12\" from the root project\nnpm error\nnpm error Fix the upstream dependency conflict, or retry\nnpm error this command with --force or --legacy-peer-deps\nnpm error to accept an incorrect (and potentially broken) dependency resolution.\nnpm error\nnpm error\nnpm error For a full report see:\nnpm error /www-data-home/.npm/_logs/2026-01-08T22_00_03_913Z-eresolve-report.txt\nnpm error A complete log of this run can be found in: /www-data-home/.npm/_logs/2026-01-08T22_00_03_913Z-debug-0.log. For more details see the logs at https://console.cloud.google.com/cloud-build/builds;region=us-central1/05b0f0e5-0c80-4987-8313-a742c75b3e34?project=284614412812."}}
[debug] [2026-01-08T22:00:39.909Z] Got source token undefined for region us-central1
[error] Build failed with status: FAILURE and message: npm warn ERESOLVE overriding peer dependency
npm warn While resolving: @sanity/insert-menu@1.1.13
npm warn Found: react-is@18.2.0
npm warn node_modules/react-is
npm warn   peer react-is@"^18" from @sanity/ui@1.9.3
npm warn   node_modules/@sanity/code-input/node_modules/@sanity/ui
npm warn     @sanity/ui@"^1.0.0" from @sanity/code-input@4.1.4
npm warn     node_modules/@sanity/code-input
npm warn   3 more (@sanity/ui, sanity, @sanity/ui)
npm warn
npm warn Could not resolve dependency:
npm warn peer react-is@"^18.3 || >=19.0.0-rc" from @sanity/insert-menu@1.1.13
npm warn node_modules/@sanity/insert-menu
npm warn   @sanity/insert-menu@"^1.1.12" from sanity@3.99.0
npm warn   node_modules/sanity
npm warn
npm warn Conflicting peer dependency: react-is@19.2.3
npm warn node_modules/react-is
npm warn   peer react-is@"^18.3 || >=19.0.0-rc" from @sanity/insert-menu@1.1.13
npm warn   node_modules/@sanity/insert-menu
npm warn     @sanity/insert-menu@"^1.1.12" from sanity@3.99.0
npm warn     node_modules/sanity
npm warn ERESOLVE overriding peer dependency
npm warn While resolving: @sanity/preview-url-secret@2.1.16
npm warn Found: @sanity/client@6.29.1
npm warn node_modules/@sanity/client
npm warn   @sanity/client@"^6.29.1" from the root project
npm warn   7 more (@sanity/export, @sanity/types, @sanity/util, ...)
npm warn
npm warn Could not resolve dependency:
npm warn peer @sanity/client@"^7.12.0" from @sanity/preview-url-secret@2.1.16
npm warn node_modules/@sanity/preview-url-secret
npm warn   @sanity/preview-url-secret@"^2.1.11" from sanity@3.99.0
npm warn
npm warn Conflicting peer dependency: @sanity/client@7.14.0
npm warn node_modules/@sanity/client
npm warn   peer @sanity/client@"^7.12.0" from @sanity/preview-url-secret@2.1.16
npm warn   node_modules/@sanity/preview-url-secret
npm warn     @sanity/preview-url-secret@"^2.1.11" from sanity@3.99.0
npm warn ERESOLVE overriding peer dependency
npm warn While resolving: @sanity/visual-editing-types@1.1.8
npm warn Found: @sanity/client@6.29.1
npm warn node_modules/@sanity/client
npm warn   @sanity/client@"^6.29.1" from the root project
npm warn   7 more (@sanity/export, @sanity/types, @sanity/util, ...)
npm warn
npm warn Could not resolve dependency:
npm warn peer @sanity/client@"^7.11.2" from @sanity/visual-editing-types@1.1.8
npm warn node_modules/@sanity/visual-editing-types
npm warn   @sanity/visual-editing-types@"^1.1.6" from @sanity/presentation-comlink@1.0.33
npm warn   node_modules/@sanity/presentation-comlink
npm warn
npm warn Conflicting peer dependency: @sanity/client@7.14.0
npm warn node_modules/@sanity/client
npm warn   peer @sanity/client@"^7.11.2" from @sanity/visual-editing-types@1.1.8
npm warn   node_modules/@sanity/visual-editing-types
npm warn     @sanity/visual-editing-types@"^1.1.6" from @sanity/presentation-comlink@1.0.33
npm warn     node_modules/@sanity/presentation-comlink
npm error code ERESOLVE
npm error ERESOLVE could not resolve
npm error
npm error While resolving: next-sanity@7.0.12
npm error Found: next@15.5.9
npm error node_modules/next
npm error   next@"^15.1.6" from the root project
npm error   peer next@"^8.1.1-canary.54 || >=9.0.0" from next-seo@6.8.0
npm error   node_modules/next-seo
npm error     next-seo@"^6.4.0" from the root project
npm error   2 more (next-sitemap, next-themes)
npm error
npm error Could not resolve dependency:
npm error peer next@"^14.1" from next-sanity@7.0.12
npm error node_modules/next-sanity
npm error   next-sanity@"^7.0.12" from the root project
npm error
npm error Conflicting peer dependency: next@14.2.35
npm error node_modules/next
npm error   peer next@"^14.1" from next-sanity@7.0.12
npm error   node_modules/next-sanity
npm error     next-sanity@"^7.0.12" from the root project
npm error
npm error Fix the upstream dependency conflict, or retry
npm error this command with --force or --legacy-peer-deps
npm error to accept an incorrect (and potentially broken) dependency resolution.
npm error
npm error
npm error For a full report see:
npm error /www-data-home/.npm/_logs/2026-01-08T22_00_03_913Z-eresolve-report.txt
npm error A complete log of this run can be found in: /www-data-home/.npm/_logs/2026-01-08T22_00_03_913Z-debug-0.log. For more details see the logs at https://console.cloud.google.com/cloud-build/builds;region=us-central1/05b0f0e5-0c80-4987-8313-a742c75b3e34?project=284614412812.
[debug] [2026-01-08T22:00:39.919Z] Total Function Deployment time: 164714
[debug] [2026-01-08T22:00:39.919Z] 1 Functions Deployed
[debug] [2026-01-08T22:00:39.919Z] 1 Functions Errored
[debug] [2026-01-08T22:00:39.919Z] 0 Function Deployments Aborted
[debug] [2026-01-08T22:00:39.919Z] Average Function Deployment time: 164711
[info] 
[info] Functions deploy had errors with the following functions:
	firebase-frameworks-blog-ca662:ssrblogca662(us-central1)
[debug] [2026-01-08T22:00:40.279Z] Not printing URL for HTTPS function. Typically this means it didn't match a filter or we failed deployment
[info] i  functions: cleaning up build files... 
[debug] [2026-01-08T22:00:40.280Z] Checked if tokens are valid: true, expires at: 1767913155592
[debug] [2026-01-08T22:00:40.280Z] Checked if tokens are valid: true, expires at: 1767913155592
[debug] [2026-01-08T22:00:40.281Z] Checked if tokens are valid: true, expires at: 1767913155592
[debug] [2026-01-08T22:00:40.281Z] Checked if tokens are valid: true, expires at: 1767913155592
[debug] [2026-01-08T22:00:40.281Z] >>> [apiv2][query] DELETE https://artifactregistry.googleapis.com/v1beta2/projects/blog-ca662/locations/us-central1/repositories/gcf-artifacts/packages/ssrblogca662 [none]
[debug] [2026-01-08T22:00:40.282Z] >>> [apiv2][query] GET https://us.gcr.io/v2/blog-ca662/gcf/us-central1/tags/list [none]
[debug] [2026-01-08T22:00:40.737Z] <<< [apiv2][status] GET https://us.gcr.io/v2/blog-ca662/gcf/us-central1/tags/list 404
[debug] [2026-01-08T22:00:40.737Z] <<< [apiv2][body] GET https://us.gcr.io/v2/blog-ca662/gcf/us-central1/tags/list {"errors":[{"code":"NAME_UNKNOWN","message":"Repository \"us.gcr.io\" not found"}]}
[debug] [2026-01-08T22:00:40.739Z] Failed docker command with error  Request to https://us.gcr.io/v2/blog-ca662/gcf/us-central1/tags/list had HTTP Error: 404, Not Found {"name":"FirebaseError","children":[],"context":{"body":{"errors":[{"code":"NAME_UNKNOWN","message":"Repository \"us.gcr.io\" not found"}],"error":{"message":"Not Found"}},"response":{"statusCode":404}},"exit":1,"message":"Request to https://us.gcr.io/v2/blog-ca662/gcf/us-central1/tags/list had HTTP Error: 404, Not Found","status":404}
[debug] [2026-01-08T22:00:40.745Z] Checked if tokens are valid: true, expires at: 1767913155592
[debug] [2026-01-08T22:00:40.745Z] Checked if tokens are valid: true, expires at: 1767913155592
[debug] [2026-01-08T22:00:40.745Z] >>> [apiv2][query] GET https://us.gcr.io/v2/blog-ca662/gcf/us-central1/tags/list [none]
[debug] [2026-01-08T22:00:40.784Z] <<< [apiv2][status] DELETE https://artifactregistry.googleapis.com/v1beta2/projects/blog-ca662/locations/us-central1/repositories/gcf-artifacts/packages/ssrblogca662 404
[debug] [2026-01-08T22:00:40.784Z] <<< [apiv2][body] DELETE https://artifactregistry.googleapis.com/v1beta2/projects/blog-ca662/locations/us-central1/repositories/gcf-artifacts/packages/ssrblogca662 {"error":{"code":404,"message":"Package \"projects/blog-ca662/locations/us-central1/repositories/gcf-artifacts/packages/ssrblogca662\" was not found.","status":"NOT_FOUND"}}
[debug] [2026-01-08T22:00:40.922Z] <<< [apiv2][status] GET https://us.gcr.io/v2/blog-ca662/gcf/us-central1/tags/list 404
[debug] [2026-01-08T22:00:40.923Z] <<< [apiv2][body] GET https://us.gcr.io/v2/blog-ca662/gcf/us-central1/tags/list {"errors":[{"code":"NAME_UNKNOWN","message":"Repository \"us.gcr.io\" not found"}]}
[debug] [2026-01-08T22:00:40.923Z] Failed docker command with error  Request to https://us.gcr.io/v2/blog-ca662/gcf/us-central1/tags/list had HTTP Error: 404, Not Found {"name":"FirebaseError","children":[],"context":{"body":{"errors":[{"code":"NAME_UNKNOWN","message":"Repository \"us.gcr.io\" not found"}],"error":{"message":"Not Found"}},"response":{"statusCode":404}},"exit":1,"message":"Request to https://us.gcr.io/v2/blog-ca662/gcf/us-central1/tags/list had HTTP Error: 404, Not Found","status":404}
[debug] [2026-01-08T22:00:41.025Z] Checked if tokens are valid: true, expires at: 1767913155592
[debug] [2026-01-08T22:00:41.026Z] Checked if tokens are valid: true, expires at: 1767913155592
[debug] [2026-01-08T22:00:41.026Z] >>> [apiv2][query] GET https://us.gcr.io/v2/blog-ca662/gcf/us-central1/tags/list [none]
[debug] [2026-01-08T22:00:41.202Z] <<< [apiv2][status] GET https://us.gcr.io/v2/blog-ca662/gcf/us-central1/tags/list 404
[debug] [2026-01-08T22:00:41.202Z] <<< [apiv2][body] GET https://us.gcr.io/v2/blog-ca662/gcf/us-central1/tags/list {"errors":[{"code":"NAME_UNKNOWN","message":"Repository \"us.gcr.io\" not found"}]}
[debug] [2026-01-08T22:00:41.202Z] Failed docker command with error  Request to https://us.gcr.io/v2/blog-ca662/gcf/us-central1/tags/list had HTTP Error: 404, Not Found {"name":"FirebaseError","children":[],"context":{"body":{"errors":[{"code":"NAME_UNKNOWN","message":"Repository \"us.gcr.io\" not found"}],"error":{"message":"Not Found"}},"response":{"statusCode":404}},"exit":1,"message":"Request to https://us.gcr.io/v2/blog-ca662/gcf/us-central1/tags/list had HTTP Error: 404, Not Found","status":404}
[warn] !  functions: Unhandled error cleaning up build images. This could result in a small monthly bill if not corrected. You can attempt to delete these images by redeploying or you can delete them manually at https://console.cloud.google.com/gcr/images/blog-ca662/us/gcf 
[debug] [2026-01-08T22:00:41.203Z] Functions deploy failed.
[debug] [2026-01-08T22:00:41.203Z] {
  "endpoint": {
    "id": "ssrblogca662",
    "project": "blog-ca662",
    "region": "us-central1",
    "entryPoint": "ssrblogca662",
    "platform": "gcfv2",
    "runtime": "nodejs20",
    "httpsTrigger": {},
    "labels": {
      "deployment-tool": "cli-firebase"
    },
    "ingressSettings": null,
    "availableMemoryMb": null,
    "serviceAccount": null,
    "timeoutSeconds": null,
    "maxInstances": null,
    "minInstances": null,
    "concurrency": 80,
    "vpc": null,
    "environmentVariables": {
      "VERCEL_URL": "blog-ca662.web.app",
      "__FIREBASE_FRAMEWORKS_ENTRY__": "next.js",
      "__FIREBASE_DEFAULTS__": "{\"config\":{\"projectId\":\"blog-ca662\",\"appId\":\"1:284614412812:web:1c1ccb42f7e0870875fc29\",\"storageBucket\":\"blog-ca662.appspot.com\",\"locationId\":\"us-central\",\"apiKey\":\"AIzaSyAvvbq7egmHbW1z6wy8N-0aNeKOUg1a0Q8\",\"authDomain\":\"blog-ca662.firebaseapp.com\",\"messagingSenderId\":\"284614412812\",\"measurementId\":\"G-R62489Y36G\",\"projectNumber\":\"284614412812\",\"version\":\"2\"},\"_authTokenSyncURL\":\"/__session\"}",
      "FIREBASE_CONFIG": "{\"projectId\":\"blog-ca662\",\"storageBucket\":\"blog-ca662.appspot.com\",\"locationId\":\"us-central\"}",
      "GCLOUD_PROJECT": "blog-ca662",
      "EVENTARC_CLOUD_EVENT_SOURCE": "projects/blog-ca662/locations/us-central1/services/ssrblogca662"
    },
    "codebase": "firebase-frameworks-blog-ca662",
    "runServiceId": "ssrblogca662",
    "cpu": 1,
    "securityLevel": "SECURE_ALWAYS",
    "targetedByOnly": false,
    "hash": "3035f0f240ad132446f14cec3f6f98ec5be46102"
  },
  "op": "update",
  "original": {
    "name": "FirebaseError",
    "children": [],
    "exit": 1,
    "message": "Build failed with status: FAILURE and message: npm warn ERESOLVE overriding peer dependency\nnpm warn While resolving: @sanity/insert-menu@1.1.13\nnpm warn Found: react-is@18.2.0\nnpm warn node_modules/react-is\nnpm warn   peer react-is@\"^18\" from @sanity/ui@1.9.3\nnpm warn   node_modules/@sanity/code-input/node_modules/@sanity/ui\nnpm warn     @sanity/ui@\"^1.0.0\" from @sanity/code-input@4.1.4\nnpm warn     node_modules/@sanity/code-input\nnpm warn   3 more (@sanity/ui, sanity, @sanity/ui)\nnpm warn\nnpm warn Could not resolve dependency:\nnpm warn peer react-is@\"^18.3 || >=19.0.0-rc\" from @sanity/insert-menu@1.1.13\nnpm warn node_modules/@sanity/insert-menu\nnpm warn   @sanity/insert-menu@\"^1.1.12\" from sanity@3.99.0\nnpm warn   node_modules/sanity\nnpm warn\nnpm warn Conflicting peer dependency: react-is@19.2.3\nnpm warn node_modules/react-is\nnpm warn   peer react-is@\"^18.3 || >=19.0.0-rc\" from @sanity/insert-menu@1.1.13\nnpm warn   node_modules/@sanity/insert-menu\nnpm warn     @sanity/insert-menu@\"^1.1.12\" from sanity@3.99.0\nnpm warn     node_modules/sanity\nnpm warn ERESOLVE overriding peer dependency\nnpm warn While resolving: @sanity/preview-url-secret@2.1.16\nnpm warn Found: @sanity/client@6.29.1\nnpm warn node_modules/@sanity/client\nnpm warn   @sanity/client@\"^6.29.1\" from the root project\nnpm warn   7 more (@sanity/export, @sanity/types, @sanity/util, ...)\nnpm warn\nnpm warn Could not resolve dependency:\nnpm warn peer @sanity/client@\"^7.12.0\" from @sanity/preview-url-secret@2.1.16\nnpm warn node_modules/@sanity/preview-url-secret\nnpm warn   @sanity/preview-url-secret@\"^2.1.11\" from sanity@3.99.0\nnpm warn\nnpm warn Conflicting peer dependency: @sanity/client@7.14.0\nnpm warn node_modules/@sanity/client\nnpm warn   peer @sanity/client@\"^7.12.0\" from @sanity/preview-url-secret@2.1.16\nnpm warn   node_modules/@sanity/preview-url-secret\nnpm warn     @sanity/preview-url-secret@\"^2.1.11\" from sanity@3.99.0\nnpm warn ERESOLVE overriding peer dependency\nnpm warn While resolving: @sanity/visual-editing-types@1.1.8\nnpm warn Found: @sanity/client@6.29.1\nnpm warn node_modules/@sanity/client\nnpm warn   @sanity/client@\"^6.29.1\" from the root project\nnpm warn   7 more (@sanity/export, @sanity/types, @sanity/util, ...)\nnpm warn\nnpm warn Could not resolve dependency:\nnpm warn peer @sanity/client@\"^7.11.2\" from @sanity/visual-editing-types@1.1.8\nnpm warn node_modules/@sanity/visual-editing-types\nnpm warn   @sanity/visual-editing-types@\"^1.1.6\" from @sanity/presentation-comlink@1.0.33\nnpm warn   node_modules/@sanity/presentation-comlink\nnpm warn\nnpm warn Conflicting peer dependency: @sanity/client@7.14.0\nnpm warn node_modules/@sanity/client\nnpm warn   peer @sanity/client@\"^7.11.2\" from @sanity/visual-editing-types@1.1.8\nnpm warn   node_modules/@sanity/visual-editing-types\nnpm warn     @sanity/visual-editing-types@\"^1.1.6\" from @sanity/presentation-comlink@1.0.33\nnpm warn     node_modules/@sanity/presentation-comlink\nnpm error code ERESOLVE\nnpm error ERESOLVE could not resolve\nnpm error\nnpm error While resolving: next-sanity@7.0.12\nnpm error Found: next@15.5.9\nnpm error node_modules/next\nnpm error   next@\"^15.1.6\" from the root project\nnpm error   peer next@\"^8.1.1-canary.54 || >=9.0.0\" from next-seo@6.8.0\nnpm error   node_modules/next-seo\nnpm error     next-seo@\"^6.4.0\" from the root project\nnpm error   2 more (next-sitemap, next-themes)\nnpm error\nnpm error Could not resolve dependency:\nnpm error peer next@\"^14.1\" from next-sanity@7.0.12\nnpm error node_modules/next-sanity\nnpm error   next-sanity@\"^7.0.12\" from the root project\nnpm error\nnpm error Conflicting peer dependency: next@14.2.35\nnpm error node_modules/next\nnpm error   peer next@\"^14.1\" from next-sanity@7.0.12\nnpm error   node_modules/next-sanity\nnpm error     next-sanity@\"^7.0.12\" from the root project\nnpm error\nnpm error Fix the upstream dependency conflict, or retry\nnpm error this command with --force or --legacy-peer-deps\nnpm error to accept an incorrect (and potentially broken) dependency resolution.\nnpm error\nnpm error\nnpm error For a full report see:\nnpm error /www-data-home/.npm/_logs/2026-01-08T22_00_03_913Z-eresolve-report.txt\nnpm error A complete log of this run can be found in: /www-data-home/.npm/_logs/2026-01-08T22_00_03_913Z-debug-0.log. For more details see the logs at https://console.cloud.google.com/cloud-build/builds;region=us-central1/05b0f0e5-0c80-4987-8313-a742c75b3e34?project=284614412812.",
    "original": {
      "code": 3,
      "message": "Build failed with status: FAILURE and message: npm warn ERESOLVE overriding peer dependency\nnpm warn While resolving: @sanity/insert-menu@1.1.13\nnpm warn Found: react-is@18.2.0\nnpm warn node_modules/react-is\nnpm warn   peer react-is@\"^18\" from @sanity/ui@1.9.3\nnpm warn   node_modules/@sanity/code-input/node_modules/@sanity/ui\nnpm warn     @sanity/ui@\"^1.0.0\" from @sanity/code-input@4.1.4\nnpm warn     node_modules/@sanity/code-input\nnpm warn   3 more (@sanity/ui, sanity, @sanity/ui)\nnpm warn\nnpm warn Could not resolve dependency:\nnpm warn peer react-is@\"^18.3 || >=19.0.0-rc\" from @sanity/insert-menu@1.1.13\nnpm warn node_modules/@sanity/insert-menu\nnpm warn   @sanity/insert-menu@\"^1.1.12\" from sanity@3.99.0\nnpm warn   node_modules/sanity\nnpm warn\nnpm warn Conflicting peer dependency: react-is@19.2.3\nnpm warn node_modules/react-is\nnpm warn   peer react-is@\"^18.3 || >=19.0.0-rc\" from @sanity/insert-menu@1.1.13\nnpm warn   node_modules/@sanity/insert-menu\nnpm warn     @sanity/insert-menu@\"^1.1.12\" from sanity@3.99.0\nnpm warn     node_modules/sanity\nnpm warn ERESOLVE overriding peer dependency\nnpm warn While resolving: @sanity/preview-url-secret@2.1.16\nnpm warn Found: @sanity/client@6.29.1\nnpm warn node_modules/@sanity/client\nnpm warn   @sanity/client@\"^6.29.1\" from the root project\nnpm warn   7 more (@sanity/export, @sanity/types, @sanity/util, ...)\nnpm warn\nnpm warn Could not resolve dependency:\nnpm warn peer @sanity/client@\"^7.12.0\" from @sanity/preview-url-secret@2.1.16\nnpm warn node_modules/@sanity/preview-url-secret\nnpm warn   @sanity/preview-url-secret@\"^2.1.11\" from sanity@3.99.0\nnpm warn\nnpm warn Conflicting peer dependency: @sanity/client@7.14.0\nnpm warn node_modules/@sanity/client\nnpm warn   peer @sanity/client@\"^7.12.0\" from @sanity/preview-url-secret@2.1.16\nnpm warn   node_modules/@sanity/preview-url-secret\nnpm warn     @sanity/preview-url-secret@\"^2.1.11\" from sanity@3.99.0\nnpm warn ERESOLVE overriding peer dependency\nnpm warn While resolving: @sanity/visual-editing-types@1.1.8\nnpm warn Found: @sanity/client@6.29.1\nnpm warn node_modules/@sanity/client\nnpm warn   @sanity/client@\"^6.29.1\" from the root project\nnpm warn   7 more (@sanity/export, @sanity/types, @sanity/util, ...)\nnpm warn\nnpm warn Could not resolve dependency:\nnpm warn peer @sanity/client@\"^7.11.2\" from @sanity/visual-editing-types@1.1.8\nnpm warn node_modules/@sanity/visual-editing-types\nnpm warn   @sanity/visual-editing-types@\"^1.1.6\" from @sanity/presentation-comlink@1.0.33\nnpm warn   node_modules/@sanity/presentation-comlink\nnpm warn\nnpm warn Conflicting peer dependency: @sanity/client@7.14.0\nnpm warn node_modules/@sanity/client\nnpm warn   peer @sanity/client@\"^7.11.2\" from @sanity/visual-editing-types@1.1.8\nnpm warn   node_modules/@sanity/visual-editing-types\nnpm warn     @sanity/visual-editing-types@\"^1.1.6\" from @sanity/presentation-comlink@1.0.33\nnpm warn     node_modules/@sanity/presentation-comlink\nnpm error code ERESOLVE\nnpm error ERESOLVE could not resolve\nnpm error\nnpm error While resolving: next-sanity@7.0.12\nnpm error Found: next@15.5.9\nnpm error node_modules/next\nnpm error   next@\"^15.1.6\" from the root project\nnpm error   peer next@\"^8.1.1-canary.54 || >=9.0.0\" from next-seo@6.8.0\nnpm error   node_modules/next-seo\nnpm error     next-seo@\"^6.4.0\" from the root project\nnpm error   2 more (next-sitemap, next-themes)\nnpm error\nnpm error Could not resolve dependency:\nnpm error peer next@\"^14.1\" from next-sanity@7.0.12\nnpm error node_modules/next-sanity\nnpm error   next-sanity@\"^7.0.12\" from the root project\nnpm error\nnpm error Conflicting peer dependency: next@14.2.35\nnpm error node_modules/next\nnpm error   peer next@\"^14.1\" from next-sanity@7.0.12\nnpm error   node_modules/next-sanity\nnpm error     next-sanity@\"^7.0.12\" from the root project\nnpm error\nnpm error Fix the upstream dependency conflict, or retry\nnpm error this command with --force or --legacy-peer-deps\nnpm error to accept an incorrect (and potentially broken) dependency resolution.\nnpm error\nnpm error\nnpm error For a full report see:\nnpm error /www-data-home/.npm/_logs/2026-01-08T22_00_03_913Z-eresolve-report.txt\nnpm error A complete log of this run can be found in: /www-data-home/.npm/_logs/2026-01-08T22_00_03_913Z-debug-0.log. For more details see the logs at https://console.cloud.google.com/cloud-build/builds;region=us-central1/05b0f0e5-0c80-4987-8313-a742c75b3e34?project=284614412812."
    },
    "status": 3,
    "code": 3
  }
}
[debug] [2026-01-08T22:00:41.289Z] Error: Failed to update function ssrblogca662 in region us-central1
    at C:\Users\rodri\AppData\Roaming\npm\node_modules\firebase-tools\lib\deploy\functions\release\fabricator.js:399:19
    at process.processTicksAndRejections (node:internal/process/task_queues:95:5)
    at async Fabricator.updateV2Function (C:\Users\rodri\AppData\Roaming\npm\node_modules\firebase-tools\lib\deploy\functions\release\fabricator.js:388:32)
    at async Fabricator.updateEndpoint (C:\Users\rodri\AppData\Roaming\npm\node_modules\firebase-tools\lib\deploy\functions\release\fabricator.js:155:13)
    at async handle (C:\Users\rodri\AppData\Roaming\npm\node_modules\firebase-tools\lib\deploy\functions\release\fabricator.js:89:17)
[error] 
[error] Error: There was an error deploying functions
[debug] [2026-01-08T22:11:41.574Z] ----------------------------------------------------------------------
[debug] [2026-01-08T22:11:41.578Z] Command:       C:\nvm4w\nodejs\node.exe C:\Users\rodri\AppData\Roaming\npm\node_modules\firebase-tools\lib\bin\firebase.js deploy
[debug] [2026-01-08T22:11:41.579Z] CLI Version:   13.34.0
[debug] [2026-01-08T22:11:41.579Z] Platform:      win32
[debug] [2026-01-08T22:11:41.579Z] Node Version:  v20.12.2
[debug] [2026-01-08T22:11:41.579Z] Time:          Thu Jan 08 2026 16:11:41 GMT-0600 (hora estándar central)
[debug] [2026-01-08T22:11:41.580Z] ----------------------------------------------------------------------
[debug] 
[debug] [2026-01-08T22:11:41.997Z] > command requires scopes: ["email","openid","https://www.googleapis.com/auth/cloudplatformprojects.readonly","https://www.googleapis.com/auth/firebase","https://www.googleapis.com/auth/cloud-platform"]
[debug] [2026-01-08T22:11:41.998Z] > authorizing via signed-in user (revelacionesdecaroweb@gmail.com)
[debug] [2026-01-08T22:11:41.998Z] [iam] checking project blog-ca662 for permissions ["datastore.indexes.create","datastore.indexes.delete","datastore.indexes.list","datastore.indexes.update","firebase.projects.get","firebasehosting.sites.update","firebaserules.releases.create","firebaserules.releases.update","firebaserules.rulesets.create"]
[debug] [2026-01-08T22:11:42.002Z] Checked if tokens are valid: true, expires at: 1767913155592
[debug] [2026-01-08T22:11:42.003Z] Checked if tokens are valid: true, expires at: 1767913155592
[debug] [2026-01-08T22:11:42.006Z] >>> [apiv2][query] POST https://cloudresourcemanager.googleapis.com/v1/projects/blog-ca662:testIamPermissions [none]
[debug] [2026-01-08T22:11:42.007Z] >>> [apiv2][(partial)header] POST https://cloudresourcemanager.googleapis.com/v1/projects/blog-ca662:testIamPermissions x-goog-quota-user=projects/blog-ca662
[debug] [2026-01-08T22:11:42.011Z] >>> [apiv2][body] POST https://cloudresourcemanager.googleapis.com/v1/projects/blog-ca662:testIamPermissions {"permissions":["datastore.indexes.create","datastore.indexes.delete","datastore.indexes.list","datastore.indexes.update","firebase.projects.get","firebasehosting.sites.update","firebaserules.releases.create","firebaserules.releases.update","firebaserules.rulesets.create"]}
[debug] [2026-01-08T22:11:42.526Z] <<< [apiv2][status] POST https://cloudresourcemanager.googleapis.com/v1/projects/blog-ca662:testIamPermissions 200
[debug] [2026-01-08T22:11:42.526Z] <<< [apiv2][body] POST https://cloudresourcemanager.googleapis.com/v1/projects/blog-ca662:testIamPermissions {"permissions":["datastore.indexes.create","datastore.indexes.delete","datastore.indexes.list","datastore.indexes.update","firebase.projects.get","firebasehosting.sites.update","firebaserules.releases.create","firebaserules.releases.update","firebaserules.rulesets.create"]}
[debug] [2026-01-08T22:11:42.527Z] Checked if tokens are valid: true, expires at: 1767913155592
[debug] [2026-01-08T22:11:42.527Z] Checked if tokens are valid: true, expires at: 1767913155592
[debug] [2026-01-08T22:11:42.528Z] >>> [apiv2][query] GET https://firebase.googleapis.com/v1beta1/projects/blog-ca662 [none]
[debug] [2026-01-08T22:11:42.936Z] <<< [apiv2][status] GET https://firebase.googleapis.com/v1beta1/projects/blog-ca662 200
